AZ4wWG6Rcak_E_005726_005763_A_0003_0006.mp4,167
BLzs5opw8uM_E_003391_003423_A_0013_0016.mp4,167
C5Yfd1IWjmM_E_003005_003043_A_0025_0029.mp4,167
DG7upbhB1bI_E_000790_000825_A_0029_0031.mp4,167
DG7upbhB1bI_E_004686_004725_A_0007_0009.mp4,168
DG7upbhB1bI_E_004686_004725_A_0029_0032.mp4,167
DyZ2qj6x1UE_E_000365_000398_A_0006_0009.mp4,167
DyZ2qj6x1UE_E_000365_000398_A_0011_0013.mp4,168
DyZ2qj6x1UE_E_000886_000920_A_0003_0005.mp4,173
DyZ2qj6x1UE_E_002396_002438_A_0025_0027.mp4,168
DyZ2qj6x1UE_E_002396_002438_A_0032_0034.mp4,168
E3AHJ6-QS8M_E_000742_000780_A_0013_0016.mp4,168
E3AHJ6-QS8M_E_000880_000920_A_0017_0019.mp4,168
E3AHJ6-QS8M_E_001527_001559_A_0009_0011.mp4,168
E3AHJ6-QS8M_E_001641_001687_A_0013_0015.mp4,173
E3AHJ6-QS8M_E_001641_001687_A_0028_0030.mp4,168
E3AHJ6-QS8M_E_001641_001687_A_0035_0038.mp4,168
E3AHJ6-QS8M_E_002444_002486_A_0032_0034.mp4,168
E3AHJ6-QS8M_E_003830_003864_A_0022_0025.mp4,168
EFvDqOF1sCk_E_000493_000529_A_0012_0014.mp4,168
EFvDqOF1sCk_E_000493_000529_A_0024_0026.mp4,168
EKb2MMJSoeI_E_000039_000086_A_0003_0005.mp4,169
EKb2MMJSoeI_E_000257_000291_A_0014_0016.mp4,168
EKb2MMJSoeI_E_000412_000444_A_0003_0006.mp4,168
EKb2MMJSoeI_E_000412_000444_A_0024_0027.mp4,168
EKb2MMJSoeI_E_000592_000629_A_0025_0028.mp4,168
EKb2MMJSoeI_E_001200_001242_A_0014_0017.mp4,168
EKb2MMJSoeI_E_001200_001242_A_0033_0035.mp4,168
FEWTGYiWEaQ_E_000687_000726_A_0011_0014.mp4,163
FEWTGYiWEaQ_E_000687_000726_A_0021_0023.mp4,164
FEWTGYiWEaQ_E_000687_000726_A_0028_0030.mp4,168
FEWTGYiWEaQ_E_000687_000726_A_0031_0033.mp4,167
FEWTGYiWEaQ_E_001323_001360_A_0017_0019.mp4,163
FEWTGYiWEaQ_E_001323_001360_A_0028_0030.mp4,168
FEWTGYiWEaQ_E_001909_001940_A_0003_0005.mp4,171
FEWTGYiWEaQ_E_001909_001940_A_0014_0016.mp4,172
FEWTGYiWEaQ_E_001909_001940_A_0023_0026.mp4,163
FEWTGYiWEaQ_E_002052_002080_A_0003_0005.mp4,171
FEWTGYiWEaQ_E_002052_002080_A_0014_0017.mp4,172
FEWTGYiWEaQ_E_002052_002080_A_0022_0024.mp4,163
FEWTGYiWEaQ_E_002837_002910_A_0050_0052.mp4,163
FEWTGYiWEaQ_E_002837_002910_A_0060_0062.mp4,164
FEWTGYiWEaQ_E_003089_003121_A_0012_0015.mp4,163
FNEeMvHmuEw_E_000355_000414_A_0005_0007.mp4,171
FNEeMvHmuEw_E_000355_000414_A_0007_0009.mp4,172
FNEeMvHmuEw_E_001639_001670_A_0003_0005.mp4,171
FNEeMvHmuEw_E_001639_001670_A_0022_0024.mp4,174
FNEeMvHmuEw_E_001872_001904_A_0003_0005.mp4,163
FNEeMvHmuEw_E_001872_001904_A_0023_0026.mp4,168
FNEeMvHmuEw_E_003564_003614_A_0021_0023.mp4,168
FNEeMvHmuEw_E_003564_003614_A_0041_0044.mp4,167
FNEeMvHmuEw_E_003772_003826_A_0012_0015.mp4,163
FNEeMvHmuEw_E_004000_004054_A_0012_0015.mp4,163
FNEeMvHmuEw_E_004862_004899_A_0024_0026.mp4,172
FNEeMvHmuEw_E_004862_004899_A_0030_0033.mp4,171
GEjRXo8Dvwc_E_000522_000566_A_0003_0005.mp4,173
GEjRXo8Dvwc_E_000522_000566_A_0033_0036.mp4,168
GEjRXo8Dvwc_E_002194_002232_A_0008_0010.mp4,164
GEjRXo8Dvwc_E_002194_002232_A_0020_0023.mp4,163
GEjRXo8Dvwc_E_002486_002522_A_0003_0006.mp4,171
GEjRXo8Dvwc_E_002486_002522_A_0023_0025.mp4,172
GEjRXo8Dvwc_E_002633_002668_A_0006_0008.mp4,163
GEjRXo8Dvwc_E_002633_002668_A_0024_0027.mp4,164
GEjRXo8Dvwc_E_002871_002911_A_0008_0011.mp4,168
GEjRXo8Dvwc_E_002871_002911_A_0025_0028.mp4,163
GEjRXo8Dvwc_E_003311_003350_A_0004_0007.mp4,171
GEjRXo8Dvwc_E_003713_003757_A_0003_0005.mp4,173
GEjRXo8Dvwc_E_003713_003757_A_0013_0015.mp4,174
GEjRXo8Dvwc_E_003713_003757_A_0035_0038.mp4,168
GEjRXo8Dvwc_E_003972_004006_A_0003_0006.mp4,163
GEjRXo8Dvwc_E_003972_004006_A_0020_0022.mp4,164
GEjRXo8Dvwc_E_004317_004354_A_0003_0006.mp4,171
GEjRXo8Dvwc_E_004317_004354_A_0027_0029.mp4,174
GF8D7Dx2mhs_E_001790_001824_A_0029_0031.mp4,163
GF8D7Dx2mhs_E_002035_002071_A_0017_0019.mp4,163
GF8D7Dx2mhs_E_002035_002071_A_0026_0029.mp4,168
GF8D7Dx2mhs_E_002216_002258_A_0003_0005.mp4,171
GF8D7Dx2mhs_E_002216_002258_A_0021_0024.mp4,172
GF8D7Dx2mhs_E_002216_002258_A_0029_0031.mp4,168
GF8D7Dx2mhs_E_002216_002258_A_0031_0033.mp4,164
GF8D7Dx2mhs_E_002216_002258_A_0033_0036.mp4,168
GF8D7Dx2mhs_E_003263_003304_A_0012_0014.mp4,168
GF8D7Dx2mhs_E_003511_003547_A_0003_0005.mp4,171
GF8D7Dx2mhs_E_003511_003547_A_0023_0025.mp4,172
GF8D7Dx2mhs_E_003511_003547_A_0029_0032.mp4,173
GF8D7Dx2mhs_E_003660_003696_A_0019_0022.mp4,172
GF8D7Dx2mhs_E_003660_003696_A_0027_0030.mp4,168
GF8D7Dx2mhs_E_003660_003696_A_0030_0032.mp4,163
GF8D7Dx2mhs_E_004057_004094_A_0028_0031.mp4,167
GF8D7Dx2mhs_E_004246_004284_A_0022_0025.mp4,172
GF8D7Dx2mhs_E_004246_004284_A_0028_0030.mp4,168
GbUQwE9N3aM_E_000396_000429_A_0003_0005.mp4,164
GbUQwE9N3aM_E_000396_000429_A_0024_0027.mp4,163
GbUQwE9N3aM_E_001109_001143_A_0009_0012.mp4,163
GbUQwE9N3aM_E_004131_004173_A_0016_0019.mp4,172
GbUQwE9N3aM_E_004131_004173_A_0024_0026.mp4,171
GbUQwE9N3aM_E_004749_004789_A_0003_0005.mp4,163
GbUQwE9N3aM_E_006161_006202_A_0003_0005.mp4,163
GbUQwE9N3aM_E_006478_006519_A_0010_0013.mp4,163
Gng3ezTNGog_E_001051_001086_A_0003_0006.mp4,163
Gng3ezTNGog_E_001051_001086_A_0022_0024.mp4,164
Gng3ezTNGog_E_001953_001991_A_0032_0034.mp4,163
Gng3ezTNGog_E_002287_002324_A_0003_0005.mp4,171
Gng3ezTNGog_E_002287_002324_A_0021_0024.mp4,172
Gng3ezTNGog_E_002287_002324_A_0029_0031.mp4,168
Gng3ezTNGog_E_002287_002324_A_0031_0033.mp4,163
Gng3ezTNGog_E_002449_002487_A_0003_0005.mp4,164
Gng3ezTNGog_E_002449_002487_A_0016_0019.mp4,163
Gng3ezTNGog_E_002449_002487_A_0029_0031.mp4,168
Gng3ezTNGog_E_002449_002487_A_0031_0034.mp4,168
Gng3ezTNGog_E_002601_002631_A_0003_0006.mp4,173
Gng3ezTNGog_E_002601_002631_A_0015_0017.mp4,174
Gng3ezTNGog_E_002601_002631_A_0023_0025.mp4,163
Gng3ezTNGog_E_002743_002778_A_0003_0006.mp4,163
Gng3ezTNGog_E_002743_002778_A_0017_0020.mp4,164
HubzmiNVVXs_E_006223_006261_A_0003_0005.mp4,168
HubzmiNVVXs_E_006223_006261_A_0027_0030.mp4,167
HubzmiNVVXs_E_006433_006467_A_0007_0009.mp4,168
HubzmiNVVXs_E_006433_006467_A_0025_0027.mp4,167
HubzmiNVVXs_E_006518_006561_A_0003_0007.mp4,163
HubzmiNVVXs_E_006518_006561_A_0032_0034.mp4,164
HubzmiNVVXs_E_006665_006698_A_0017_0019.mp4,172
HubzmiNVVXs_E_006665_006698_A_0026_0029.mp4,173
HubzmiNVVXs_E_006983_007015_A_0007_0009.mp4,168
HubzmiNVVXs_E_006983_007015_A_0025_0027.mp4,167
I1OMnMSk1Lg_E_000511_000550_A_0008_0011.mp4,168
I1OMnMSk1Lg_E_000511_000550_A_0025_0027.mp4,163
I1OMnMSk1Lg_E_000627_000668_A_0003_0005.mp4,173
I1OMnMSk1Lg_E_000627_000668_A_0013_0015.mp4,174
I1OMnMSk1Lg_E_000934_000969_A_0005_0006.mp4,171
I1OMnMSk1Lg_E_000934_000969_A_0007_0008.mp4,172
I1OMnMSk1Lg_E_001420_001455_A_0003_0006.mp4,163
I1OMnMSk1Lg_E_001420_001455_A_0020_0022.mp4,164
I1OMnMSk1Lg_E_002944_002984_A_0003_0005.mp4,173
I1OMnMSk1Lg_E_002944_002984_A_0030_0033.mp4,168
I1OMnMSk1Lg_E_003226_003270_A_0003_0005.mp4,171
I1OMnMSk1Lg_E_003226_003270_A_0015_0018.mp4,172
I1OMnMSk1Lg_E_004119_004155_A_0003_0005.mp4,171
I1OMnMSk1Lg_E_004119_004155_A_0023_0025.mp4,172
I749IS2IeFY_E_007488_007526_A_0003_0006.mp4,171
I749IS2IeFY_E_007488_007526_A_0011_0014.mp4,172
I749IS2IeFY_E_007488_007526_A_0019_0022.mp4,173
I749IS2IeFY_E_007488_007526_A_0031_0033.mp4,163
I749IS2IeFY_E_007648_007681_A_0004_0007.mp4,171
I749IS2IeFY_E_007648_007681_A_0019_0021.mp4,172
I749IS2IeFY_E_007789_007823_A_0003_0005.mp4,171
I749IS2IeFY_E_007789_007823_A_0019_0021.mp4,172
I749IS2IeFY_E_007923_007962_A_0013_0015.mp4,163
I749IS2IeFY_E_008224_008263_A_0013_0015.mp4,163
I749IS2IeFY_E_008224_008263_A_0020_0022.mp4,169
I749IS2IeFY_E_008224_008263_A_0028_0031.mp4,164
I749IS2IeFY_E_008453_008489_A_0003_0006.mp4,171
I749IS2IeFY_E_008453_008489_A_0015_0018.mp4,172
I749IS2IeFY_E_008453_008489_A_0028_0031.mp4,168
I749IS2IeFY_E_008649_008682_A_0012_0014.mp4,168
ICL5k84viw0_E_006319_006353_A_0003_0005.mp4,163
ICL5k84viw0_E_006319_006353_A_0025_0027.mp4,168
ICL5k84viw0_E_006466_006501_A_0003_0006.mp4,163
ICL5k84viw0_E_006466_006501_A_0021_0024.mp4,168
ICL5k84viw0_E_006466_006501_A_0026_0028.mp4,164
ICL5k84viw0_E_006607_006643_A_0027_0029.mp4,167
ICL5k84viw0_E_006756_006826_A_0021_0024.mp4,169
ICL5k84viw0_E_006934_006969_A_0015_0018.mp4,167
ICL5k84viw0_E_006934_006969_A_0020_0022.mp4,168
ICL5k84viw0_E_007073_007106_A_0013_0015.mp4,163
ICL5k84viw0_E_007073_007106_A_0020_0023.mp4,164
ICL5k84viw0_E_007251_007279_A_0017_0019.mp4,163
ICL5k84viw0_E_007404_007442_A_0018_0020.mp4,168
ICL5k84viw0_E_007404_007442_A_0025_0027.mp4,168
ICL5k84viw0_E_007404_007442_A_0030_0032.mp4,163
IP96HTdCvWs_E_000399_000437_A_0003_0006.mp4,173
IP96HTdCvWs_E_000399_000437_A_0025_0027.mp4,164
IP96HTdCvWs_E_000399_000437_A_0032_0034.mp4,163
IP96HTdCvWs_E_000593_000628_A_0011_0013.mp4,164
IP96HTdCvWs_E_000593_000628_A_0018_0021.mp4,167
IP96HTdCvWs_E_000593_000628_A_0021_0023.mp4,168
IP96HTdCvWs_E_000593_000628_A_0028_0030.mp4,168
IP96HTdCvWs_E_000778_000865_A_0073_0076.mp4,168
IP96HTdCvWs_E_000778_000865_A_0078_0080.mp4,167
IP96HTdCvWs_E_001198_001242_A_0015_0017.mp4,163
IP96HTdCvWs_E_001198_001242_A_0027_0028.mp4,170
IP96HTdCvWs_E_001198_001242_A_0033_0035.mp4,174
IP96HTdCvWs_E_001390_001425_A_0017_0019.mp4,164
IP96HTdCvWs_E_001390_001425_A_0024_0027.mp4,174
IP96HTdCvWs_E_001390_001425_A_0027_0029.mp4,163
IP96HTdCvWs_E_001873_001912_A_0003_0005.mp4,164
IP96HTdCvWs_E_001873_001912_A_0016_0019.mp4,163
IP96HTdCvWs_E_001873_001912_A_0029_0031.mp4,168
IP96HTdCvWs_E_001873_001912_A_0031_0034.mp4,168
IP96HTdCvWs_E_002030_002062_A_0003_0005.mp4,163
IP96HTdCvWs_E_002030_002062_A_0014_0017.mp4,164
IP96HTdCvWs_E_002255_002293_A_0003_0005.mp4,171
IP96HTdCvWs_E_002255_002293_A_0021_0024.mp4,174
IP96HTdCvWs_E_002255_002293_A_0029_0032.mp4,168
IP96HTdCvWs_E_002255_002293_A_0032_0034.mp4,163
IP96HTdCvWs_E_002450_002481_A_0024_0027.mp4,163
IP96HTdCvWs_E_002653_002693_A_0009_0012.mp4,168
IP96HTdCvWs_E_002653_002693_A_0017_0019.mp4,163
IP96HTdCvWs_E_002653_002693_A_0026_0028.mp4,164
IP96HTdCvWs_E_002851_002887_A_0003_0006.mp4,163
IP96HTdCvWs_E_002851_002887_A_0022_0024.mp4,164
IWFgo-tEEs8_E_000703_000748_A_0015_0018.mp4,163
IWFgo-tEEs8_E_000703_000748_A_0028_0030.mp4,168
IWFgo-tEEs8_E_000703_000748_A_0036_0038.mp4,170
IWFgo-tEEs8_E_000924_000964_A_0005_0008.mp4,163
IWFgo-tEEs8_E_000924_000964_A_0020_0022.mp4,174
IWFgo-tEEs8_E_001068_001103_A_0003_0006.mp4,171
IWFgo-tEEs8_E_001068_001103_A_0018_0020.mp4,172
IWFgo-tEEs8_E_001068_001103_A_0025_0028.mp4,168
IWFgo-tEEs8_E_001068_001103_A_0028_0031.mp4,163
IWFgo-tEEs8_E_001177_001217_A_0003_0005.mp4,171
IWFgo-tEEs8_E_001177_001217_A_0028_0030.mp4,172
ItBRb9LB-VI_E_000599_000639_A_0006_0008.mp4,163
ItBRb9LB-VI_E_000599_000639_A_0025_0028.mp4,164
ItBRb9LB-VI_E_000764_000807_A_0016_0019.mp4,168
ItBRb9LB-VI_E_000764_000807_A_0024_0027.mp4,167
ItBRb9LB-VI_E_000764_000807_A_0036_0038.mp4,168
ItBRb9LB-VI_E_001102_001141_A_0018_0020.mp4,163
ItBRb9LB-VI_E_001265_001300_A_0017_0019.mp4,168
ItBRb9LB-VI_E_001265_001300_A_0027_0030.mp4,168
ItBRb9LB-VI_E_001618_001660_A_0015_0018.mp4,163
ItBRb9LB-VI_E_001618_001660_A_0026_0029.mp4,168
ItBRb9LB-VI_E_001947_001979_A_0003_0005.mp4,163
ItBRb9LB-VI_E_001947_001979_A_0019_0022.mp4,164
ItBRb9LB-VI_E_002117_002144_A_0016_0019.mp4,163
ItBRb9LB-VI_E_002286_002311_A_0003_0005.mp4,168
ItBRb9LB-VI_E_002286_002311_A_0010_0012.mp4,167
ItBRb9LB-VI_E_002322_002355_A_0015_0017.mp4,163
ItBRb9LB-VI_E_002322_002355_A_0022_0024.mp4,164
ItBRb9LB-VI_E_002472_002506_A_0003_0005.mp4,168
ItBRb9LB-VI_E_002472_002506_A_0025_0028.mp4,167
ItBRb9LB-VI_E_002472_002506_A_0028_0030.mp4,168
JHqcbeKepSg_E_003923_003966_A_0003_0006.mp4,173
JHqcbeKepSg_E_003923_003966_A_0028_0030.mp4,174
JHqcbeKepSg_E_005428_005457_A_0003_0005.mp4,163
JHqcbeKepSg_E_005428_005457_A_0018_0020.mp4,168
JHqcbeKepSg_E_006505_006542_A_0016_0018.mp4,164
JHqcbeKepSg_E_006505_006542_A_0023_0025.mp4,168
JHqcbeKepSg_E_006505_006542_A_0027_0030.mp4,167
JHqcbeKepSg_E_006666_006702_A_0003_0005.mp4,163
JHqcbeKepSg_E_006666_006702_A_0021_0023.mp4,164
JHqcbeKepSg_E_007983_008019_A_0002_0005.mp4,167
JHqcbeKepSg_E_007983_008019_A_0015_0017.mp4,164
JHqcbeKepSg_E_007983_008019_A_0024_0026.mp4,168
JHqcbeKepSg_E_008740_008780_A_0003_0005.mp4,163
JHqcbeKepSg_E_008740_008780_A_0022_0025.mp4,164
JHqcbeKepSg_E_008740_008780_A_0030_0033.mp4,168
JHqcbeKepSg_E_009668_009738_A_0003_0006.mp4,172
JHqcbeKepSg_E_009668_009738_A_0006_0008.mp4,171
JHqcbeKepSg_E_009668_009738_A_0064_0066.mp4,168
JHqcbeKepSg_E_009882_009916_A_0003_0005.mp4,163
JHqcbeKepSg_E_009882_009916_A_0023_0025.mp4,168
JHqcbeKepSg_E_010169_010204_A_0007_0010.mp4,163
JHqcbeKepSg_E_010169_010204_A_0023_0025.mp4,168
JHqcbeKepSg_E_010645_010677_A_0008_0011.mp4,163
JHqcbeKepSg_E_010645_010677_A_0020_0022.mp4,164
KDjuRG3-Xf0_E_005336_005378_A_0007_0010.mp4,168
KDjuRG3-Xf0_E_005336_005378_A_0031_0034.mp4,167
KDjuRG3-Xf0_E_005485_005520_A_0003_0005.mp4,167
KDjuRG3-Xf0_E_005485_005520_A_0007_0009.mp4,168
KDjuRG3-Xf0_E_005736_005759_A_0005_0007.mp4,164
KDjuRG3-Xf0_E_005736_005759_A_0015_0017.mp4,163
KDjuRG3-Xf0_E_006056_006085_A_0013_0015.mp4,167
KDjuRG3-Xf0_E_006056_006085_A_0017_0020.mp4,168
KDjuRG3-Xf0_E_006200_006247_A_0033_0036.mp4,167
KDjuRG3-Xf0_E_006200_006247_A_0038_0040.mp4,168
KDjuRG3-Xf0_E_006367_006429_A_0050_0052.mp4,168
KDjuRG3-Xf0_E_006571_006606_A_0007_0009.mp4,167
KDjuRG3-Xf0_E_006571_006606_A_0012_0014.mp4,168
KDjuRG3-Xf0_E_007243_007266_A_0005_0007.mp4,164
KDjuRG3-Xf0_E_007243_007266_A_0015_0017.mp4,163
LHZAh32EoC8_E_003391_003423_A_0017_0020.mp4,172
LHZAh32EoC8_E_003391_003423_A_0027_0029.mp4,173
LHZAh32EoC8_E_003496_003533_A_0022_0024.mp4,164
LHZAh32EoC8_E_003808_003847_A_0025_0027.mp4,168
LHZAh32EoC8_E_003967_003999_A_0016_0019.mp4,172
LHZAh32EoC8_E_003967_003999_A_0026_0028.mp4,173
LHZAh32EoC8_E_004256_004290_A_0003_0005.mp4,171
LHZAh32EoC8_E_004256_004290_A_0023_0026.mp4,168
LHZAh32EoC8_E_004394_004440_A_0003_0006.mp4,171
LHZAh32EoC8_E_004394_004440_A_0015_0017.mp4,172
LHZAh32EoC8_E_004394_004440_A_0039_0041.mp4,168
LHZAh32EoC8_E_004554_004588_A_0003_0005.mp4,173
LHZAh32EoC8_E_004554_004588_A_0010_0012.mp4,164
LHZAh32EoC8_E_004554_004588_A_0027_0029.mp4,168
LHZAh32EoC8_E_004685_004750_A_0003_0005.mp4,163
LHZAh32EoC8_E_004685_004750_A_0020_0022.mp4,168
Lt0HnPxdzHw_E_001038_001063_A_0017_0019.mp4,167
Lt0HnPxdzHw_E_001262_001288_A_0013_0015.mp4,167
Lt0HnPxdzHw_E_002046_002079_A_0003_0006.mp4,168
Lt0HnPxdzHw_E_002046_002079_A_0022_0025.mp4,167
Lt0HnPxdzHw_E_002215_002246_A_0003_0005.mp4,169
Lt0HnPxdzHw_E_002215_002246_A_0007_0009.mp4,168
Lt0HnPxdzHw_E_002400_002430_A_0014_0016.mp4,164
Lt0HnPxdzHw_E_002400_002430_A_0024_0026.mp4,163
Lt0HnPxdzHw_E_002578_002615_A_0015_0018.mp4,163
Lt0HnPxdzHw_E_002578_002615_A_0025_0027.mp4,168
Lt0HnPxdzHw_E_002758_002797_A_0005_0007.mp4,167
Lt0HnPxdzHw_E_002758_002797_A_0009_0012.mp4,168
MDxIRDDWw1w_E_001206_001243_A_0003_0006.mp4,173
MDxIRDDWw1w_E_001206_001243_A_0023_0025.mp4,164
MDxIRDDWw1w_E_001206_001243_A_0030_0033.mp4,163
MDxIRDDWw1w_E_001365_001401_A_0029_0031.mp4,163
MDxIRDDWw1w_E_001706_001736_A_0003_0006.mp4,171
MDxIRDDWw1w_E_001706_001736_A_0014_0016.mp4,172
MDxIRDDWw1w_E_001706_001736_A_0021_0024.mp4,168
MDxIRDDWw1w_E_001706_001736_A_0024_0026.mp4,163
MDxIRDDWw1w_E_002013_002056_A_0019_0021.mp4,164
MDxIRDDWw1w_E_002013_002056_A_0029_0032.mp4,168
MDxIRDDWw1w_E_002013_002056_A_0032_0034.mp4,167
MDxIRDDWw1w_E_002175_002217_A_0010_0012.mp4,168
MDxIRDDWw1w_E_002175_002217_A_0017_0019.mp4,163
MDxIRDDWw1w_E_002175_002217_A_0029_0031.mp4,164
MDxIRDDWw1w_E_002455_002496_A_0013_0015.mp4,168
MDxIRDDWw1w_E_002455_002496_A_0021_0024.mp4,163
MDxIRDDWw1w_E_002455_002496_A_0034_0036.mp4,168
MVLZz2J6tcE_E_000222_000259_A_0005_0007.mp4,173
MVLZz2J6tcE_E_000222_000259_A_0021_0023.mp4,174
MVLZz2J6tcE_E_000506_000545_A_0009_0012.mp4,163
MVLZz2J6tcE_E_000764_000800_A_0018_0020.mp4,172
MVLZz2J6tcE_E_000764_000800_A_0028_0031.mp4,173
MVLZz2J6tcE_E_000963_001002_A_0003_0005.mp4,163
MVLZz2J6tcE_E_000963_001002_A_0024_0026.mp4,164
MVLZz2J6tcE_E_001218_001256_A_0003_0005.mp4,163
MVLZz2J6tcE_E_001592_001627_A_0003_0005.mp4,171
MVLZz2J6tcE_E_001592_001627_A_0019_0022.mp4,172
MVLZz2J6tcE_E_004269_004311_A_0016_0018.mp4,164
MVLZz2J6tcE_E_004269_004311_A_0024_0026.mp4,163
MVLZz2J6tcE_E_004467_004505_A_0022_0024.mp4,173
MVLZz2J6tcE_E_004774_004812_A_0009_0011.mp4,163
MyrqGZXxpsY_E_000788_000822_A_0002_0005.mp4,163
MyrqGZXxpsY_E_000788_000822_A_0020_0022.mp4,174
MyrqGZXxpsY_E_000980_001016_A_0027_0029.mp4,167
MyrqGZXxpsY_E_001123_001153_A_0003_0005.mp4,168
MyrqGZXxpsY_E_001123_001153_A_0010_0013.mp4,163
MyrqGZXxpsY_E_001566_001601_A_0005_0007.mp4,164
MyrqGZXxpsY_E_001566_001601_A_0022_0025.mp4,163
MyrqGZXxpsY_E_001650_001685_A_0003_0005.mp4,171
MyrqGZXxpsY_E_001650_001685_A_0025_0027.mp4,174
MyrqGZXxpsY_E_001889_001954_A_0010_0012.mp4,172
MyrqGZXxpsY_E_001889_001954_A_0044_0046.mp4,163
MyrqGZXxpsY_E_002405_002441_A_0003_0005.mp4,171
MyrqGZXxpsY_E_002405_002441_A_0022_0025.mp4,168
MyrqGZXxpsY_E_002405_002441_A_0029_0032.mp4,173
MyrqGZXxpsY_E_002837_002872_A_0005_0007.mp4,167
MyrqGZXxpsY_E_002837_002872_A_0024_0026.mp4,164
MyrqGZXxpsY_E_003339_003380_A_0007_0010.mp4,168
MyrqGZXxpsY_E_003339_003380_A_0030_0033.mp4,167
MyrqGZXxpsY_E_004096_004143_A_0003_0005.mp4,173
MyrqGZXxpsY_E_004096_004143_A_0014_0016.mp4,174
MyrqGZXxpsY_E_004268_004314_A_0008_0010.mp4,163
MyrqGZXxpsY_E_006154_006189_A_0017_0019.mp4,163
MyrqGZXxpsY_E_006154_006189_A_0023_0025.mp4,164
OIJe8fQw7Wo_E_000623_000666_A_0005_0007.mp4,171
OIJe8fQw7Wo_E_000623_000666_A_0010_0012.mp4,172
OIJe8fQw7Wo_E_001101_001138_A_0003_0005.mp4,163
OIJe8fQw7Wo_E_001101_001138_A_0027_0030.mp4,168
OIJe8fQw7Wo_E_001317_001351_A_0003_0006.mp4,173
OIJe8fQw7Wo_E_001317_001351_A_0019_0022.mp4,164
OIJe8fQw7Wo_E_002006_002040_A_0003_0005.mp4,171
OIJe8fQw7Wo_E_002006_002040_A_0024_0026.mp4,174
OIJe8fQw7Wo_E_003223_003257_A_0013_0015.mp4,163
OIJe8fQw7Wo_E_003534_003572_A_0008_0010.mp4,168
OIJe8fQw7Wo_E_003534_003572_A_0030_0033.mp4,167
OIJe8fQw7Wo_E_004904_004996_A_0008_0010.mp4,170
OIJe8fQw7Wo_E_004904_004996_A_0081_0083.mp4,168
OIJe8fQw7Wo_E_004904_004996_A_0083_0086.mp4,167
OIJe8fQw7Wo_E_005251_005283_A_0025_0028.mp4,163
OIJe8fQw7Wo_E_005406_005442_A_0023_0026.mp4,172
OIJe8fQw7Wo_E_005406_005442_A_0030_0032.mp4,172
PgNRyuavbS4_E_001096_001156_A_0046_0048.mp4,163
PgNRyuavbS4_E_001096_001156_A_0048_0050.mp4,168
PgNRyuavbS4_E_001252_001297_A_0010_0012.mp4,167
PgNRyuavbS4_E_001252_001297_A_0032_0035.mp4,168
PgNRyuavbS4_E_001726_001764_A_0007_0010.mp4,171
PgNRyuavbS4_E_001726_001764_A_0026_0028.mp4,172
PgNRyuavbS4_E_002183_002214_A_0018_0020.mp4,168
PgNRyuavbS4_E_002183_002214_A_0022_0024.mp4,167
PgNRyuavbS4_E_002350_002428_A_0003_0005.mp4,163
PgNRyuavbS4_E_002350_002428_A_0017_0019.mp4,172
PgNRyuavbS4_E_002350_002428_A_0059_0061.mp4,172
PgNRyuavbS4_E_002549_002588_A_0016_0019.mp4,173
PgNRyuavbS4_E_002549_002588_A_0024_0026.mp4,174
PgNRyuavbS4_E_002549_002588_A_0030_0032.mp4,164
PgNRyuavbS4_E_002864_002922_A_0003_0005.mp4,164
PgNRyuavbS4_E_003870_003936_A_0059_0062.mp4,167
PgNRyuavbS4_E_004045_004079_A_0005_0007.mp4,164
PgNRyuavbS4_E_004045_004079_A_0020_0023.mp4,163
PgNRyuavbS4_E_004191_004230_A_0023_0026.mp4,167
PgNRyuavbS4_E_004191_004230_A_0028_0030.mp4,168
PgNRyuavbS4_E_005221_005267_A_0013_0015.mp4,168
PgNRyuavbS4_E_005221_005267_A_0024_0027.mp4,174
PgNRyuavbS4_E_005221_005267_A_0033_0036.mp4,167
PgNRyuavbS4_E_005221_005267_A_0038_0040.mp4,168
PgNRyuavbS4_E_006398_006430_A_0003_0006.mp4,171
PgNRyuavbS4_E_006398_006430_A_0020_0022.mp4,172
PgNRyuavbS4_E_006556_006593_A_0003_0005.mp4,163
PgNRyuavbS4_E_006556_006593_A_0005_0007.mp4,168
PgNRyuavbS4_E_006754_006787_A_0012_0014.mp4,163
PgNRyuavbS4_E_006754_006787_A_0022_0024.mp4,164
PgNRyuavbS4_E_008870_008909_A_0005_0007.mp4,168
PgNRyuavbS4_E_008870_008909_A_0020_0022.mp4,173
PgNRyuavbS4_E_009439_009488_A_0028_0030.mp4,168
PgNRyuavbS4_E_009439_009488_A_0036_0039.mp4,168
PgNRyuavbS4_E_009439_009488_A_0039_0042.mp4,167
PgNRyuavbS4_E_010226_010260_A_0003_0005.mp4,171
PgNRyuavbS4_E_010226_010260_A_0022_0025.mp4,172
PgNRyuavbS4_E_010404_010447_A_0003_0006.mp4,163
PgNRyuavbS4_E_010404_010447_A_0016_0019.mp4,164
PgNRyuavbS4_E_010813_010846_A_0008_0011.mp4,163
PgNRyuavbS4_E_010813_010846_A_0023_0025.mp4,168
QUzsdG7jyj0_E_000982_001010_A_0003_0006.mp4,167
QUzsdG7jyj0_E_000982_001010_A_0012_0014.mp4,168
QUzsdG7jyj0_E_001245_001272_A_0003_0005.mp4,168
QUzsdG7jyj0_E_001245_001272_A_0016_0019.mp4,167
QUzsdG7jyj0_E_002176_002213_A_0006_0008.mp4,164
QUzsdG7jyj0_E_002176_002213_A_0031_0033.mp4,167
QUzsdG7jyj0_E_002330_002361_A_0022_0024.mp4,167
QUzsdG7jyj0_E_003400_003428_A_0010_0013.mp4,168
QUzsdG7jyj0_E_003400_003428_A_0021_0024.mp4,168
QUzsdG7jyj0_E_003945_003969_A_0018_0020.mp4,167
QUzsdG7jyj0_E_004337_004366_A_0006_0009.mp4,167
QUzsdG7jyj0_E_004923_004964_A_0033_0036.mp4,167
QUzsdG7jyj0_E_005085_005116_A_0021_0024.mp4,167
QUzsdG7jyj0_E_007257_007290_A_0006_0008.mp4,168
QUzsdG7jyj0_E_007257_007290_A_0026_0028.mp4,167
RLDjrhjikT4_E_004760_004787_A_0011_0014.mp4,167
RLDjrhjikT4_E_004760_004787_A_0015_0018.mp4,168
RLDjrhjikT4_E_004901_004931_A_0008_0010.mp4,168
RLDjrhjikT4_E_004901_004931_A_0019_0022.mp4,167
RLDjrhjikT4_E_005230_005311_A_0005_0007.mp4,168
RLDjrhjikT4_E_005230_005311_A_0026_0028.mp4,167
RLDjrhjikT4_E_005884_006006_A_0050_0053.mp4,168
RLDjrhjikT4_E_005884_006006_A_0112_0114.mp4,167
RjpOEHmTf7I_E_000579_000607_A_0003_0006.mp4,164
RjpOEHmTf7I_E_000579_000607_A_0021_0023.mp4,168
RjpOEHmTf7I_E_001279_001307_A_0003_0006.mp4,164
RjpOEHmTf7I_E_001279_001307_A_0021_0024.mp4,168
RjpOEHmTf7I_E_003166_003195_A_0003_0005.mp4,168
RjpOEHmTf7I_E_003867_003895_A_0013_0015.mp4,163
RjpOEHmTf7I_E_004873_004903_A_0023_0025.mp4,168
RjpOEHmTf7I_E_005195_005217_A_0008_0010.mp4,163
Ry5PFp-pRmA_E_000376_000407_A_0003_0005.mp4,164
Ry5PFp-pRmA_E_000376_000407_A_0010_0013.mp4,163
Ry5PFp-pRmA_E_001502_001540_A_0014_0017.mp4,163
Ry5PFp-pRmA_E_001646_001685_A_0007_0010.mp4,171
Ry5PFp-pRmA_E_001646_001685_A_0015_0017.mp4,172
Ry5PFp-pRmA_E_001854_001888_A_0019_0022.mp4,163
Ry5PFp-pRmA_E_002020_002054_A_0009_0011.mp4,172
Ry5PFp-pRmA_E_002020_002054_A_0017_0019.mp4,171
Ry5PFp-pRmA_E_002140_002176_A_0017_0019.mp4,171
Ry5PFp-pRmA_E_002403_002439_A_0002_0005.mp4,168
Ry5PFp-pRmA_E_002504_002571_A_0010_0013.mp4,168
Ry5PFp-pRmA_E_002504_002571_A_0058_0060.mp4,168
Ry5PFp-pRmA_E_003516_003547_A_0005_0007.mp4,164
Ry5PFp-pRmA_E_003516_003547_A_0022_0024.mp4,163
TBsWos4T4OE_E_000606_000641_A_0018_0021.mp4,163
TBsWos4T4OE_E_000606_000641_A_0023_0025.mp4,168
TBsWos4T4OE_E_003384_003424_A_0005_0008.mp4,171
TBsWos4T4OE_E_003384_003424_A_0021_0023.mp4,172
TBsWos4T4OE_E_003384_003424_A_0030_0033.mp4,173
TCiufCzMtDs_E_001133_001177_A_0026_0028.mp4,163
TCiufCzMtDs_E_001133_001177_A_0028_0030.mp4,168
TCiufCzMtDs_E_002452_002481_A_0003_0005.mp4,163
TCiufCzMtDs_E_002452_002481_A_0005_0008.mp4,168
TCiufCzMtDs_E_002452_002481_A_0023_0026.mp4,168
TCiufCzMtDs_E_002733_002766_A_0003_0005.mp4,165
TCiufCzMtDs_E_002733_002766_A_0020_0022.mp4,166
TCiufCzMtDs_E_002733_002766_A_0027_0029.mp4,168
TCiufCzMtDs_E_003236_003269_A_0005_0007.mp4,169
TCiufCzMtDs_E_003236_003269_A_0014_0017.mp4,168
TCiufCzMtDs_E_004234_004275_A_0003_0005.mp4,171
TCiufCzMtDs_E_004234_004275_A_0010_0012.mp4,168
TXpgPT5Jdiw_E_001010_001054_A_0003_0006.mp4,163
TXpgPT5Jdiw_E_001010_001054_A_0019_0022.mp4,168
TXpgPT5Jdiw_E_001010_001054_A_0035_0038.mp4,168
TXpgPT5Jdiw_E_001323_001394_A_0013_0015.mp4,172
TXpgPT5Jdiw_E_001323_001394_A_0063_0066.mp4,171
TXpgPT5Jdiw_E_001532_001572_A_0007_0010.mp4,168
TXpgPT5Jdiw_E_001532_001572_A_0017_0019.mp4,163
TXpgPT5Jdiw_E_001532_001572_A_0026_0029.mp4,164
TXpgPT5Jdiw_E_002115_002186_A_0016_0018.mp4,172
TXpgPT5Jdiw_E_002115_002186_A_0051_0053.mp4,168
TXpgPT5Jdiw_E_002115_002186_A_0061_0063.mp4,168
TXpgPT5Jdiw_E_002115_002186_A_0063_0066.mp4,163
TXpgPT5Jdiw_E_002357_002392_A_0015_0018.mp4,163
TXpgPT5Jdiw_E_002357_002392_A_0023_0025.mp4,168
TXpgPT5Jdiw_E_002513_002556_A_0003_0006.mp4,173
TXpgPT5Jdiw_E_002513_002556_A_0023_0025.mp4,171
TXpgPT5Jdiw_E_002513_002556_A_0031_0034.mp4,168
TXpgPT5Jdiw_E_002513_002556_A_0037_0039.mp4,163
TXpgPT5Jdiw_E_002679_002716_A_0009_0012.mp4,168
TXpgPT5Jdiw_E_002679_002716_A_0012_0014.mp4,163
TXpgPT5Jdiw_E_002679_002716_A_0029_0031.mp4,168
UcCTusldh6w_E_000485_000517_A_0003_0006.mp4,171
UcCTusldh6w_E_000485_000517_A_0015_0017.mp4,172
UcCTusldh6w_E_002190_002222_A_0003_0005.mp4,163
UcCTusldh6w_E_002190_002222_A_0017_0019.mp4,164
UcCTusldh6w_E_002817_002851_A_0003_0005.mp4,163
UcCTusldh6w_E_002817_002851_A_0027_0030.mp4,164
UcCTusldh6w_E_005785_005816_A_0014_0016.mp4,172
UcCTusldh6w_E_005785_005816_A_0024_0026.mp4,173
UcCTusldh6w_E_005929_005964_A_0011_0013.mp4,163
UcCTusldh6w_E_006216_006259_A_0017_0020.mp4,163
UcCTusldh6w_E_006216_006259_A_0032_0034.mp4,168
UcCTusldh6w_E_006680_006718_A_0005_0008.mp4,163
UcCTusldh6w_E_006680_006718_A_0022_0025.mp4,164
UcCTusldh6w_E_006769_006802_A_0020_0022.mp4,163
aEZbP-Yephw_E_000786_000822_A_0013_0016.mp4,165
cSh74jSRht8_E_000875_000899_A_0007_0010.mp4,167
cSh74jSRht8_E_000940_000974_A_0023_0026.mp4,167
cSh74jSRht8_E_001089_001124_A_0025_0028.mp4,167
cSh74jSRht8_E_001232_001274_A_0028_0031.mp4,167
cSh74jSRht8_E_002051_002079_A_0020_0022.mp4,167
dqUNtY2GwW4_E_005951_005985_A_0028_0030.mp4,173
e3EsDlpNo0c_E_003416_003451_A_0003_0005.mp4,168
e3EsDlpNo0c_E_003808_003849_A_0030_0032.mp4,168
e3EsDlpNo0c_E_004963_004993_A_0021_0023.mp4,167
e3EsDlpNo0c_E_006779_006810_A_0010_0013.mp4,163
e3EsDlpNo0c_E_007361_007390_A_0024_0026.mp4,173
e3EsDlpNo0c_E_007985_008022_A_0010_0013.mp4,163
e3EsDlpNo0c_E_008384_008417_A_0003_0006.mp4,163
e3EsDlpNo0c_E_008384_008417_A_0027_0029.mp4,164
eH-ZgOT8ASM_E_002294_002332_A_0003_0005.mp4,164
eH-ZgOT8ASM_E_002294_002332_A_0016_0018.mp4,163
eH-ZgOT8ASM_E_002294_002332_A_0028_0031.mp4,168
eH-ZgOT8ASM_E_002294_002332_A_0031_0033.mp4,168
eH-ZgOT8ASM_E_002503_002548_A_0003_0005.mp4,173
eH-ZgOT8ASM_E_002503_002548_A_0029_0032.mp4,164
eH-ZgOT8ASM_E_002503_002548_A_0037_0040.mp4,163
eH-ZgOT8ASM_E_002678_002721_A_0003_0005.mp4,163
eH-ZgOT8ASM_E_002678_002721_A_0022_0025.mp4,164
eH-ZgOT8ASM_E_002913_002950_A_0028_0030.mp4,164
eH-ZgOT8ASM_E_003100_003133_A_0014_0016.mp4,168
eH-ZgOT8ASM_E_003100_003133_A_0021_0024.mp4,168
eH-ZgOT8ASM_E_003100_003133_A_0024_0028.mp4,163
eH-ZgOT8ASM_E_003426_003457_A_0024_0026.mp4,163
eH-ZgOT8ASM_E_003712_003748_A_0003_0005.mp4,163
eH-ZgOT8ASM_E_003712_003748_A_0021_0023.mp4,164
eH-ZgOT8ASM_E_003912_003946_A_0025_0027.mp4,168
eH-ZgOT8ASM_E_003912_003946_A_0027_0030.mp4,163
esQQbBhuXbM_E_000886_000922_A_0015_0017.mp4,163
esQQbBhuXbM_E_000886_000922_A_0025_0027.mp4,164
esQQbBhuXbM_E_001476_001512_A_0018_0021.mp4,168
esQQbBhuXbM_E_002601_002636_A_0017_0019.mp4,163
esQQbBhuXbM_E_002601_002636_A_0026_0028.mp4,168
esQQbBhuXbM_E_002759_002794_A_0011_0013.mp4,163
esQQbBhuXbM_E_002978_003010_A_0016_0018.mp4,163
esQQbBhuXbM_E_002978_003010_A_0023_0026.mp4,168
esQQbBhuXbM_E_003144_003178_A_0017_0019.mp4,163
esQQbBhuXbM_E_003144_003178_A_0024_0026.mp4,168
esQQbBhuXbM_E_003347_003380_A_0024_0027.mp4,167
esQQbBhuXbM_E_003539_003570_A_0003_0006.mp4,171
esQQbBhuXbM_E_005165_005199_A_0003_0005.mp4,171
esQQbBhuXbM_E_005165_005199_A_0019_0022.mp4,173
esQQbBhuXbM_E_005240_005283_A_0012_0014.mp4,169
esQQbBhuXbM_E_005240_005283_A_0033_0036.mp4,167
esQQbBhuXbM_E_005651_005686_A_0028_0030.mp4,163
esQQbBhuXbM_E_006897_006934_A_0015_0017.mp4,174
esQQbBhuXbM_E_006897_006934_A_0025_0027.mp4,168
esQQbBhuXbM_E_006897_006934_A_0027_0030.mp4,167
esQQbBhuXbM_E_007097_007136_A_0003_0005.mp4,173
esQQbBhuXbM_E_007097_007136_A_0009_0011.mp4,168
esQQbBhuXbM_E_007097_007136_A_0032_0035.mp4,163
f-1FbFegbuQ_E_000575_000615_A_0022_0025.mp4,173
f-1FbFegbuQ_E_000975_001024_A_0003_0006.mp4,173
f-1FbFegbuQ_E_000975_001024_A_0020_0023.mp4,164
f-1FbFegbuQ_E_000975_001024_A_0023_0025.mp4,168
f-1FbFegbuQ_E_001818_001852_A_0014_0016.mp4,168
f-1FbFegbuQ_E_001818_001852_A_0021_0024.mp4,173
f-1FbFegbuQ_E_002352_002380_A_0005_0007.mp4,171
f-1FbFegbuQ_E_002352_002380_A_0018_0020.mp4,172
f-1FbFegbuQ_E_002352_002380_A_0022_0025.mp4,173
f-1FbFegbuQ_E_002535_002567_A_0004_0006.mp4,163
f-1FbFegbuQ_E_003592_003626_A_0018_0021.mp4,163
f6k7PBGgeb4_E_000930_000969_A_0003_0006.mp4,167
f6k7PBGgeb4_E_000930_000969_A_0008_0010.mp4,168
f6k7PBGgeb4_E_001179_001248_A_0003_0005.mp4,163
f6k7PBGgeb4_E_001179_001248_A_0023_0025.mp4,164
f6k7PBGgeb4_E_001179_001248_A_0030_0034.mp4,167
f6k7PBGgeb4_E_001179_001248_A_0034_0036.mp4,168
f6k7PBGgeb4_E_003595_003653_A_0011_0013.mp4,168
f6k7PBGgeb4_E_003595_003653_A_0013_0015.mp4,168
f6k7PBGgeb4_E_003595_003653_A_0027_0029.mp4,168
f6k7PBGgeb4_E_003595_003653_A_0045_0047.mp4,168
f6k7PBGgeb4_E_003818_003858_A_0021_0023.mp4,168
f6k7PBGgeb4_E_004002_004035_A_0003_0005.mp4,171
f6k7PBGgeb4_E_004002_004035_A_0018_0020.mp4,172
f6k7PBGgeb4_E_004252_004320_A_0016_0019.mp4,168
f6k7PBGgeb4_E_004513_004584_A_0010_0012.mp4,168
fDa0HpoXES4_E_000656_000690_A_0012_0015.mp4,163
fDa0HpoXES4_E_000881_000920_A_0008_0011.mp4,168
fDa0HpoXES4_E_000881_000920_A_0030_0034.mp4,167
fDa0HpoXES4_E_002089_002126_A_0024_0026.mp4,172
fDa0HpoXES4_E_002089_002126_A_0031_0033.mp4,171
fDa0HpoXES4_E_003092_003124_A_0025_0028.mp4,163
fDa0HpoXES4_E_003956_003988_A_0003_0005.mp4,163
fDa0HpoXES4_E_003956_003988_A_0023_0026.mp4,168
fH-VYYl9elA_E_002455_002496_A_0016_0019.mp4,164
fH-VYYl9elA_E_002455_002496_A_0024_0027.mp4,163
fH-VYYl9elA_E_002644_002683_A_0010_0012.mp4,167
fH-VYYl9elA_E_002824_002853_A_0010_0013.mp4,163
fH-VYYl9elA_E_003342_003413_A_0002_0005.mp4,163
fH-VYYl9elA_E_003342_003413_A_0056_0058.mp4,164
fH-VYYl9elA_E_003594_003623_A_0014_0016.mp4,172
fH-VYYl9elA_E_003594_003623_A_0023_0025.mp4,173
fH-VYYl9elA_E_004396_004434_A_0003_0005.mp4,171
fH-VYYl9elA_E_004396_004434_A_0022_0025.mp4,172
fH-VYYl9elA_E_004631_004669_A_0003_0005.mp4,163
fH-VYYl9elA_E_004938_004972_A_0003_0005.mp4,163
gMNCwgXtQIw_E_000369_000402_A_0003_0005.mp4,163
gMNCwgXtQIw_E_000369_000402_A_0019_0021.mp4,164
gMNCwgXtQIw_E_000498_000528_A_0003_0006.mp4,171
gMNCwgXtQIw_E_000498_000528_A_0012_0014.mp4,172
gMNCwgXtQIw_E_000646_000689_A_0014_0016.mp4,168
gMNCwgXtQIw_E_000646_000689_A_0032_0035.mp4,167
gMNCwgXtQIw_E_000989_001023_A_0003_0005.mp4,163
gMNCwgXtQIw_E_000989_001023_A_0024_0026.mp4,168
gYyLkUbGuUU_E_005501_005567_A_0003_0005.mp4,171
gYyLkUbGuUU_E_005501_005567_A_0021_0023.mp4,168
gYyLkUbGuUU_E_005501_005567_A_0023_0025.mp4,172
gYyLkUbGuUU_E_005501_005567_A_0052_0054.mp4,164
gYyLkUbGuUU_E_005719_005753_A_0018_0021.mp4,174
gYyLkUbGuUU_E_005719_005753_A_0027_0029.mp4,173
gYyLkUbGuUU_E_005945_005980_A_0017_0020.mp4,167
gYyLkUbGuUU_E_005945_005980_A_0020_0022.mp4,168
gYyLkUbGuUU_E_006179_006218_A_0008_0010.mp4,163
gYyLkUbGuUU_E_006179_006218_A_0025_0027.mp4,168
gYyLkUbGuUU_E_006179_006218_A_0032_0035.mp4,168
gYyLkUbGuUU_E_006448_006530_A_0003_0005.mp4,163
gYyLkUbGuUU_E_006448_006530_A_0020_0023.mp4,168
gYyLkUbGuUU_E_006732_006773_A_0012_0015.mp4,163
gYyLkUbGuUU_E_006955_006985_A_0005_0007.mp4,171
gYyLkUbGuUU_E_006955_006985_A_0016_0018.mp4,172
gYyLkUbGuUU_E_006955_006985_A_0024_0026.mp4,163
hibW8s4WQmQ_E_001275_001306_A_0003_0005.mp4,163
hibW8s4WQmQ_E_001275_001306_A_0016_0019.mp4,164
hibW8s4WQmQ_E_001599_001667_A_0011_0013.mp4,163
hibW8s4WQmQ_E_001599_001667_A_0052_0055.mp4,168
hibW8s4WQmQ_E_002060_002094_A_0003_0005.mp4,171
hibW8s4WQmQ_E_002060_002094_A_0018_0020.mp4,172
hibW8s4WQmQ_E_002060_002094_A_0027_0030.mp4,173
hibW8s4WQmQ_E_002213_002246_A_0003_0006.mp4,171
hibW8s4WQmQ_E_002213_002246_A_0014_0017.mp4,172
hibW8s4WQmQ_E_003211_003248_A_0004_0006.mp4,172
hibW8s4WQmQ_E_003211_003248_A_0018_0021.mp4,171
hibW8s4WQmQ_E_003211_003248_A_0030_0032.mp4,173
hibW8s4WQmQ_E_003775_003813_A_0003_0005.mp4,173
hibW8s4WQmQ_E_004185_004219_A_0003_0006.mp4,171
hibW8s4WQmQ_E_004185_004219_A_0019_0022.mp4,172
hibW8s4WQmQ_E_004630_004670_A_0003_0005.mp4,163
hibW8s4WQmQ_E_004630_004670_A_0026_0028.mp4,173
hibW8s4WQmQ_E_004630_004670_A_0033_0036.mp4,164
hibW8s4WQmQ_E_004830_004866_A_0011_0013.mp4,163
hp2PJMAJqyA_E_008110_008146_A_0017_0020.mp4,168
hp2PJMAJqyA_E_008280_008322_A_0003_0005.mp4,171
hp2PJMAJqyA_E_008280_008322_A_0010_0012.mp4,163
hp2PJMAJqyA_E_008280_008322_A_0017_0020.mp4,172
hp2PJMAJqyA_E_008280_008322_A_0031_0033.mp4,164
hp2PJMAJqyA_E_008460_008492_A_0003_0005.mp4,171
hp2PJMAJqyA_E_008460_008492_A_0016_0018.mp4,172
hp2PJMAJqyA_E_008652_008684_A_0013_0015.mp4,172
hp2PJMAJqyA_E_008652_008684_A_0020_0023.mp4,163
hp2PJMAJqyA_E_008950_008982_A_0003_0006.mp4,171
hp2PJMAJqyA_E_008950_008982_A_0015_0017.mp4,172
hp2PJMAJqyA_E_009135_009167_A_0003_0005.mp4,171
hp2PJMAJqyA_E_009135_009167_A_0018_0020.mp4,172
hp2PJMAJqyA_E_009135_009167_A_0027_0029.mp4,173
hp2PJMAJqyA_E_009312_009343_A_0004_0006.mp4,171
hp2PJMAJqyA_E_009312_009343_A_0015_0017.mp4,172
hp2PJMAJqyA_E_009312_009343_A_0022_0025.mp4,168
hp2PJMAJqyA_E_009312_009343_A_0025_0027.mp4,163
hp2PJMAJqyA_E_009484_009520_A_0015_0018.mp4,163
hp2PJMAJqyA_E_009484_009520_A_0022_0025.mp4,164
i87qMWsFbEI_E_000844_000879_A_0013_0015.mp4,172
i87qMWsFbEI_E_000844_000879_A_0020_0023.mp4,163
i87qMWsFbEI_E_000844_000879_A_0029_0031.mp4,164
i87qMWsFbEI_E_001067_001103_A_0007_0009.mp4,170
i87qMWsFbEI_E_001067_001103_A_0021_0023.mp4,169
i87qMWsFbEI_E_001200_001244_A_0008_0010.mp4,169
i87qMWsFbEI_E_001200_001244_A_0032_0033.mp4,170
i87qMWsFbEI_E_001347_001388_A_0002_0004.mp4,163
i87qMWsFbEI_E_001347_001388_A_0014_0017.mp4,174
i87qMWsFbEI_E_001347_001388_A_0022_0024.mp4,173
i87qMWsFbEI_E_001461_001500_A_0008_0010.mp4,173
i87qMWsFbEI_E_001461_001500_A_0015_0017.mp4,174
i87qMWsFbEI_E_001461_001500_A_0023_0025.mp4,163
i87qMWsFbEI_E_001765_001804_A_0007_0009.mp4,172
i87qMWsFbEI_E_001765_001804_A_0016_0018.mp4,173
i87qMWsFbEI_E_001765_001804_A_0022_0024.mp4,174
i87qMWsFbEI_E_001875_001927_A_0008_0010.mp4,172
i87qMWsFbEI_E_001875_001927_A_0044_0047.mp4,168
i87qMWsFbEI_E_001997_002044_A_0005_0007.mp4,164
i87qMWsFbEI_E_001997_002044_A_0017_0019.mp4,167
i87qMWsFbEI_E_002218_002251_A_0012_0015.mp4,167
i87qMWsFbEI_E_002218_002251_A_0024_0027.mp4,164
i87qMWsFbEI_E_002442_002483_A_0008_0011.mp4,163
i87qMWsFbEI_E_002442_002483_A_0015_0018.mp4,173
i87qMWsFbEI_E_002442_002483_A_0031_0033.mp4,168
jABvTCCWinA_E_000847_000932_A_0003_0005.mp4,173
jABvTCCWinA_E_000847_000932_A_0020_0023.mp4,164
jABvTCCWinA_E_000847_000932_A_0033_0036.mp4,164
jABvTCCWinA_E_001613_001655_A_0004_0007.mp4,173
jABvTCCWinA_E_001613_001655_A_0017_0019.mp4,174
jABvTCCWinA_E_002990_003035_A_0036_0038.mp4,163
jABvTCCWinA_E_003326_003363_A_0010_0013.mp4,173
jABvTCCWinA_E_003326_003363_A_0022_0024.mp4,164
jABvTCCWinA_E_004096_004128_A_0003_0006.mp4,168
jABvTCCWinA_E_004096_004128_A_0025_0027.mp4,167
jABvTCCWinA_E_004270_004318_A_0002_0005.mp4,173
jABvTCCWinA_E_004270_004318_A_0009_0011.mp4,164
jABvTCCWinA_E_004270_004318_A_0028_0031.mp4,163
jABvTCCWinA_E_004489_004526_A_0003_0005.mp4,163
jABvTCCWinA_E_004489_004526_A_0020_0022.mp4,168
jABvTCCWinA_E_004489_004526_A_0028_0030.mp4,174
jABvTCCWinA_E_005535_005568_A_0003_0006.mp4,163
jABvTCCWinA_E_005535_005568_A_0015_0018.mp4,165
jABvTCCWinA_E_005730_005765_A_0007_0009.mp4,172
jABvTCCWinA_E_005730_005765_A_0019_0022.mp4,173
ji4smBYYANs_E_002168_002210_A_0010_0012.mp4,164
ji4smBYYANs_E_002168_002210_A_0017_0020.mp4,163
ji4smBYYANs_E_002969_003004_A_0003_0006.mp4,171
ji4smBYYANs_E_002969_003004_A_0010_0013.mp4,172
ji4smBYYANs_E_002969_003004_A_0018_0021.mp4,173
ji4smBYYANs_E_002969_003004_A_0029_0032.mp4,163
ji4smBYYANs_E_003137_003168_A_0011_0014.mp4,163
ji4smBYYANs_E_003564_003606_A_0016_0019.mp4,164
ji4smBYYANs_E_003564_003606_A_0024_0027.mp4,163
ji4smBYYANs_E_003759_003792_A_0012_0014.mp4,168
ji4smBYYANs_E_006258_006296_A_0016_0018.mp4,163
ji4smBYYANs_E_006258_006296_A_0023_0025.mp4,168
ji4smBYYANs_E_006258_006296_A_0032_0035.mp4,168
ji4smBYYANs_E_007022_007056_A_0025_0027.mp4,167
jz594oTnl-k_E_000504_000542_A_0003_0006.mp4,165
jz594oTnl-k_E_000504_000542_A_0011_0013.mp4,170
jz594oTnl-k_E_000504_000542_A_0027_0030.mp4,167
jz594oTnl-k_E_001000_001048_A_0003_0005.mp4,164
jz594oTnl-k_E_001000_001048_A_0015_0018.mp4,173
jz594oTnl-k_E_002195_002234_A_0021_0024.mp4,167
jz594oTnl-k_E_002195_002234_A_0029_0031.mp4,168
jz594oTnl-k_E_002688_002731_A_0003_0005.mp4,172
jz594oTnl-k_E_002688_002731_A_0021_0023.mp4,173
jz594oTnl-k_E_002688_002731_A_0032_0035.mp4,163
jz594oTnl-k_E_003669_003722_A_0008_0011.mp4,172
jz594oTnl-k_E_003669_003722_A_0046_0049.mp4,168
jz594oTnl-k_E_004114_004148_A_0008_0010.mp4,170
jz594oTnl-k_E_004114_004148_A_0010_0012.mp4,167
k8zhOvRBjGo_E_001570_001608_A_0003_0005.mp4,163
k8zhOvRBjGo_E_001570_001608_A_0022_0024.mp4,173
k8zhOvRBjGo_E_001570_001608_A_0032_0034.mp4,164
k8zhOvRBjGo_E_001811_001842_A_0003_0006.mp4,171
k8zhOvRBjGo_E_001811_001842_A_0012_0014.mp4,172
k8zhOvRBjGo_E_002169_002201_A_0003_0005.mp4,171
k8zhOvRBjGo_E_002169_002201_A_0014_0017.mp4,172
k8zhOvRBjGo_E_002169_002201_A_0024_0027.mp4,173
k8zhOvRBjGo_E_002317_002353_A_0002_0005.mp4,173
k8zhOvRBjGo_E_003010_003041_A_0003_0005.mp4,163
k8zhOvRBjGo_E_003010_003041_A_0017_0019.mp4,164
k8zhOvRBjGo_E_003234_003268_A_0003_0006.mp4,171
k8zhOvRBjGo_E_003234_003268_A_0020_0023.mp4,172
k8zhOvRBjGo_E_003517_003554_A_0011_0013.mp4,163
l-ctNiOuCBc_E_005439_005479_A_0031_0034.mp4,163
l-ctNiOuCBc_E_005698_005737_A_0003_0005.mp4,163
l-ctNiOuCBc_E_005698_005737_A_0013_0015.mp4,168
l-ctNiOuCBc_E_005698_005737_A_0033_0035.mp4,168
l-ctNiOuCBc_E_005770_005803_A_0003_0005.mp4,163
l-ctNiOuCBc_E_005770_005803_A_0005_0007.mp4,168
l-ctNiOuCBc_E_005770_005803_A_0026_0029.mp4,168
l-ctNiOuCBc_E_005978_006011_A_0003_0005.mp4,171
l-ctNiOuCBc_E_005978_006011_A_0017_0019.mp4,172
l-ctNiOuCBc_E_005978_006011_A_0024_0026.mp4,168
l-ctNiOuCBc_E_005978_006011_A_0026_0029.mp4,163
l-ctNiOuCBc_E_006504_006541_A_0003_0005.mp4,173
l-ctNiOuCBc_E_006504_006541_A_0014_0017.mp4,174
l-ctNiOuCBc_E_006504_006541_A_0023_0025.mp4,174
l-ctNiOuCBc_E_006504_006541_A_0028_0031.mp4,163
l-ctNiOuCBc_E_006773_006817_A_0003_0005.mp4,171
l-ctNiOuCBc_E_006773_006817_A_0020_0023.mp4,164
l-ctNiOuCBc_E_006773_006817_A_0035_0038.mp4,174
l-ctNiOuCBc_E_007023_007063_A_0003_0005.mp4,163
l-ctNiOuCBc_E_007023_007063_A_0022_0025.mp4,164
l-ctNiOuCBc_E_007275_007314_A_0003_0006.mp4,164
l-ctNiOuCBc_E_007275_007314_A_0017_0019.mp4,163
l-ctNiOuCBc_E_007275_007314_A_0030_0032.mp4,168
l-ctNiOuCBc_E_007275_007314_A_0032_0034.mp4,168
l-ctNiOuCBc_E_007970_007990_A_0015_0017.mp4,163
l-ctNiOuCBc_E_007992_008013_A_0003_0005.mp4,163
l-ctNiOuCBc_E_007992_008013_A_0005_0007.mp4,168
l-ctNiOuCBc_E_007992_008013_A_0015_0017.mp4,168
lrwiYiFGQZE_E_000343_000383_A_0003_0005.mp4,163
lrwiYiFGQZE_E_000343_000383_A_0018_0020.mp4,164
lrwiYiFGQZE_E_000582_000623_A_0016_0018.mp4,172
lrwiYiFGQZE_E_000582_000623_A_0023_0026.mp4,171
lrwiYiFGQZE_E_000856_000891_A_0020_0022.mp4,163
lrwiYiFGQZE_E_001557_001595_A_0003_0005.mp4,163
lrwiYiFGQZE_E_001557_001595_A_0018_0020.mp4,168
lrwiYiFGQZE_E_001557_001595_A_0025_0028.mp4,173
lrwiYiFGQZE_E_002103_002171_A_0007_0010.mp4,163
lrwiYiFGQZE_E_002103_002171_A_0046_0048.mp4,164
lrwiYiFGQZE_E_003713_003763_A_0003_0006.mp4,174
lrwiYiFGQZE_E_003713_003763_A_0013_0016.mp4,168
lrwiYiFGQZE_E_004184_004228_A_0003_0005.mp4,163
lrwiYiFGQZE_E_004184_004228_A_0010_0012.mp4,171
lrwiYiFGQZE_E_004184_004228_A_0018_0020.mp4,172
lrwiYiFGQZE_E_004184_004228_A_0025_0027.mp4,173
lrwiYiFGQZE_E_004478_004516_A_0016_0018.mp4,171
mI7pLIDnTiQ_E_000465_000487_A_0003_0006.mp4,168
mI7pLIDnTiQ_E_000830_000859_A_0003_0005.mp4,168
mI7pLIDnTiQ_E_000919_000947_A_0003_0005.mp4,168
mI7pLIDnTiQ_E_002303_002328_A_0018_0021.mp4,167
mI7pLIDnTiQ_E_002381_002408_A_0018_0021.mp4,168
mI7pLIDnTiQ_E_002381_002408_A_0021_0023.mp4,168
mI7pLIDnTiQ_E_002668_002691_A_0016_0019.mp4,167
mI7pLIDnTiQ_E_003180_003203_A_0003_0005.mp4,168
mI7pLIDnTiQ_E_003791_003813_A_0015_0017.mp4,167
mI7pLIDnTiQ_E_003919_003946_A_0020_0022.mp4,167
mI7pLIDnTiQ_E_004695_004717_A_0015_0018.mp4,167
mQ59PLtU4QA_E_002174_002207_A_0003_0005.mp4,168
mQ59PLtU4QA_E_002174_002207_A_0010_0013.mp4,163
mQ59PLtU4QA_E_002323_002362_A_0005_0007.mp4,163
mQ59PLtU4QA_E_002323_002362_A_0014_0016.mp4,172
mQ59PLtU4QA_E_002465_002502_A_0023_0026.mp4,167
mQ59PLtU4QA_E_002465_002502_A_0028_0030.mp4,168
mQ59PLtU4QA_E_002861_002900_A_0003_0005.mp4,171
mQ59PLtU4QA_E_002861_002900_A_0021_0025.mp4,172
mQ59PLtU4QA_E_002861_002900_A_0030_0032.mp4,168
mQ59PLtU4QA_E_002861_002900_A_0032_0035.mp4,163
mQ59PLtU4QA_E_003196_003232_A_0003_0005.mp4,168
mQ59PLtU4QA_E_003332_003376_A_0003_0005.mp4,173
mQ59PLtU4QA_E_003332_003376_A_0014_0016.mp4,174
mgtMKd072Pg_E_004158_004190_A_0019_0021.mp4,172
mgtMKd072Pg_E_004345_004376_A_0003_0006.mp4,164
mgtMKd072Pg_E_004345_004376_A_0019_0022.mp4,163
mgtMKd072Pg_E_004523_004557_A_0028_0031.mp4,163
mgtMKd072Pg_E_004701_004745_A_0031_0033.mp4,168
mgtMKd072Pg_E_004701_004745_A_0038_0040.mp4,168
mgtMKd072Pg_E_004933_004963_A_0024_0026.mp4,163
mgtMKd072Pg_E_005115_005154_A_0008_0010.mp4,164
mgtMKd072Pg_E_005115_005154_A_0028_0031.mp4,167
n9-yxVGYMRw_E_000199_000254_A_0008_0010.mp4,168
n9-yxVGYMRw_E_000199_000254_A_0013_0015.mp4,168
n9-yxVGYMRw_E_000199_000254_A_0027_0029.mp4,168
n9-yxVGYMRw_E_000199_000254_A_0046_0048.mp4,168
n9-yxVGYMRw_E_000287_000330_A_0003_0005.mp4,168
n9-yxVGYMRw_E_000287_000330_A_0030_0032.mp4,168
n9-yxVGYMRw_E_000495_000540_A_0016_0019.mp4,168
n9-yxVGYMRw_E_000495_000540_A_0026_0029.mp4,168
n9-yxVGYMRw_E_001290_001362_A_0008_0011.mp4,163
n9-yxVGYMRw_E_001290_001362_A_0018_0020.mp4,164
n9-yxVGYMRw_E_001290_001362_A_0065_0067.mp4,168
n9-yxVGYMRw_E_001550_001581_A_0003_0006.mp4,168
n9-yxVGYMRw_E_001550_001581_A_0021_0023.mp4,167
n9-yxVGYMRw_E_001781_001816_A_0020_0022.mp4,163
n9-yxVGYMRw_E_001853_001888_A_0010_0012.mp4,164
n9-yxVGYMRw_E_001853_001888_A_0029_0032.mp4,163
n9-yxVGYMRw_E_002071_002117_A_0002_0005.mp4,163
n9-yxVGYMRw_E_002071_002117_A_0010_0012.mp4,171
n9-yxVGYMRw_E_002071_002117_A_0018_0020.mp4,172
n9-yxVGYMRw_E_002071_002117_A_0025_0027.mp4,173
n9-yxVGYMRw_E_002337_002376_A_0005_0008.mp4,163
n9-yxVGYMRw_E_002337_002376_A_0016_0018.mp4,168
n9-yxVGYMRw_E_002337_002376_A_0032_0034.mp4,168
n9-yxVGYMRw_E_002879_002928_A_0010_0012.mp4,172
n9-yxVGYMRw_E_002879_002928_A_0037_0040.mp4,173
nEoD3t5O3Hg_E_008416_008445_A_0022_0024.mp4,163
nEoD3t5O3Hg_E_008583_008618_A_0028_0031.mp4,163
nEoD3t5O3Hg_E_008715_008748_A_0026_0029.mp4,163
nEoD3t5O3Hg_E_008850_008879_A_0013_0015.mp4,172
nEoD3t5O3Hg_E_008850_008879_A_0020_0022.mp4,168
nEoD3t5O3Hg_E_008850_008879_A_0022_0025.mp4,163
nEoD3t5O3Hg_E_009042_009078_A_0012_0015.mp4,168
nEoD3t5O3Hg_E_009042_009078_A_0025_0027.mp4,168
nEoD3t5O3Hg_E_009223_009252_A_0003_0005.mp4,171
nEoD3t5O3Hg_E_009223_009252_A_0016_0019.mp4,172
nEoD3t5O3Hg_E_009390_009424_A_0028_0030.mp4,163
nEoD3t5O3Hg_E_009603_009625_A_0005_0009.mp4,164
nSDRagdrJ-A_E_003602_003640_A_0003_0005.mp4,163
nSDRagdrJ-A_E_003602_003640_A_0026_0028.mp4,168
oShVYr-GRqw_E_003977_003994_A_0007_0009.mp4,168
oShVYr-GRqw_E_004204_004238_A_0003_0006.mp4,173
oShVYr-GRqw_E_004204_004238_A_0015_0017.mp4,171
oShVYr-GRqw_E_004204_004238_A_0023_0025.mp4,164
oShVYr-GRqw_E_004204_004238_A_0028_0030.mp4,163
oShVYr-GRqw_E_004344_004380_A_0017_0019.mp4,168
oShVYr-GRqw_E_004344_004380_A_0026_0029.mp4,168
oShVYr-GRqw_E_004344_004380_A_0029_0031.mp4,163
oShVYr-GRqw_E_004808_004836_A_0021_0023.mp4,163
oShVYr-GRqw_E_004939_004978_A_0008_0011.mp4,168
oShVYr-GRqw_E_004939_004978_A_0018_0020.mp4,163
oShVYr-GRqw_E_004939_004978_A_0026_0028.mp4,164
om-qKQXxnH4_E_000253_000291_A_0003_0006.mp4,171
om-qKQXxnH4_E_000253_000291_A_0023_0026.mp4,172
om-qKQXxnH4_E_000441_000485_A_0011_0013.mp4,163
om-qKQXxnH4_E_000441_000485_A_0027_0030.mp4,168
om-qKQXxnH4_E_000798_000828_A_0003_0006.mp4,171
om-qKQXxnH4_E_000798_000828_A_0015_0017.mp4,172
om-qKQXxnH4_E_000798_000828_A_0024_0027.mp4,173
om-qKQXxnH4_E_000961_000996_A_0004_0007.mp4,172
om-qKQXxnH4_E_000961_000996_A_0018_0020.mp4,171
om-qKQXxnH4_E_000961_000996_A_0029_0031.mp4,173
om-qKQXxnH4_E_001900_001935_A_0011_0013.mp4,163
om-qKQXxnH4_E_003266_003309_A_0021_0024.mp4,163
om-qKQXxnH4_E_003483_003513_A_0012_0015.mp4,172
om-qKQXxnH4_E_004202_004239_A_0003_0005.mp4,173
om-qKQXxnH4_E_005096_005130_A_0005_0007.mp4,163
owZ2Fv4Li8M_E_000538_000572_A_0027_0030.mp4,163
owZ2Fv4Li8M_E_000994_001029_A_0012_0016.mp4,163
owZ2Fv4Li8M_E_001513_001573_A_0011_0013.mp4,167
owZ2Fv4Li8M_E_001513_001573_A_0015_0018.mp4,168
owZ2Fv4Li8M_E_003579_003612_A_0003_0006.mp4,168
owZ2Fv4Li8M_E_003579_003612_A_0023_0026.mp4,167
p42w02g4Ce4_E_000289_000329_A_0010_0012.mp4,168
p42w02g4Ce4_E_000289_000329_A_0030_0032.mp4,167
p42w02g4Ce4_E_000481_000507_A_0009_0011.mp4,168
p42w02g4Ce4_E_001443_001484_A_0016_0019.mp4,168
p42w02g4Ce4_E_001443_001484_A_0031_0034.mp4,168
p42w02g4Ce4_E_002718_002754_A_0016_0018.mp4,168
p42w02g4Ce4_E_003379_003417_A_0019_0022.mp4,168
p42w02g4Ce4_E_003379_003417_A_0029_0032.mp4,167
p42w02g4Ce4_E_003521_003558_A_0010_0012.mp4,167
p42w02g4Ce4_E_003691_003728_A_0019_0021.mp4,168
p42w02g4Ce4_E_005355_005408_A_0003_0005.mp4,171
pDymfQS91xI_E_000657_000695_A_0019_0021.mp4,163
pDymfQS91xI_E_002175_002224_A_0011_0014.mp4,167
pDymfQS91xI_E_002175_002224_A_0014_0016.mp4,168
pDymfQS91xI_E_002483_002527_A_0002_0005.mp4,163
pDymfQS91xI_E_002483_002527_A_0009_0012.mp4,171
pDymfQS91xI_E_002483_002527_A_0017_0019.mp4,172
pDymfQS91xI_E_002483_002527_A_0024_0027.mp4,173
pDymfQS91xI_E_003384_003414_A_0015_0018.mp4,163
pDymfQS91xI_E_003691_003723_A_0010_0012.mp4,164
pDymfQS91xI_E_003691_003723_A_0026_0028.mp4,163
pDymfQS91xI_E_003860_003919_A_0038_0041.mp4,169
pDymfQS91xI_E_003860_003919_A_0048_0050.mp4,168
pDymfQS91xI_E_004053_004089_A_0008_0011.mp4,163
pDymfQS91xI_E_004916_004949_A_0008_0010.mp4,163
pDymfQS91xI_E_004916_004949_A_0026_0028.mp4,168
pDymfQS91xI_E_005241_005281_A_0026_0028.mp4,173
pEoWudMTZbY_E_000870_000923_A_0012_0014.mp4,168
pEoWudMTZbY_E_000979_001012_A_0003_0006.mp4,171
pEoWudMTZbY_E_000979_001012_A_0015_0017.mp4,172
pEoWudMTZbY_E_001054_001093_A_0003_0005.mp4,171
pEoWudMTZbY_E_001054_001093_A_0010_0012.mp4,163
pEoWudMTZbY_E_001054_001093_A_0023_0025.mp4,172
pEoWudMTZbY_E_001149_001185_A_0012_0015.mp4,163
pEoWudMTZbY_E_001248_001290_A_0016_0018.mp4,172
pEoWudMTZbY_E_001248_001290_A_0024_0027.mp4,171
pEoWudMTZbY_E_001341_001373_A_0003_0005.mp4,173
pEoWudMTZbY_E_001341_001373_A_0017_0019.mp4,172
pEoWudMTZbY_E_001341_001373_A_0025_0027.mp4,163
pEoWudMTZbY_E_001434_001471_A_0015_0017.mp4,163
pEoWudMTZbY_E_001434_001471_A_0025_0027.mp4,164
qBlozVQ7NOc_E_001610_001646_A_0003_0005.mp4,171
qBlozVQ7NOc_E_001610_001646_A_0024_0027.mp4,168
qBlozVQ7NOc_E_001801_001841_A_0003_0005.mp4,163
qBlozVQ7NOc_E_001801_001841_A_0019_0021.mp4,164
qBlozVQ7NOc_E_002138_002173_A_0003_0006.mp4,171
qBlozVQ7NOc_E_002138_002173_A_0024_0026.mp4,168
qBlozVQ7NOc_E_002615_002644_A_0003_0005.mp4,173
qBlozVQ7NOc_E_002615_002644_A_0014_0017.mp4,174
qBlozVQ7NOc_E_002615_002644_A_0022_0025.mp4,163
qBlozVQ7NOc_E_002757_002791_A_0003_0005.mp4,163
qBlozVQ7NOc_E_002757_002791_A_0010_0012.mp4,173
qBlozVQ7NOc_E_002757_002791_A_0018_0021.mp4,164
qBlozVQ7NOc_E_003134_003169_A_0018_0020.mp4,170
qBlozVQ7NOc_E_003134_003169_A_0025_0027.mp4,168
qBlozVQ7NOc_E_003558_003602_A_0015_0018.mp4,168
qBlozVQ7NOc_E_003558_003602_A_0028_0031.mp4,168
qBlozVQ7NOc_E_003558_003602_A_0033_0035.mp4,167
qBlozVQ7NOc_E_003718_003755_A_0003_0005.mp4,173
qBlozVQ7NOc_E_003718_003755_A_0027_0030.mp4,168
qGvIwgHzCH8_E_001010_001042_A_0005_0007.mp4,171
qGvIwgHzCH8_E_001010_001042_A_0019_0021.mp4,172
qGvIwgHzCH8_E_001380_001417_A_0003_0006.mp4,171
qGvIwgHzCH8_E_001380_001417_A_0011_0014.mp4,172
qGvIwgHzCH8_E_001380_001417_A_0019_0021.mp4,173
qGvIwgHzCH8_E_001380_001417_A_0030_0032.mp4,163
qGvIwgHzCH8_E_001801_001837_A_0018_0020.mp4,163
qGvIwgHzCH8_E_001801_001837_A_0025_0027.mp4,164
qGvIwgHzCH8_E_002600_002671_A_0020_0022.mp4,168
qGvIwgHzCH8_E_002805_002840_A_0003_0006.mp4,171
qGvIwgHzCH8_E_002805_002840_A_0014_0017.mp4,172
qGvIwgHzCH8_E_002805_002840_A_0028_0030.mp4,168
qGvIwgHzCH8_E_003388_003430_A_0016_0019.mp4,164
qGvIwgHzCH8_E_003388_003430_A_0024_0027.mp4,163
qGvIwgHzCH8_E_003744_003783_A_0003_0005.mp4,171
qGvIwgHzCH8_E_003744_003783_A_0023_0026.mp4,172
qGvIwgHzCH8_E_004297_004341_A_0003_0005.mp4,173
qGvIwgHzCH8_E_004297_004341_A_0011_0013.mp4,168
qGvIwgHzCH8_E_004297_004341_A_0027_0029.mp4,163
qGvIwgHzCH8_E_004297_004341_A_0036_0039.mp4,168
qGvIwgHzCH8_E_006886_006924_A_0016_0018.mp4,173
qGvIwgHzCH8_E_006886_006924_A_0026_0028.mp4,174
qGvIwgHzCH8_E_007137_007176_A_0003_0005.mp4,168
qGvIwgHzCH8_E_007137_007176_A_0013_0015.mp4,168
qfgrzomg0nc_E_001160_001193_A_0003_0006.mp4,168
qfgrzomg0nc_E_001160_001193_A_0024_0027.mp4,167
qfgrzomg0nc_E_001330_001361_A_0004_0006.mp4,172
qfgrzomg0nc_E_001330_001361_A_0024_0027.mp4,167
qfgrzomg0nc_E_001480_001511_A_0018_0021.mp4,168
qfgrzomg0nc_E_002638_002671_A_0005_0007.mp4,164
qfgrzomg0nc_E_002638_002671_A_0013_0015.mp4,163
qfgrzomg0nc_E_003586_003621_A_0005_0007.mp4,171
qfgrzomg0nc_E_003586_003621_A_0018_0021.mp4,168
qfgrzomg0nc_E_003586_003621_A_0021_0024.mp4,168
qfgrzomg0nc_E_003586_003621_A_0028_0030.mp4,173
qfgrzomg0nc_E_004127_004156_A_0005_0007.mp4,168
qfgrzomg0nc_E_004127_004156_A_0021_0024.mp4,167
qfgrzomg0nc_E_005133_005161_A_0003_0005.mp4,174
qfgrzomg0nc_E_005133_005161_A_0022_0025.mp4,163
qzi2cKZCf94_E_007133_007191_A_0003_0005.mp4,173
qzi2cKZCf94_E_007133_007191_A_0019_0022.mp4,164
qzi2cKZCf94_E_007133_007191_A_0022_0025.mp4,168
qzi2cKZCf94_E_007133_007191_A_0025_0027.mp4,168
qzi2cKZCf94_E_007133_007191_A_0049_0052.mp4,168
qzi2cKZCf94_E_007133_007191_A_0052_0054.mp4,168
qzi2cKZCf94_E_007297_007336_A_0003_0005.mp4,171
qzi2cKZCf94_E_007297_007336_A_0023_0026.mp4,172
qzi2cKZCf94_E_007491_007527_A_0011_0014.mp4,167
qzi2cKZCf94_E_007491_007527_A_0014_0016.mp4,168
qzi2cKZCf94_E_007639_007672_A_0018_0020.mp4,172
qzi2cKZCf94_E_007639_007672_A_0028_0030.mp4,173
qzi2cKZCf94_E_007775_007812_A_0016_0018.mp4,168
qzi2cKZCf94_E_007775_007812_A_0025_0028.mp4,168
qzi2cKZCf94_E_007775_007812_A_0028_0030.mp4,167
qzi2cKZCf94_E_007775_007812_A_0030_0032.mp4,168
qzi2cKZCf94_E_007931_007966_A_0009_0012.mp4,169
qzi2cKZCf94_E_007931_007966_A_0016_0019.mp4,168
qzi2cKZCf94_E_008240_008273_A_0012_0014.mp4,163
qzi2cKZCf94_E_008240_008273_A_0019_0021.mp4,164
qzi2cKZCf94_E_008498_008585_A_0043_0046.mp4,168
qzi2cKZCf94_E_008498_008585_A_0051_0053.mp4,167
qzi2cKZCf94_E_008498_008585_A_0080_0082.mp4,168
s7pyZPf6fKU_E_002890_002927_A_0003_0006.mp4,171
s7pyZPf6fKU_E_002890_002927_A_0020_0022.mp4,172
s7pyZPf6fKU_E_002932_002970_A_0010_0013.mp4,163
s7pyZPf6fKU_E_002978_003011_A_0003_0005.mp4,171
s7pyZPf6fKU_E_002978_003011_A_0017_0019.mp4,172
s7pyZPf6fKU_E_002978_003011_A_0027_0030.mp4,173
s7pyZPf6fKU_E_003019_003054_A_0010_0012.mp4,163
s7pyZPf6fKU_E_003087_003128_A_0003_0005.mp4,163
s7pyZPf6fKU_E_003087_003128_A_0035_0037.mp4,164
s7pyZPf6fKU_E_003239_003273_A_0003_0005.mp4,171
s7pyZPf6fKU_E_003239_003273_A_0018_0020.mp4,172
s7pyZPf6fKU_E_003451_003490_A_0011_0014.mp4,163
s7pyZPf6fKU_E_003616_003650_A_0003_0005.mp4,171
s7pyZPf6fKU_E_003616_003650_A_0018_0020.mp4,172
s7pyZPf6fKU_E_003616_003650_A_0028_0030.mp4,173
u6tU91r1Szo_E_000419_000452_A_0008_0010.mp4,163
u6tU91r1Szo_E_000419_000452_A_0018_0021.mp4,168
u6tU91r1Szo_E_001538_001572_A_0015_0018.mp4,168
u6tU91r1Szo_E_001538_001572_A_0025_0028.mp4,167
u6tU91r1Szo_E_002183_002207_A_0003_0005.mp4,168
u6tU91r1Szo_E_002183_002207_A_0014_0017.mp4,167
u6tU91r1Szo_E_003175_003210_A_0017_0020.mp4,167
u6tU91r1Szo_E_003175_003210_A_0020_0022.mp4,168
u6tU91r1Szo_E_003722_003757_A_0011_0013.mp4,167
u6tU91r1Szo_E_003722_003757_A_0015_0017.mp4,168
uDZVn-K4GE4_E_003774_003815_A_0016_0019.mp4,168
uDZVn-K4GE4_E_003774_003815_A_0026_0029.mp4,168
uDZVn-K4GE4_E_003774_003815_A_0031_0034.mp4,168
uDZVn-K4GE4_E_003944_003977_A_0006_0008.mp4,169
uDZVn-K4GE4_E_003944_003977_A_0012_0015.mp4,170
0LtLS9wROrk_E_000176_000204_A_0003_0006.mp4,167
0LtLS9wROrk_E_000176_000204_A_0006_0008.mp4,168
0LtLS9wROrk_E_000176_000204_A_0021_0024.mp4,167
0LtLS9wROrk_E_000479_000506_A_0019_0022.mp4,167
0LtLS9wROrk_E_000773_000802_A_0013_0016.mp4,164
0LtLS9wROrk_E_001098_001122_A_0018_0021.mp4,167
0LtLS9wROrk_E_002710_002737_A_0003_0006.mp4,167
0jqn1vxdhls_E_000319_000352_A_0003_0005.mp4,169
0jqn1vxdhls_E_000319_000352_A_0010_0012.mp4,165
0jqn1vxdhls_E_000443_000484_A_0008_0010.mp4,168
0jqn1vxdhls_E_000443_000484_A_0017_0019.mp4,173
0jqn1vxdhls_E_000443_000484_A_0026_0028.mp4,164
0jqn1vxdhls_E_000443_000484_A_0035_0037.mp4,163
1Fdwuy2V9EY_E_001794_001820_A_0003_0006.mp4,171
1Fdwuy2V9EY_E_001912_001945_A_0014_0015.mp4,174
1Fdwuy2V9EY_E_002157_002194_A_0023_0026.mp4,172
9Mtbac7g15I_E_001809_001842_A_0008_0010.mp4,170
VWsVUnoyUoA_E_002053_002081_A_0003_0005.mp4,168
VWsVUnoyUoA_E_002053_002081_A_0022_0025.mp4,167
VWsVUnoyUoA_E_002216_002250_A_0003_0005.mp4,163
VWsVUnoyUoA_E_002216_002250_A_0022_0025.mp4,168
VWsVUnoyUoA_E_002380_002457_A_0003_0005.mp4,168
VWsVUnoyUoA_E_002380_002457_A_0010_0013.mp4,167
VWsVUnoyUoA_E_002619_002654_A_0005_0007.mp4,163
VWsVUnoyUoA_E_002619_002654_A_0020_0023.mp4,174
VWsVUnoyUoA_E_002914_002948_A_0012_0015.mp4,168
VWsVUnoyUoA_E_003089_003127_A_0003_0005.mp4,171
VWsVUnoyUoA_E_003089_003127_A_0013_0015.mp4,172
VWsVUnoyUoA_E_003247_003290_A_0023_0026.mp4,169
VWsVUnoyUoA_E_003413_003457_A_0003_0005.mp4,174
VWsVUnoyUoA_E_003413_003457_A_0005_0008.mp4,174
VWsVUnoyUoA_E_003413_003457_A_0013_0016.mp4,169
VWsVUnoyUoA_E_003413_003457_A_0021_0024.mp4,168
VWsVUnoyUoA_E_003413_003457_A_0024_0027.mp4,173
VWsVUnoyUoA_E_003591_003631_A_0003_0005.mp4,171
VWsVUnoyUoA_E_003591_003631_A_0020_0023.mp4,172
VWsVUnoyUoA_E_003591_003631_A_0028_0030.mp4,168
VWsVUnoyUoA_E_003591_003631_A_0030_0032.mp4,164
VWsVUnoyUoA_E_003591_003631_A_0032_0035.mp4,168
Vq-w0Jk7y7g_E_000639_000682_A_0024_0026.mp4,168
Vq-w0Jk7y7g_E_000639_000682_A_0034_0036.mp4,167
Vq-w0Jk7y7g_E_000792_000827_A_0003_0005.mp4,167
Vq-w0Jk7y7g_E_000792_000827_A_0007_0010.mp4,168
Vq-w0Jk7y7g_E_001004_001045_A_0003_0005.mp4,168
Vq-w0Jk7y7g_E_001004_001045_A_0012_0015.mp4,163
Vq-w0Jk7y7g_E_001193_001226_A_0005_0008.mp4,173
Vq-w0Jk7y7g_E_001193_001226_A_0018_0020.mp4,168
Vq-w0Jk7y7g_E_001193_001226_A_0024_0027.mp4,167
Vq-w0Jk7y7g_E_001320_001367_A_0016_0018.mp4,169
Vq-w0Jk7y7g_E_001320_001367_A_0030_0032.mp4,170
Vq-w0Jk7y7g_E_001320_001367_A_0036_0039.mp4,167
Vq-w0Jk7y7g_E_001888_001922_A_0007_0010.mp4,168
Vq-w0Jk7y7g_E_001888_001922_A_0023_0026.mp4,167
Vq-w0Jk7y7g_E_002030_002062_A_0004_0007.mp4,168
Vq-w0Jk7y7g_E_002030_002062_A_0025_0028.mp4,167
Vq-w0Jk7y7g_E_002199_002227_A_0015_0017.mp4,172
Vq-w0Jk7y7g_E_002199_002227_A_0021_0024.mp4,173
Vq-w0Jk7y7g_E_002366_002403_A_0005_0007.mp4,173
Vq-w0Jk7y7g_E_002366_002403_A_0026_0028.mp4,164
Vq-w0Jk7y7g_E_002961_003000_A_0026_0029.mp4,164
Vq-w0Jk7y7g_E_003197_003237_A_0017_0019.mp4,163
Vq-w0Jk7y7g_E_003197_003237_A_0024_0026.mp4,168
Vq-w0Jk7y7g_E_003389_003430_A_0024_0027.mp4,174
Vq-w0Jk7y7g_E_003389_003430_A_0032_0034.mp4,163
Vq-w0Jk7y7g_E_003573_003606_A_0015_0017.mp4,168
Vq-w0Jk7y7g_E_003573_003606_A_0025_0028.mp4,167
Vq-w0Jk7y7g_E_003768_003807_A_0018_0022.mp4,168
Vq-w0Jk7y7g_E_003768_003807_A_0030_0033.mp4,167
Vq-w0Jk7y7g_E_004451_004490_A_0003_0006.mp4,163
Vq-w0Jk7y7g_E_004451_004490_A_0024_0027.mp4,168
Vq-w0Jk7y7g_E_004966_005000_A_0018_0020.mp4,167
Vq-w0Jk7y7g_E_004966_005000_A_0022_0024.mp4,168
Vq-w0Jk7y7g_E_005183_005223_A_0016_0019.mp4,168
Vq-w0Jk7y7g_E_005183_005223_A_0031_0033.mp4,168
WCcSXjsCVMA_E_002042_002078_A_0003_0005.mp4,163
WCcSXjsCVMA_E_002042_002078_A_0023_0026.mp4,168
WCcSXjsCVMA_E_002865_002915_A_0003_0005.mp4,163
WCcSXjsCVMA_E_002865_002915_A_0029_0031.mp4,164
WCcSXjsCVMA_E_003064_003097_A_0024_0026.mp4,167
WCcSXjsCVMA_E_003221_003253_A_0003_0005.mp4,164
WCcSXjsCVMA_E_003371_003409_A_0002_0005.mp4,168
WCcSXjsCVMA_E_003371_003409_A_0012_0014.mp4,167
WCcSXjsCVMA_E_004305_004342_A_0003_0005.mp4,163
WCcSXjsCVMA_E_004305_004342_A_0007_0010.mp4,168
WCcSXjsCVMA_E_005130_005165_A_0003_0005.mp4,168
WCcSXjsCVMA_E_005130_005165_A_0010_0012.mp4,163
WCcSXjsCVMA_E_005301_005336_A_0003_0006.mp4,168
WCcSXjsCVMA_E_005301_005336_A_0026_0029.mp4,167
WCcSXjsCVMA_E_005458_005491_A_0015_0017.mp4,163
WCcSXjsCVMA_E_006372_006403_A_0003_0005.mp4,163
WCcSXjsCVMA_E_006372_006403_A_0018_0021.mp4,168
WCcSXjsCVMA_E_006575_006644_A_0002_0005.mp4,173
WCcSXjsCVMA_E_006575_006644_A_0010_0012.mp4,174
WCcSXjsCVMA_E_007802_007836_A_0010_0012.mp4,167
WCcSXjsCVMA_E_007802_007836_A_0023_0026.mp4,168
WCcSXjsCVMA_E_009039_009073_A_0002_0005.mp4,164
WCcSXjsCVMA_E_009039_009073_A_0024_0027.mp4,167
Wu1gxxpbF2o_E_000872_000900_A_0003_0005.mp4,168
Wu1gxxpbF2o_E_001351_001397_A_0010_0012.mp4,164
Wu1gxxpbF2o_E_001351_001397_A_0022_0024.mp4,163
Wu1gxxpbF2o_E_002139_002181_A_0016_0019.mp4,172
Wu1gxxpbF2o_E_002139_002181_A_0025_0027.mp4,171
Wu1gxxpbF2o_E_002299_002335_A_0011_0014.mp4,163
Wu1gxxpbF2o_E_002621_002653_A_0003_0005.mp4,173
Wu1gxxpbF2o_E_002621_002653_A_0014_0017.mp4,172
Wu1gxxpbF2o_E_002621_002653_A_0025_0028.mp4,163
Wu1gxxpbF2o_E_002772_002812_A_0009_0012.mp4,168
Wu1gxxpbF2o_E_002772_002812_A_0018_0021.mp4,163
Wu1gxxpbF2o_E_002772_002812_A_0027_0030.mp4,164
Wu1gxxpbF2o_E_002936_002971_A_0011_0014.mp4,168
X4CY5MZwI9I_E_007613_007642_A_0003_0005.mp4,163
X4CY5MZwI9I_E_007613_007642_A_0016_0018.mp4,168
X4CY5MZwI9I_E_007613_007642_A_0021_0022.mp4,164
X4CY5MZwI9I_E_007932_007964_A_0012_0015.mp4,168
X4CY5MZwI9I_E_008601_008635_A_0027_0029.mp4,163
X4CY5MZwI9I_E_008930_008966_A_0005_0008.mp4,163
X4CY5MZwI9I_E_009642_009676_A_0017_0020.mp4,167
X4CY5MZwI9I_E_009642_009676_A_0020_0022.mp4,168
X4CY5MZwI9I_E_009981_010010_A_0017_0019.mp4,168
X4ajWw8L19s_E_002018_002047_A_0007_0009.mp4,168
X4ajWw8L19s_E_002018_002047_A_0018_0021.mp4,167
X4ajWw8L19s_E_002536_002569_A_0007_0009.mp4,168
X4ajWw8L19s_E_002536_002569_A_0011_0013.mp4,167
X4ajWw8L19s_E_003273_003302_A_0019_0021.mp4,167
X4ajWw8L19s_E_004486_004532_A_0034_0037.mp4,164
X4ajWw8L19s_E_004841_004898_A_0031_0034.mp4,172
X4ajWw8L19s_E_004841_004898_A_0047_0049.mp4,173
X4ajWw8L19s_E_005096_005133_A_0010_0012.mp4,168
X4ajWw8L19s_E_005096_005133_A_0027_0030.mp4,167
X4ajWw8L19s_E_008477_008507_A_0015_0017.mp4,167
X4ajWw8L19s_E_008477_008507_A_0019_0021.mp4,168
X4ajWw8L19s_E_008610_008649_A_0003_0005.mp4,168
X4ajWw8L19s_E_008610_008649_A_0029_0032.mp4,167
X4ajWw8L19s_E_009955_010003_A_0005_0007.mp4,168
X4ajWw8L19s_E_009955_010003_A_0023_0026.mp4,167
X6sggzI0mw8_E_000674_000711_A_0027_0030.mp4,173
X6sggzI0mw8_E_000863_000897_A_0016_0019.mp4,174
X6sggzI0mw8_E_000863_000897_A_0027_0030.mp4,163
X6sggzI0mw8_E_001120_001154_A_0003_0006.mp4,163
X6sggzI0mw8_E_001120_001154_A_0020_0022.mp4,164
X6sggzI0mw8_E_001267_001311_A_0003_0006.mp4,173
X6sggzI0mw8_E_001267_001311_A_0035_0037.mp4,168
X6sggzI0mw8_E_001517_001556_A_0008_0010.mp4,168
X6sggzI0mw8_E_001517_001556_A_0024_0026.mp4,163
X6sggzI0mw8_E_001698_001738_A_0003_0005.mp4,173
X6sggzI0mw8_E_001698_001738_A_0013_0015.mp4,174
X6sggzI0mw8_E_002398_002430_A_0003_0006.mp4,171
X6sggzI0mw8_E_002398_002430_A_0022_0024.mp4,174
X6sggzI0mw8_E_002670_002706_A_0005_0007.mp4,171
X6sggzI0mw8_E_002670_002706_A_0007_0008.mp4,172
X6sggzI0mw8_E_002824_002862_A_0006_0009.mp4,163
X6sggzI0mw8_E_002824_002862_A_0028_0030.mp4,164
X6sggzI0mw8_E_003997_004026_A_0003_0005.mp4,163
X6sggzI0mw8_E_003997_004026_A_0016_0018.mp4,164
X6sggzI0mw8_E_005156_005187_A_0005_0008.mp4,163
X6sggzI0mw8_E_005436_005475_A_0003_0005.mp4,171
X6sggzI0mw8_E_005436_005475_A_0025_0027.mp4,172
Xw1UvouxVLk_E_000128_000162_A_0005_0007.mp4,163
Xw1UvouxVLk_E_000671_000705_A_0004_0007.mp4,163
Xw1UvouxVLk_E_000786_000833_A_0017_0019.mp4,168
Xw1UvouxVLk_E_000786_000833_A_0025_0027.mp4,173
Xw1UvouxVLk_E_001037_001066_A_0005_0007.mp4,171
Xw1UvouxVLk_E_001037_001066_A_0018_0021.mp4,172
Xw1UvouxVLk_E_001037_001066_A_0023_0025.mp4,173
Xw1UvouxVLk_E_004617_004648_A_0012_0015.mp4,167
Xw1UvouxVLk_E_004617_004648_A_0020_0023.mp4,168
Xw1UvouxVLk_E_004718_004765_A_0012_0015.mp4,173
Xw1UvouxVLk_E_004894_004936_A_0023_0025.mp4,163
Xw1UvouxVLk_E_005032_005067_A_0019_0022.mp4,163
Xw1UvouxVLk_E_005136_005181_A_0003_0005.mp4,173
Xw1UvouxVLk_E_005136_005181_A_0015_0018.mp4,164
Xw1UvouxVLk_E_005136_005181_A_0018_0020.mp4,168
Xw1UvouxVLk_E_005288_005319_A_0012_0015.mp4,167
Xw1UvouxVLk_E_005288_005319_A_0020_0023.mp4,168
YUKvzPL5nok_E_000323_000344_A_0014_0016.mp4,164
YUKvzPL5nok_E_000642_000671_A_0003_0006.mp4,168
YUKvzPL5nok_E_000984_001011_A_0008_0011.mp4,168
YesOPAkCA40_E_004401_004434_A_0003_0005.mp4,168
YesOPAkCA40_E_004401_004434_A_0025_0028.mp4,167
YesOPAkCA40_E_006560_006594_A_0003_0006.mp4,163
YesOPAkCA40_E_006560_006594_A_0019_0021.mp4,168
YesOPAkCA40_E_006722_006771_A_0022_0024.mp4,163
YesOPAkCA40_E_006722_006771_A_0038_0041.mp4,168
YesOPAkCA40_E_006924_006990_A_0003_0006.mp4,168
YesOPAkCA40_E_006924_006990_A_0056_0058.mp4,167
YesOPAkCA40_E_007116_007146_A_0015_0018.mp4,169
YesOPAkCA40_E_007297_007334_A_0016_0019.mp4,163
YesOPAkCA40_E_007490_007557_A_0056_0059.mp4,167
YesOPAkCA40_E_007490_007557_A_0059_0060.mp4,168
YesOPAkCA40_E_007740_007817_A_0013_0015.mp4,163
YesOPAkCA40_E_007920_007952_A_0023_0026.mp4,167
Z0bBRwAzKe0_E_000597_000632_A_0019_0021.mp4,172
Z0bBRwAzKe0_E_000597_000632_A_0028_0031.mp4,173
Z0bBRwAzKe0_E_002510_002548_A_0008_0010.mp4,167
Z0bBRwAzKe0_E_002902_002939_A_0003_0005.mp4,163
Z0bBRwAzKe0_E_002902_002939_A_0007_0009.mp4,168
Z0bBRwAzKe0_E_003163_003206_A_0017_0020.mp4,164
Z0bBRwAzKe0_E_003163_003206_A_0025_0028.mp4,163
Z0bBRwAzKe0_E_003345_003376_A_0011_0014.mp4,163
Z0bBRwAzKe0_E_004093_004127_A_0003_0005.mp4,168
Z0bBRwAzKe0_E_004093_004127_A_0010_0012.mp4,163
Z0bBRwAzKe0_E_004450_004486_A_0002_0005.mp4,173
Z0bBRwAzKe0_E_004450_004486_A_0010_0012.mp4,174
Z0bBRwAzKe0_E_004797_004837_A_0003_0005.mp4,171
Z0bBRwAzKe0_E_004797_004837_A_0031_0033.mp4,168
ZHpME-SbKdQ_E_000681_000721_A_0024_0026.mp4,168
ZHpME-SbKdQ_E_000982_001017_A_0003_0005.mp4,163
ZHpME-SbKdQ_E_000982_001017_A_0020_0022.mp4,168
ZHpME-SbKdQ_E_001123_001162_A_0016_0018.mp4,168
ZHpME-SbKdQ_E_001335_001368_A_0003_0005.mp4,163
ZHpME-SbKdQ_E_001335_001368_A_0018_0021.mp4,168
ZHpME-SbKdQ_E_001791_001834_A_0015_0017.mp4,168
ZHpME-SbKdQ_E_001791_001834_A_0020_0022.mp4,168
ZHpME-SbKdQ_E_001948_001986_A_0018_0020.mp4,168
ZHpME-SbKdQ_E_002088_002126_A_0010_0012.mp4,168
ZHpME-SbKdQ_E_002273_002313_A_0018_0020.mp4,168
ZHpME-SbKdQ_E_002273_002313_A_0029_0032.mp4,168
ZHpME-SbKdQ_E_002455_002494_A_0016_0018.mp4,168
ZHpME-SbKdQ_E_002455_002494_A_0028_0030.mp4,168
ZHpME-SbKdQ_E_002644_002677_A_0009_0011.mp4,168
f-1FbFegbuQ_E_000575_000615_A_0009_0013.mp4,162
f-1FbFegbuQ_E_000575_000615_A_0030_0032.mp4,166
upaJ16I0zmQ_E_000953_000974_A_0003_0006.mp4,167
upaJ16I0zmQ_E_000953_000974_A_0012_0015.mp4,168
upaJ16I0zmQ_E_002085_002116_A_0003_0005.mp4,164
upaJ16I0zmQ_E_002085_002116_A_0025_0028.mp4,167
upaJ16I0zmQ_E_003178_003204_A_0003_0005.mp4,168
upaJ16I0zmQ_E_004098_004120_A_0017_0019.mp4,168
upaJ16I0zmQ_E_005559_005588_A_0006_0008.mp4,168
upaJ16I0zmQ_E_005710_005738_A_0006_0008.mp4,164
upaJ16I0zmQ_E_006138_006165_A_0006_0008.mp4,168
upaJ16I0zmQ_E_006263_006287_A_0017_0020.mp4,167
upaJ16I0zmQ_E_007316_007346_A_0022_0025.mp4,167
upaJ16I0zmQ_E_007446_007475_A_0003_0006.mp4,167
v3mISBmwrUM_E_000795_000826_A_0002_0005.mp4,164
v3mISBmwrUM_E_000795_000826_A_0010_0012.mp4,163
v3mISBmwrUM_E_001075_001109_A_0014_0017.mp4,167
v3mISBmwrUM_E_001075_001109_A_0019_0022.mp4,168
v3mISBmwrUM_E_001574_001612_A_0014_0017.mp4,163
v3mISBmwrUM_E_001766_001808_A_0003_0005.mp4,171
v3mISBmwrUM_E_001766_001808_A_0022_0024.mp4,168
v3mISBmwrUM_E_001766_001808_A_0024_0027.mp4,172
v3mISBmwrUM_E_001766_001808_A_0027_0029.mp4,168
v3mISBmwrUM_E_001766_001808_A_0029_0031.mp4,164
v3mISBmwrUM_E_002435_002472_A_0003_0005.mp4,163
v3mISBmwrUM_E_002435_002472_A_0018_0020.mp4,168
v3mISBmwrUM_E_004504_004543_A_0012_0014.mp4,169
v3mISBmwrUM_E_004504_004543_A_0030_0032.mp4,167
v3mISBmwrUM_E_004983_005014_A_0005_0007.mp4,171
v3mISBmwrUM_E_004983_005014_A_0015_0018.mp4,172
v3mISBmwrUM_E_004983_005014_A_0025_0027.mp4,163
v3mISBmwrUM_E_005271_005308_A_0008_0010.mp4,163
v3mISBmwrUM_E_005271_005308_A_0025_0027.mp4,168
v3mISBmwrUM_E_005271_005308_A_0032_0035.mp4,168
v3mISBmwrUM_E_005779_005820_A_0020_0023.mp4,168
v3mISBmwrUM_E_005779_005820_A_0028_0030.mp4,164
v3mISBmwrUM_E_005779_005820_A_0032_0035.mp4,167
vY-jPM995Gk_E_000265_000301_A_0003_0005.mp4,174
vY-jPM995Gk_E_000265_000301_A_0026_0030.mp4,173
vY-jPM995Gk_E_000571_000606_A_0010_0013.mp4,163
vY-jPM995Gk_E_001150_001183_A_0003_0005.mp4,163
vY-jPM995Gk_E_001150_001183_A_0010_0012.mp4,164
vY-jPM995Gk_E_001150_001183_A_0028_0030.mp4,173
vY-jPM995Gk_E_002241_002272_A_0003_0005.mp4,164
vY-jPM995Gk_E_002241_002272_A_0024_0027.mp4,163
vY-jPM995Gk_E_004896_004934_A_0003_0005.mp4,171
vY-jPM995Gk_E_004896_004934_A_0029_0032.mp4,164
vY-jPM995Gk_E_004995_005036_A_0016_0019.mp4,172
vY-jPM995Gk_E_004995_005036_A_0024_0026.mp4,171
wWZry3-5sF0_E_000271_000303_A_0003_0005.mp4,163
wWZry3-5sF0_E_000271_000303_A_0016_0018.mp4,164
wWZry3-5sF0_E_000568_000599_A_0003_0006.mp4,171
wWZry3-5sF0_E_000568_000599_A_0014_0017.mp4,172
wWZry3-5sF0_E_001418_001452_A_0005_0008.mp4,163
wWZry3-5sF0_E_001418_001452_A_0021_0023.mp4,164
wWZry3-5sF0_E_001845_001885_A_0006_0008.mp4,163
wWZry3-5sF0_E_001845_001885_A_0023_0025.mp4,164
wWZry3-5sF0_E_002545_002584_A_0011_0013.mp4,163
wWZry3-5sF0_E_002545_002584_A_0023_0025.mp4,164
wWZry3-5sF0_E_003281_003317_A_0003_0005.mp4,163
wWZry3-5sF0_E_003281_003317_A_0028_0031.mp4,164
wWZry3-5sF0_E_003900_003935_A_0003_0005.mp4,168
wWZry3-5sF0_E_003900_003935_A_0010_0012.mp4,163
wWZry3-5sF0_E_004237_004273_A_0010_0013.mp4,163
wWZry3-5sF0_E_004775_004809_A_0020_0023.mp4,163
wWwc2BbO598_E_000708_000739_A_0003_0005.mp4,173
wWwc2BbO598_E_000708_000739_A_0015_0017.mp4,164
wWwc2BbO598_E_000708_000739_A_0024_0027.mp4,163
wWwc2BbO598_E_000772_000807_A_0003_0006.mp4,171
wWwc2BbO598_E_000772_000807_A_0010_0013.mp4,163
wWwc2BbO598_E_000772_000807_A_0019_0021.mp4,172
wWwc2BbO598_E_000858_000893_A_0002_0005.mp4,171
wWwc2BbO598_E_000858_000893_A_0022_0024.mp4,172
wWwc2BbO598_E_000931_000975_A_0008_0010.mp4,168
wWwc2BbO598_E_000931_000975_A_0031_0033.mp4,163
wWwc2BbO598_E_001015_001051_A_0012_0014.mp4,172
wWwc2BbO598_E_001015_001051_A_0028_0030.mp4,173
wWwc2BbO598_E_001086_001119_A_0027_0029.mp4,163
wYbfwx93VXk_E_003717_003746_A_0003_0005.mp4,168
wYbfwx93VXk_E_003717_003746_A_0010_0012.mp4,167
wYbfwx93VXk_E_003905_003945_A_0003_0005.mp4,163
wYbfwx93VXk_E_003905_003945_A_0026_0028.mp4,168
wYbfwx93VXk_E_004075_004156_A_0003_0005.mp4,163
wYbfwx93VXk_E_004075_004156_A_0057_0059.mp4,164
wYbfwx93VXk_E_004075_004156_A_0072_0074.mp4,164
wYbfwx93VXk_E_004278_004318_A_0003_0006.mp4,163
wYbfwx93VXk_E_004278_004318_A_0019_0020.mp4,164
wYbfwx93VXk_E_004531_004559_A_0004_0007.mp4,168
wYbfwx93VXk_E_004531_004559_A_0019_0021.mp4,167
wYbfwx93VXk_E_004693_004732_A_0003_0006.mp4,164
wYbfwx93VXk_E_004693_004732_A_0016_0019.mp4,163
wYbfwx93VXk_E_004910_004947_A_0005_0007.mp4,163
wYbfwx93VXk_E_005079_005146_A_0003_0005.mp4,163
wYbfwx93VXk_E_005079_005146_A_0055_0057.mp4,168
wolPuHKrX9o_E_000437_000483_A_0003_0005.mp4,164
wolPuHKrX9o_E_000437_000483_A_0036_0039.mp4,163
wolPuHKrX9o_E_000773_000811_A_0017_0020.mp4,163
wolPuHKrX9o_E_000957_000990_A_0003_0005.mp4,168
xHBUIt-airA_E_000795_000832_A_0015_0017.mp4,163
xHBUIt-airA_E_000795_000832_A_0025_0027.mp4,164
xHBUIt-airA_E_001016_001066_A_0029_0032.mp4,163
xHBUIt-airA_E_001354_001391_A_0012_0015.mp4,163
xHBUIt-airA_E_001633_001668_A_0017_0019.mp4,168
xHBUIt-airA_E_001833_001866_A_0003_0005.mp4,171
xHBUIt-airA_E_001833_001866_A_0016_0019.mp4,172
xHBUIt-airA_E_002185_002221_A_0017_0019.mp4,168
xHBUIt-airA_E_002694_002727_A_0004_0007.mp4,171
xHBUIt-airA_E_002694_002727_A_0019_0021.mp4,172
xHBUIt-airA_E_002694_002727_A_0026_0029.mp4,163
xHBUIt-airA_E_003515_003546_A_0003_0005.mp4,163
xHBUIt-airA_E_003515_003546_A_0016_0018.mp4,164
xHBUIt-airA_E_003845_003879_A_0003_0005.mp4,171
xHBUIt-airA_E_003845_003879_A_0018_0021.mp4,172
xHBUIt-airA_E_003845_003879_A_0028_0030.mp4,173
xHBUIt-airA_E_004439_004476_A_0028_0031.mp4,164
xHBUIt-airA_E_006562_006596_A_0002_0006.mp4,171
xHBUIt-airA_E_006562_006596_A_0012_0014.mp4,174
xHBUIt-airA_E_006562_006596_A_0019_0021.mp4,171
yIDi18JlgsQ_E_003278_003303_A_0012_0015.mp4,168
yIDi18JlgsQ_E_007550_007576_A_0016_0018.mp4,168
yj0pNXcTK0k_E_004063_004101_A_0022_0024.mp4,163
yj0pNXcTK0k_E_004354_004385_A_0025_0027.mp4,163
yj0pNXcTK0k_E_004612_004638_A_0019_0021.mp4,163
yj0pNXcTK0k_E_004933_004965_A_0013_0015.mp4,168
yj0pNXcTK0k_E_005170_005205_A_0003_0005.mp4,171
yj0pNXcTK0k_E_005170_005205_A_0017_0020.mp4,172
yj0pNXcTK0k_E_005170_005205_A_0025_0028.mp4,168
yj0pNXcTK0k_E_005170_005205_A_0028_0030.mp4,163
yj0pNXcTK0k_E_005475_005512_A_0020_0022.mp4,168
yj0pNXcTK0k_E_005475_005512_A_0030_0032.mp4,163
yj0pNXcTK0k_E_005757_005795_A_0005_0008.mp4,163
yj0pNXcTK0k_E_006065_006093_A_0015_0017.mp4,172
yvZPHJu3kb0_E_000845_000888_A_0003_0005.mp4,163
yvZPHJu3kb0_E_000845_000888_A_0012_0015.mp4,168
yvZPHJu3kb0_E_002588_002624_A_0003_0005.mp4,168
yvZPHJu3kb0_E_002588_002624_A_0026_0028.mp4,167
yvZPHJu3kb0_E_003038_003066_A_0010_0012.mp4,163
yvZPHJu3kb0_E_003038_003066_A_0017_0020.mp4,168
yvZPHJu3kb0_E_003080_003101_A_0008_0010.mp4,164
yvZPHJu3kb0_E_003080_003101_A_0013_0015.mp4,168
yvZPHJu3kb0_E_003108_003131_A_0005_0007.mp4,171
yvZPHJu3kb0_E_003108_003131_A_0016_0019.mp4,163
yvZPHJu3kb0_E_003240_003280_A_0017_0019.mp4,163
yvZPHJu3kb0_E_003240_003280_A_0024_0026.mp4,168
yvZPHJu3kb0_E_003240_003280_A_0026_0029.mp4,168
yvZPHJu3kb0_E_003240_003280_A_0031_0034.mp4,168
yvZPHJu3kb0_E_003393_003429_A_0003_0005.mp4,163
yvZPHJu3kb0_E_003393_003429_A_0018_0020.mp4,164
yvZPHJu3kb0_E_003393_003429_A_0025_0027.mp4,168
yvZPHJu3kb0_E_003542_003571_A_0005_0007.mp4,171
yvZPHJu3kb0_E_003542_003571_A_0015_0017.mp4,172
yvZPHJu3kb0_E_003542_003571_A_0023_0025.mp4,163
yvZPHJu3kb0_E_003729_003763_A_0013_0015.mp4,172
yvZPHJu3kb0_E_003729_003763_A_0020_0023.mp4,163
yvZPHJu3kb0_E_003910_003941_A_0003_0005.mp4,163
yvZPHJu3kb0_E_003910_003941_A_0022_0024.mp4,168
yz-uNJgIhk4_E_000246_000278_A_0013_0015.mp4,167
yz-uNJgIhk4_E_000246_000278_A_0021_0023.mp4,168
yz-uNJgIhk4_E_000976_001039_A_0003_0005.mp4,163
yz-uNJgIhk4_E_000976_001039_A_0010_0012.mp4,171
yz-uNJgIhk4_E_000976_001039_A_0036_0038.mp4,172
yz-uNJgIhk4_E_000976_001039_A_0044_0046.mp4,173
yz-uNJgIhk4_E_001384_001434_A_0003_0006.mp4,173
yz-uNJgIhk4_E_001384_001434_A_0016_0019.mp4,163
yz-uNJgIhk4_E_001630_001668_A_0013_0016.mp4,163
yz-uNJgIhk4_E_001630_001668_A_0021_0023.mp4,173
yz-uNJgIhk4_E_001630_001668_A_0028_0030.mp4,166
yz-uNJgIhk4_E_001837_001879_A_0024_0026.mp4,163
yz-uNJgIhk4_E_002894_002937_A_0032_0034.mp4,167
yz-uNJgIhk4_E_003294_003327_A_0014_0016.mp4,168
yz-uNJgIhk4_E_003294_003327_A_0022_0024.mp4,173
yz-uNJgIhk4_E_003493_003525_A_0004_0007.mp4,163
yz-uNJgIhk4_E_003757_003788_A_0005_0007.mp4,171
yz-uNJgIhk4_E_003757_003788_A_0018_0020.mp4,172
yz-uNJgIhk4_E_003757_003788_A_0022_0025.mp4,173
yz-uNJgIhk4_E_004970_005006_A_0020_0022.mp4,163
zNL3kn3UBmg_E_000180_000207_A_0003_0006.mp4,167
zNL3kn3UBmg_E_000818_000844_A_0003_0005.mp4,164
zNL3kn3UBmg_E_001117_001141_A_0003_0005.mp4,168
zNL3kn3UBmg_E_001117_001141_A_0015_0018.mp4,168
zNL3kn3UBmg_E_002540_002567_A_0010_0012.mp4,168
zNL3kn3UBmg_E_004335_004364_A_0003_0006.mp4,168
zNL3kn3UBmg_E_004335_004364_A_0021_0024.mp4,167
zNL3kn3UBmg_E_004649_004679_A_0003_0005.mp4,168
zNL3kn3UBmg_E_004649_004679_A_0010_0013.mp4,168
zNL3kn3UBmg_E_005278_005309_A_0003_0006.mp4,168
zNL3kn3UBmg_E_005278_005309_A_0022_0026.mp4,167
zNL3kn3UBmg_E_006437_006461_A_0017_0020.mp4,167
zNL3kn3UBmg_E_007404_007429_A_0008_0010.mp4,168
zNL3kn3UBmg_E_008066_008087_A_0015_0018.mp4,163
