1sPWceVH4e8_E_005688_005786_A_0071_0073.mp4,180
26Y8BsNiiL8_E_003168_003270_A_0037_0038.mp4,180
5cuxEEKyth8_E_003742_003847_A_0073_0076.mp4,179
5cuxEEKyth8_E_005592_005690_A_0060_0061.mp4,180
6fqDZHFr2yo_E_002183_002281_A_0066_0067.mp4,180
8N3CBVAft40_E_001397_001488_A_0032_0033.mp4,180
8jfPAvqYAs8_E_001887_001988_A_0061_0063.mp4,180
9Mtbac7g15I_E_002137_002237_A_0040_0042.mp4,180
A0xAXXysHUo_E_003089_003189_A_0023_0026.mp4,179
A0xAXXysHUo_E_004400_004497_A_0032_0033.mp4,180
BLzs5opw8uM_E_000201_000302_A_0077_0079.mp4,180
BLzs5opw8uM_E_001914_002013_A_0065_0067.mp4,180
CUuRl0Bwbbc_E_003664_003763_A_0012_0013.mp4,180
CUuRl0Bwbbc_E_004235_004331_A_0025_0026.mp4,180
CUuRl0Bwbbc_E_004433_004533_A_0032_0034.mp4,180
CkNz9ZIQmZI_E_007316_007416_A_0071_0072.mp4,180
E3AHJ6-QS8M_E_004206_004316_A_0044_0045.mp4,180
E3AHJ6-QS8M_E_006496_006600_A_0042_0043.mp4,180
EFvDqOF1sCk_E_003731_003896_A_0042_0044.mp4,180
EKb2MMJSoeI_E_001528_001626_A_0072_0074.mp4,180
EKb2MMJSoeI_E_002610_002709_A_0049_0050.mp4,180
GEjRXo8Dvwc_E_002042_002142_A_0062_0065.mp4,179
GEjRXo8Dvwc_E_003557_003660_A_0059_0061.mp4,179
P31Ht3H76ok_E_005126_005230_A_0049_0050.mp4,178
cSh74jSRht8_E_003069_003166_A_0020_0021.mp4,180
e3EsDlpNo0c_E_003966_004070_A_0060_0061.mp4,180
fDa0HpoXES4_E_000961_001062_A_0072_0075.mp4,179
ji4smBYYANs_E_007096_007197_A_0031_0033.mp4,178
ji4smBYYANs_E_007096_007197_A_0067_0068.mp4,178
