I1OMnMSk1Lg_E_004236_004336_A_0063_0066.mp4,179
IWFgo-tEEs8_E_002550_002654_A_0049_0050.mp4,180
IWFgo-tEEs8_E_002921_003025_A_0046_0047.mp4,180
OIJe8fQw7Wo_E_003754_003856_A_0058_0060.mp4,179
OIJe8fQw7Wo_E_004129_004231_A_0073_0075.mp4,179
P31Ht3H76ok_E_005126_005230_A_0080_0083.mp4,179
R9XUGR-VlTg_E_009537_009640_A_0031_0033.mp4,178
R9XUGR-VlTg_E_009537_009640_A_0067_0069.mp4,178
RLDjrhjikT4_E_009687_009789_A_0048_0049.mp4,180
TCiufCzMtDs_E_004115_004218_A_0030_0032.mp4,180
Uo7ubem-G9I_E_004852_004955_A_0057_0059.mp4,179
VWsVUnoyUoA_E_006942_007051_A_0068_0069.mp4,180
VWsVUnoyUoA_E_008301_008403_A_0055_0056.mp4,180
Vq-w0Jk7y7g_E_005802_005902_A_0050_0053.mp4,179
Vq-w0Jk7y7g_E_008817_008917_A_0090_0092.mp4,180
Wu1gxxpbF2o_E_005847_005951_A_0033_0035.mp4,180
Wu1gxxpbF2o_E_006092_006193_A_0072_0073.mp4,180
X6sggzI0mw8_E_004985_005085_A_0063_0066.mp4,179
ZHpME-SbKdQ_E_003821_003924_A_0047_0049.mp4,180
ZHpME-SbKdQ_E_006120_006231_A_0044_0045.mp4,180
f-1FbFegbuQ_E_000356_000459_A_0038_0040.mp4,180
f6k7PBGgeb4_E_000350_000458_A_0069_0071.mp4,180
f6k7PBGgeb4_E_000779_000876_A_0048_0049.mp4,180
f6k7PBGgeb4_E_001021_001127_A_0081_0082.mp4,180
f6k7PBGgeb4_E_001273_001393_A_0035_0037.mp4,180
gMNCwgXtQIw_E_004514_004617_A_0076_0079.mp4,179
gRgndu5MZY4_E_010031_010139_A_0034_0035.mp4,180
i87qMWsFbEI_E_002693_002797_A_0043_0044.mp4,180
jABvTCCWinA_E_006488_006584_A_0073_0075.mp4,179
ji4smBYYANs_E_007096_007197_A_0056_0057.mp4,180
jz594oTnl-k_E_001928_002032_A_0033_0034.mp4,180
jz594oTnl-k_E_003944_004044_A_0039_0041.mp4,180
lrwiYiFGQZE_E_003405_003507_A_0056_0057.mp4,180
lrwiYiFGQZE_E_004003_004107_A_0026_0029.mp4,179
mQ59PLtU4QA_E_006208_006308_A_0060_0062.mp4,180
mQ59PLtU4QA_E_007427_007528_A_0075_0077.mp4,179
n9-yxVGYMRw_E_001596_001703_A_0046_0047.mp4,180
n9-yxVGYMRw_E_001936_002033_A_0075_0076.mp4,180
n9-yxVGYMRw_E_003258_003358_A_0083_0084.mp4,180
nSDRagdrJ-A_E_003038_003146_A_0095_0096.mp4,180
p42w02g4Ce4_E_000858_000962_A_0066_0067.mp4,180
p42w02g4Ce4_E_005706_005813_A_0035_0036.mp4,180
pDymfQS91xI_E_000954_001054_A_0077_0078.mp4,180
pDymfQS91xI_E_001208_001304_A_0046_0048.mp4,180
pDymfQS91xI_E_002634_002731_A_0063_0064.mp4,180
qBlozVQ7NOc_E_007044_007147_A_0033_0035.mp4,178
qBlozVQ7NOc_E_007741_007842_A_0052_0053.mp4,180
qBlozVQ7NOc_E_008673_008776_A_0026_0027.mp4,180
qGvIwgHzCH8_E_004574_004675_A_0057_0058.mp4,180
qGvIwgHzCH8_E_004574_004675_A_0068_0070.mp4,178
qGvIwgHzCH8_E_006097_006197_A_0052_0054.mp4,180
t7Xgg9bejOM_E_009086_009187_A_0055_0057.mp4,180
uDZVn-K4GE4_E_004139_004241_A_0066_0067.mp4,180
v3mISBmwrUM_E_002241_002343_A_0043_0044.mp4,180
wWwc2BbO598_E_002794_002897_A_0041_0043.mp4,180
wYbfwx93VXk_E_008337_008438_A_0076_0078.mp4,179
wYbfwx93VXk_E_010310_010415_A_0080_0081.mp4,180
xHBUIt-airA_E_002027_002127_A_0092_0094.mp4,180
yz-uNJgIhk4_E_001693_001795_A_0036_0038.mp4,180
0jqn1vxdhls_E_004354_004453_A_0033_0034.mp4,180
5cuxEEKyth8_E_003196_003295_A_0072_0075.mp4,179
FEWTGYiWEaQ_E_004306_004411_A_0019_0021.mp4,178
