0LtLS9wROrk_E_002558_002653_A_0052_0054.mp4,188
0LtLS9wROrk_E_003137_003230_A_0050_0051.mp4,180
0LtLS9wROrk_E_003773_003867_A_0031_0032.mp4,180
0LtLS9wROrk_E_004267_004364_A_0085_0087.mp4,188
0LtLS9wROrk_E_004572_004670_A_0094_0095.mp4,182
0LtLS9wROrk_E_004902_005000_A_0019_0020.mp4,180
0LtLS9wROrk_E_004902_005000_A_0052_0053.mp4,188
0LtLS9wROrk_E_005208_005307_A_0088_0089.mp4,188
0LtLS9wROrk_E_005885_005983_A_0058_0060.mp4,184
0LtLS9wROrk_E_006690_006788_A_0048_0049.mp4,188
0LtLS9wROrk_E_007013_007109_A_0082_0083.mp4,188
0LtLS9wROrk_E_007013_007109_A_0083_0085.mp4,184
0LtLS9wROrk_E_007340_007433_A_0018_0019.mp4,180
0LtLS9wROrk_E_007340_007433_A_0079_0080.mp4,185
0LtLS9wROrk_E_007629_007726_A_0054_0056.mp4,185
0LtLS9wROrk_E_007629_007726_A_0093_0094.mp4,188
0LtLS9wROrk_E_007629_007726_A_0094_0096.mp4,184
0LtLS9wROrk_E_007962_008052_A_0041_0042.mp4,184
0LtLS9wROrk_E_007962_008052_A_0042_0043.mp4,188
1Fdwuy2V9EY_E_008072_008172_A_0052_0053.mp4,184
1Fdwuy2V9EY_E_008621_008722_A_0063_0065.mp4,184
1Fdwuy2V9EY_E_009502_009601_A_0030_0031.mp4,188
1Fdwuy2V9EY_E_009502_009601_A_0031_0032.mp4,183
1Fdwuy2V9EY_E_009502_009601_A_0032_0033.mp4,180
1Fdwuy2V9EY_E_010313_010417_A_0018_0019.mp4,184
1Fdwuy2V9EY_E_010313_010417_A_0035_0036.mp4,188
1Fdwuy2V9EY_E_010313_010417_A_0036_0037.mp4,183
1JsRXIoR3C0_E_008007_008109_A_0068_0069.mp4,188
1JsRXIoR3C0_E_008007_008109_A_0069_0070.mp4,184
1JsRXIoR3C0_E_008546_008646_A_0080_0081.mp4,180
1JsRXIoR3C0_E_008799_008905_A_0083_0084.mp4,180
1JsRXIoR3C0_E_009049_009148_A_0085_0087.mp4,183
1JsRXIoR3C0_E_009286_009385_A_0057_0059.mp4,184
1rkcLEAMTpw_E_007972_008078_A_0030_0031.mp4,183
1rkcLEAMTpw_E_007972_008078_A_0031_0032.mp4,180
1rkcLEAMTpw_E_008421_008527_A_0037_0038.mp4,184
1rkcLEAMTpw_E_008620_008720_A_0067_0068.mp4,180
1sPWceVH4e8_E_003904_003993_A_0028_0029.mp4,182
1sPWceVH4e8_E_003904_003993_A_0082_0083.mp4,188
1sPWceVH4e8_E_004921_005011_A_0053_0054.mp4,184
1sPWceVH4e8_E_004921_005011_A_0054_0055.mp4,188
1sPWceVH4e8_E_004921_005011_A_0083_0084.mp4,185
1sPWceVH4e8_E_005688_005786_A_0086_0087.mp4,184
26Y8BsNiiL8_E_002592_002698_A_0024_0025.mp4,188
26Y8BsNiiL8_E_002894_002990_A_0024_0026.mp4,184
2AGztyrY25g_E_007078_007178_A_0074_0075.mp4,184
2AGztyrY25g_E_007937_008042_A_0028_0029.mp4,180
2AGztyrY25g_E_008173_008272_A_0056_0057.mp4,180
2Qw1e4-nWrk_E_003782_003881_A_0079_0080.mp4,180
2Qw1e4-nWrk_E_004064_004171_A_0079_0080.mp4,184
2Qw1e4-nWrk_E_004386_004489_A_0078_0079.mp4,182
2Qw1e4-nWrk_E_004617_004722_A_0059_0060.mp4,184
2Qw1e4-nWrk_E_004855_004944_A_0037_0038.mp4,183
2Qw1e4-nWrk_E_004855_004944_A_0038_0039.mp4,180
2Qw1e4-nWrk_E_005183_005283_A_0030_0031.mp4,188
2Qw1e4-nWrk_E_005183_005283_A_0031_0032.mp4,183
2giTb7IpJDU_E_003853_003956_A_0059_0060.mp4,188
2giTb7IpJDU_E_003853_003956_A_0060_0061.mp4,183
2giTb7IpJDU_E_003853_003956_A_0061_0062.mp4,180
3PywNMDCvNQ_E_001759_001849_A_0025_0026.mp4,180
3PywNMDCvNQ_E_002061_002141_A_0030_0031.mp4,180
3PywNMDCvNQ_E_002213_002292_A_0053_0054.mp4,180
3PywNMDCvNQ_E_002360_002451_A_0048_0049.mp4,185
3PywNMDCvNQ_E_002360_002451_A_0085_0086.mp4,188
3PywNMDCvNQ_E_002702_002797_A_0036_0037.mp4,188
3PywNMDCvNQ_E_002702_002797_A_0037_0038.mp4,185
3PywNMDCvNQ_E_002702_002797_A_0086_0087.mp4,188
3PywNMDCvNQ_E_003170_003271_A_0052_0053.mp4,188
3PywNMDCvNQ_E_003170_003271_A_0053_0054.mp4,184
3PywNMDCvNQ_E_003340_003431_A_0045_0046.mp4,183
3PywNMDCvNQ_E_003340_003431_A_0046_0047.mp4,182
3PywNMDCvNQ_E_003340_003431_A_0081_0082.mp4,185
3PywNMDCvNQ_E_004151_004250_A_0018_0020.mp4,184
3PywNMDCvNQ_E_004151_004250_A_0056_0057.mp4,180
3PywNMDCvNQ_E_004151_004250_A_0091_0092.mp4,185
4mzbybgzoJo_E_002935_003036_A_0056_0057.mp4,188
4mzbybgzoJo_E_003521_003623_A_0064_0065.mp4,184
4mzbybgzoJo_E_003835_003935_A_0088_0089.mp4,180
4mzbybgzoJo_E_004128_004229_A_0076_0078.mp4,182
4mzbybgzoJo_E_004450_004555_A_0017_0018.mp4,182
4mzbybgzoJo_E_004450_004555_A_0082_0083.mp4,183
4mzbybgzoJo_E_004722_004827_A_0056_0057.mp4,184
5X85zLeLmks_E_001389_001462_A_0038_0039.mp4,182
5X85zLeLmks_E_001815_001924_A_0065_0067.mp4,183
5X85zLeLmks_E_002220_002303_A_0053_0055.mp4,188
5cuxEEKyth8_E_001482_001576_A_0037_0038.mp4,184
5cuxEEKyth8_E_003196_003295_A_0062_0063.mp4,184
5cuxEEKyth8_E_003441_003539_A_0069_0070.mp4,180
5cuxEEKyth8_E_003742_003847_A_0062_0064.mp4,184
5cuxEEKyth8_E_004812_004917_A_0041_0042.mp4,183
5cuxEEKyth8_E_004812_004917_A_0042_0043.mp4,180
5cuxEEKyth8_E_004812_004917_A_0072_0074.mp4,184
5cuxEEKyth8_E_005301_005397_A_0056_0057.mp4,188
5cuxEEKyth8_E_005592_005690_A_0054_0055.mp4,180
5cuxEEKyth8_E_006715_006816_A_0028_0029.mp4,183
5cuxEEKyth8_E_006715_006816_A_0029_0030.mp4,180
5cuxEEKyth8_E_006944_007045_A_0064_0065.mp4,180
5cuxEEKyth8_E_007900_008005_A_0062_0063.mp4,182
6fqDZHFr2yo_E_002183_002281_A_0016_0017.mp4,184
6fqDZHFr2yo_E_002183_002281_A_0017_0018.mp4,185
6fqDZHFr2yo_E_002183_002281_A_0028_0030.mp4,183
8N3CBVAft40_E_001085_001194_A_0076_0077.mp4,184
8N3CBVAft40_E_001245_001343_A_0074_0075.mp4,188
8WGrvkd6ZEU_E_009403_009509_A_0024_0026.mp4,184
8WGrvkd6ZEU_E_009403_009509_A_0074_0077.mp4,183
8YSDFKGwP4U_E_004831_004933_A_0067_0069.mp4,183
8YSDFKGwP4U_E_005069_005170_A_0056_0058.mp4,183
8jfPAvqYAs8_E_000862_000964_A_0026_0028.mp4,178
8jfPAvqYAs8_E_000862_000964_A_0039_0040.mp4,183
8jfPAvqYAs8_E_000862_000964_A_0040_0041.mp4,180
8jfPAvqYAs8_E_000862_000964_A_0070_0072.mp4,184
8jfPAvqYAs8_E_001887_001988_A_0056_0057.mp4,180
8jfPAvqYAs8_E_004050_004155_A_0062_0063.mp4,182
8jfPAvqYAs8_E_005167_005273_A_0037_0038.mp4,183
9Mtbac7g15I_E_001466_001566_A_0075_0076.mp4,188
9Mtbac7g15I_E_002137_002237_A_0029_0030.mp4,184
9Mtbac7g15I_E_003802_003905_A_0055_0056.mp4,188
9Mtbac7g15I_E_004544_004676_A_0087_0089.mp4,185
A0xAXXysHUo_E_003435_003534_A_0069_0070.mp4,188
A0xAXXysHUo_E_004694_004791_A_0025_0027.mp4,184
AZ4wWG6Rcak_E_002331_002434_A_0058_0061.mp4,184
AZ4wWG6Rcak_E_002529_002628_A_0067_0069.mp4,183
AZ4wWG6Rcak_E_002768_002869_A_0090_0092.mp4,184
AZ4wWG6Rcak_E_005289_005394_A_0077_0078.mp4,180
AZ4wWG6Rcak_E_005492_005593_A_0092_0093.mp4,188
AZ4wWG6Rcak_E_005492_005593_A_0093_0094.mp4,184
AZ4wWG6Rcak_E_009215_009318_A_0084_0086.mp4,183
BLzs5opw8uM_E_000201_000302_A_0062_0063.mp4,184
BLzs5opw8uM_E_001914_002013_A_0059_0061.mp4,188
BLzs5opw8uM_E_002952_003051_A_0067_0068.mp4,188
BLzs5opw8uM_E_003532_003625_A_0061_0062.mp4,185
BLzs5opw8uM_E_003725_003827_A_0017_0018.mp4,188
BLzs5opw8uM_E_003725_003827_A_0030_0032.mp4,183
BLzs5opw8uM_E_003725_003827_A_0095_0096.mp4,184
BQhX6F3gpp8_E_007119_007222_A_0032_0033.mp4,184
BQhX6F3gpp8_E_008733_008833_A_0023_0025.mp4,180
C5Yfd1IWjmM_E_001396_001513_A_0021_0023.mp4,188
C5Yfd1IWjmM_E_003761_003863_A_0037_0038.mp4,180
CUuRl0Bwbbc_E_003495_003598_A_0073_0074.mp4,188
CUuRl0Bwbbc_E_004433_004533_A_0059_0060.mp4,188
CkNz9ZIQmZI_E_006383_006487_A_0048_0050.mp4,180
CkNz9ZIQmZI_E_006859_006958_A_0038_0040.mp4,184
CkNz9ZIQmZI_E_007103_007202_A_0057_0059.mp4,184
CkNz9ZIQmZI_E_007316_007416_A_0086_0087.mp4,184
CkNz9ZIQmZI_E_007578_007683_A_0028_0029.mp4,180
CkNz9ZIQmZI_E_007814_007922_A_0046_0047.mp4,183
CkNz9ZIQmZI_E_007814_007922_A_0080_0082.mp4,188
DTedv-hhHU4_E_000795_000904_A_0026_0027.mp4,188
DTedv-hhHU4_E_002197_002298_A_0019_0020.mp4,180
DTedv-hhHU4_E_002197_002298_A_0046_0047.mp4,184
DTedv-hhHU4_E_004361_004465_A_0041_0042.mp4,182
DyZ2qj6x1UE_E_002690_002787_A_0057_0058.mp4,180
DyZ2qj6x1UE_E_002913_003008_A_0042_0043.mp4,180
DyZ2qj6x1UE_E_003507_003612_A_0082_0083.mp4,180
DyZ2qj6x1UE_E_004939_005041_A_0054_0055.mp4,185
E3AHJ6-QS8M_E_002634_002733_A_0022_0023.mp4,188
E3AHJ6-QS8M_E_002634_002733_A_0063_0064.mp4,183
E3AHJ6-QS8M_E_004206_004316_A_0036_0038.mp4,188
E3AHJ6-QS8M_E_004206_004316_A_0063_0065.mp4,184
E3AHJ6-QS8M_E_005168_005260_A_0084_0085.mp4,184
E3AHJ6-QS8M_E_005450_005555_A_0031_0033.mp4,184
E3AHJ6-QS8M_E_005894_006001_A_0061_0062.mp4,184
EFvDqOF1sCk_E_001457_001559_A_0059_0060.mp4,180
EFvDqOF1sCk_E_002657_002760_A_0024_0025.mp4,180
EFvDqOF1sCk_E_002657_002760_A_0040_0041.mp4,182
EFvDqOF1sCk_E_003731_003896_A_0029_0030.mp4,180
EFvDqOF1sCk_E_003731_003896_A_0056_0057.mp4,188
EFvDqOF1sCk_E_003932_004039_A_0030_0032.mp4,180
EKb2MMJSoeI_E_001528_001626_A_0033_0034.mp4,188
EKb2MMJSoeI_E_001528_001626_A_0062_0063.mp4,184
EKb2MMJSoeI_E_001694_001791_A_0028_0029.mp4,184
EKb2MMJSoeI_E_001694_001791_A_0065_0066.mp4,183
EKb2MMJSoeI_E_001913_002012_A_0032_0033.mp4,184
EKb2MMJSoeI_E_001913_002012_A_0071_0072.mp4,183
EKb2MMJSoeI_E_002450_002553_A_0030_0032.mp4,184
EizeIkrDtQk_E_008917_009027_A_0064_0065.mp4,184
EizeIkrDtQk_E_009184_009289_A_0018_0020.mp4,178
EizeIkrDtQk_E_009184_009289_A_0037_0038.mp4,183
EizeIkrDtQk_E_009184_009289_A_0038_0039.mp4,184
EizeIkrDtQk_E_009411_009512_A_0049_0051.mp4,188
EizeIkrDtQk_E_009622_009726_A_0059_0060.mp4,183
EizeIkrDtQk_E_010095_010195_A_0040_0041.mp4,183
EizeIkrDtQk_E_010095_010195_A_0081_0082.mp4,184
GF8D7Dx2mhs_E_001921_002019_A_0048_0049.mp4,187
GbUQwE9N3aM_E_002460_002563_A_0032_0034.mp4,181
GbUQwE9N3aM_E_002460_002563_A_0065_0066.mp4,179
aEZbP-Yephw_E_000849_000949_A_0018_0019.mp4,183
aEZbP-Yephw_E_000849_000949_A_0019_0021.mp4,186
aEZbP-Yephw_E_000849_000949_A_0048_0050.mp4,186
aEZbP-Yephw_E_001131_001234_A_0015_0016.mp4,184
aEZbP-Yephw_E_001131_001234_A_0092_0093.mp4,183
aEZbP-Yephw_E_004754_004849_A_0040_0043.mp4,184
aEZbP-Yephw_E_005181_005281_A_0026_0028.mp4,184
aN3PC4tJokk_E_004100_004199_A_0030_0032.mp4,183
aN3PC4tJokk_E_004100_004199_A_0092_0093.mp4,180
aN9hSsP6xTg_E_000327_000429_A_0016_0018.mp4,183
aN9hSsP6xTg_E_000327_000429_A_0028_0029.mp4,188
aN9hSsP6xTg_E_000547_000651_A_0016_0018.mp4,185
aN9hSsP6xTg_E_000932_001038_A_0036_0038.mp4,183
aN9hSsP6xTg_E_001042_001140_A_0049_0051.mp4,184
aN9hSsP6xTg_E_001146_001246_A_0066_0067.mp4,188
cSh74jSRht8_E_003069_003166_A_0058_0059.mp4,180
cSh74jSRht8_E_003847_003941_A_0015_0017.mp4,184
cSh74jSRht8_E_003847_003941_A_0052_0054.mp4,180
cSh74jSRht8_E_004401_004506_A_0044_0045.mp4,183
cSh74jSRht8_E_004401_004506_A_0077_0079.mp4,188
dqUNtY2GwW4_E_003377_003473_A_0068_0069.mp4,184
e3EsDlpNo0c_E_002490_002586_A_0057_0058.mp4,185
e3EsDlpNo0c_E_002907_003007_A_0073_0074.mp4,184
e3EsDlpNo0c_E_003301_003400_A_0020_0021.mp4,179
e3EsDlpNo0c_E_004350_004455_A_0023_0024.mp4,188
e3EsDlpNo0c_E_004671_004771_A_0038_0039.mp4,183
e3EsDlpNo0c_E_006102_006204_A_0036_0038.mp4,185
e3EsDlpNo0c_E_006659_006760_A_0036_0037.mp4,179
e3EsDlpNo0c_E_006659_006760_A_0076_0077.mp4,184
eH-ZgOT8ASM_E_007289_007400_A_0027_0029.mp4,184
eH-ZgOT8ASM_E_007496_007602_A_0074_0075.mp4,180
eH-ZgOT8ASM_E_008334_008443_A_0084_0085.mp4,180
eH-ZgOT8ASM_E_008833_008936_A_0047_0050.mp4,180
esQQbBhuXbM_E_001856_001954_A_0034_0035.mp4,184
esQQbBhuXbM_E_003205_003304_A_0057_0060.mp4,182
esQQbBhuXbM_E_004880_004980_A_0068_0069.mp4,186
esQQbBhuXbM_E_005908_006008_A_0025_0027.mp4,183
esQQbBhuXbM_E_005908_006008_A_0055_0057.mp4,184
esQQbBhuXbM_E_006962_007058_A_0052_0053.mp4,183
f-1FbFegbuQ_E_000356_000459_A_0063_0064.mp4,188
f-1FbFegbuQ_E_002035_002134_A_0017_0018.mp4,188
f-1FbFegbuQ_E_002035_002134_A_0018_0020.mp4,179
f6k7PBGgeb4_E_000350_000458_A_0060_0062.mp4,182
f6k7PBGgeb4_E_000779_000876_A_0018_0019.mp4,182
fH-VYYl9elA_E_002127_002231_A_0037_0038.mp4,185
hibW8s4WQmQ_E_000212_000315_A_0024_0026.mp4,179
hibW8s4WQmQ_E_000212_000315_A_0045_0046.mp4,181
i87qMWsFbEI_E_002862_002964_A_0053_0054.mp4,179
i87qMWsFbEI_E_003295_003400_A_0037_0039.mp4,179
jz594oTnl-k_E_001315_001417_A_0037_0039.mp4,179
