95667.mp4,119
43943.mp4,121
62602.mp4,119
87921.mp4,121
88413.mp4,119
151665.mp4,119
88008.mp4,120
27356.mp4,119
16171.mp4,121
9943.mp4,121
36854.mp4,120
216153.mp4,121
49038.mp4,119
40601.mp4,121
218002.mp4,121
123789.mp4,121
91981.mp4,120
119470.mp4,119
47417.mp4,120
149685.mp4,121
214831.mp4,119
65833.mp4,119
18135.mp4,120
85116.mp4,119
95249.mp4,120
21816.mp4,120
153491.mp4,121
54121.mp4,120
86126.mp4,121
168937.mp4,119
75999.mp4,121
107944.mp4,121
127342.mp4,120
214419.mp4,119
70842.mp4,121
59756.mp4,119
47770.mp4,120
50207.mp4,121
145863.mp4,119
120377.mp4,121
20153.mp4,120
220367.mp4,119
86654.mp4,120
68685.mp4,120
34709.mp4,121
134415.mp4,119
118049.mp4,119
125048.mp4,121
32250.mp4,121
138353.mp4,119
209430.mp4,120
17220.mp4,119
47439.mp4,121
204638.mp4,120
136803.mp4,120
165698.mp4,120
85244.mp4,120
46541.mp4,119
4466.mp4,120
184924.mp4,120
60121.mp4,120
11639.mp4,119
6911.mp4,119
139164.mp4,120
188622.mp4,119
66093.mp4,119
197696.mp4,120
3855.mp4,119
182461.mp4,121
149035.mp4,119
64611.mp4,121
50433.mp4,120
80845.mp4,120
62977.mp4,119
31539.mp4,121
77398.mp4,119
3775.mp4,120
184409.mp4,120
159474.mp4,120
67581.mp4,119
34974.mp4,119
79793.mp4,121
8727.mp4,120
198351.mp4,121
8067.mp4,121
199208.mp4,120
198597.mp4,120
157206.mp4,119
161223.mp4,120
8493.mp4,119
49887.mp4,120
167210.mp4,121
218058.mp4,119
84028.mp4,119
135030.mp4,119
73664.mp4,119
110137.mp4,119
159354.mp4,119
98030.mp4,119
23379.mp4,120
156235.mp4,120
211126.mp4,120
162949.mp4,120
22875.mp4,120
6079.mp4,119
120158.mp4,121
212833.mp4,120
198462.mp4,120
195860.mp4,121
204176.mp4,120
157721.mp4,119
85344.mp4,120
148362.mp4,119
153194.mp4,120
217276.mp4,120
187563.mp4,120
217049.mp4,120
180180.mp4,121
193958.mp4,120
70876.mp4,119
86665.mp4,121
17337.mp4,121
106928.mp4,121
2583.mp4,119
93895.mp4,120
115386.mp4,119
211749.mp4,120
220183.mp4,119
135528.mp4,121
183767.mp4,120
45017.mp4,119
77592.mp4,119
63586.mp4,121
83961.mp4,120
85036.mp4,121
214942.mp4,120
45106.mp4,120
113302.mp4,120
37113.mp4,121
122847.mp4,121
2059.mp4,120
5173.mp4,121
74764.mp4,121
65950.mp4,120
211354.mp4,120
115590.mp4,120
218881.mp4,119
34605.mp4,121
186552.mp4,120
10049.mp4,119
129845.mp4,120
208727.mp4,121
150689.mp4,120
133030.mp4,121
71978.mp4,119
213488.mp4,120
53650.mp4,119
160246.mp4,120
7408.mp4,120
81777.mp4,119
28699.mp4,120
145526.mp4,120
135075.mp4,119
165008.mp4,121
179688.mp4,121
128150.mp4,119
119750.mp4,119
5231.mp4,121
112536.mp4,119
56948.mp4,120
21637.mp4,119
152428.mp4,119
122389.mp4,120
147906.mp4,120
106838.mp4,120
40327.mp4,120
142894.mp4,120
78383.mp4,120
197621.mp4,119
171294.mp4,120
205305.mp4,120
84184.mp4,119
134076.mp4,120
126789.mp4,119
182876.mp4,119
122971.mp4,120
124583.mp4,120
200154.mp4,121
16781.mp4,121
106139.mp4,121
168116.mp4,120
196748.mp4,121
22830.mp4,120
128234.mp4,120
206713.mp4,121
148055.mp4,121
77808.mp4,120
215596.mp4,119
220119.mp4,119
166927.mp4,119
132707.mp4,119
9304.mp4,121
185664.mp4,119
42966.mp4,119
166275.mp4,120
123768.mp4,121
209951.mp4,121
146345.mp4,121
170660.mp4,120
144213.mp4,119
43109.mp4,121
158318.mp4,119
68062.mp4,120
22200.mp4,120
174835.mp4,119
150212.mp4,120
214327.mp4,119
