EKb2MMJSoeI_E_001299_001403_A_0077_0078.mp4,181
EKb2MMJSoeI_E_001694_001791_A_0073_0074.mp4,181
EKb2MMJSoeI_E_001913_002012_A_0079_0080.mp4,181
EKb2MMJSoeI_E_002610_002709_A_0076_0077.mp4,181
EKb2MMJSoeI_E_002952_003052_A_0035_0036.mp4,181
EizeIkrDtQk_E_009184_009289_A_0055_0056.mp4,181
EizeIkrDtQk_E_009411_009512_A_0028_0029.mp4,181
EizeIkrDtQk_E_010318_010422_A_0053_0054.mp4,181
FEWTGYiWEaQ_E_001405_001501_A_0026_0027.mp4,181
FEWTGYiWEaQ_E_005440_005557_A_0092_0093.mp4,179
FEWTGYiWEaQ_E_005440_005557_A_0094_0095.mp4,178
FNEeMvHmuEw_E_000450_000551_A_0042_0043.mp4,178
FNEeMvHmuEw_E_001274_001372_A_0039_0040.mp4,178
FNEeMvHmuEw_E_002265_002366_A_0070_0071.mp4,181
FNEeMvHmuEw_E_002265_002366_A_0073_0074.mp4,182
FNEeMvHmuEw_E_004223_004323_A_0075_0076.mp4,181
GEjRXo8Dvwc_E_000362_000460_A_0035_0036.mp4,181
GEjRXo8Dvwc_E_000703_000803_A_0038_0039.mp4,178
GEjRXo8Dvwc_E_000878_000982_A_0044_0045.mp4,181
GEjRXo8Dvwc_E_002042_002142_A_0040_0041.mp4,181
GEjRXo8Dvwc_E_003557_003660_A_0076_0077.mp4,181
GEjRXo8Dvwc_E_004679_004783_A_0075_0077.mp4,181
GEjRXo8Dvwc_E_005254_005358_A_0074_0075.mp4,181
GF8D7Dx2mhs_E_001921_002019_A_0027_0028.mp4,181
GF8D7Dx2mhs_E_004396_004497_A_0051_0052.mp4,181
GF8D7Dx2mhs_E_004396_004497_A_0086_0087.mp4,182
GF8D7Dx2mhs_E_004533_004634_A_0051_0052.mp4,178
GF8D7Dx2mhs_E_006198_006304_A_0074_0075.mp4,181
GF8D7Dx2mhs_E_006616_006719_A_0074_0075.mp4,181
GF8D7Dx2mhs_E_006616_006719_A_0077_0078.mp4,182
GF8D7Dx2mhs_E_006840_006940_A_0089_0090.mp4,181
GF8D7Dx2mhs_E_007072_007176_A_0047_0048.mp4,181
GF8D7Dx2mhs_E_007811_007923_A_0082_0083.mp4,181
GbUQwE9N3aM_E_001342_001444_A_0046_0047.mp4,181
GbUQwE9N3aM_E_002757_002858_A_0024_0025.mp4,178
GbUQwE9N3aM_E_002757_002858_A_0055_0056.mp4,184
GbUQwE9N3aM_E_004224_004323_A_0058_0059.mp4,181
Gng3ezTNGog_E_005044_005153_A_0083_0084.mp4,181
Gng3ezTNGog_E_005242_005346_A_0068_0069.mp4,179
Gng3ezTNGog_E_005493_005600_A_0080_0081.mp4,178
Gng3ezTNGog_E_005493_005600_A_0081_0082.mp4,179
Gng3ezTNGog_E_005699_005797_A_0070_0071.mp4,179
Gng3ezTNGog_E_005916_006011_A_0033_0034.mp4,181
I1OMnMSk1Lg_E_000770_000873_A_0076_0077.mp4,181
I1OMnMSk1Lg_E_002151_002256_A_0074_0075.mp4,181
I1OMnMSk1Lg_E_002151_002256_A_0077_0078.mp4,182
I1OMnMSk1Lg_E_003022_003122_A_0035_0036.mp4,181
I1OMnMSk1Lg_E_003448_003549_A_0042_0043.mp4,181
I1OMnMSk1Lg_E_004236_004336_A_0040_0041.mp4,181
I1OMnMSk1Lg_E_005064_005173_A_0061_0062.mp4,178
IP96HTdCvWs_E_004800_004902_A_0029_0030.mp4,178
IP96HTdCvWs_E_005209_005311_A_0055_0056.mp4,178
IP96HTdCvWs_E_005477_005578_A_0054_0055.mp4,178
IWFgo-tEEs8_E_002550_002654_A_0033_0034.mp4,178
IWFgo-tEEs8_E_002550_002654_A_0035_0036.mp4,181
IWFgo-tEEs8_E_002550_002654_A_0096_0097.mp4,182
IWFgo-tEEs8_E_002732_002840_A_0094_0095.mp4,182
IWFgo-tEEs8_E_002921_003025_A_0088_0089.mp4,182
IWFgo-tEEs8_E_002921_003025_A_0091_0092.mp4,181
IWFgo-tEEs8_E_003091_003195_A_0075_0076.mp4,181
IWFgo-tEEs8_E_003363_003461_A_0088_0089.mp4,181
ItBRb9LB-VI_E_000174_000269_A_0069_0070.mp4,178
ItBRb9LB-VI_E_000388_000490_A_0037_0038.mp4,181
ItBRb9LB-VI_E_000388_000490_A_0085_0086.mp4,184
ItBRb9LB-VI_E_002611_002713_A_0044_0045.mp4,178
ItBRb9LB-VI_E_003035_003135_A_0032_0033.mp4,178
JHqcbeKepSg_E_001435_001540_A_0078_0079.mp4,180
JHqcbeKepSg_E_001703_001805_A_0053_0054.mp4,178
JHqcbeKepSg_E_001703_001805_A_0056_0057.mp4,180
JHqcbeKepSg_E_002828_002929_A_0051_0052.mp4,178
JHqcbeKepSg_E_003052_003139_A_0067_0068.mp4,178
JHqcbeKepSg_E_007399_007499_A_0041_0042.mp4,181
JHqcbeKepSg_E_008231_008337_A_0056_0057.mp4,181
JHqcbeKepSg_E_008231_008337_A_0081_0082.mp4,184
LHZAh32EoC8_E_008754_008861_A_0039_0040.mp4,181
LHZAh32EoC8_E_008754_008861_A_0077_0078.mp4,182
LHZAh32EoC8_E_008947_009049_A_0038_0039.mp4,178
LHZAh32EoC8_E_009404_009511_A_0042_0043.mp4,178
LHZAh32EoC8_E_009913_010014_A_0060_0061.mp4,181
LHZAh32EoC8_E_010129_010234_A_0067_0068.mp4,178
MDxIRDDWw1w_E_004270_004369_A_0048_0049.mp4,178
MDxIRDDWw1w_E_004270_004369_A_0050_0051.mp4,182
MDxIRDDWw1w_E_004489_004581_A_0046_0047.mp4,179
MDxIRDDWw1w_E_004706_004795_A_0047_0048.mp4,181
MVLZz2J6tcE_E_001986_002085_A_0037_0038.mp4,178
MVLZz2J6tcE_E_002259_002354_A_0039_0040.mp4,181
MVLZz2J6tcE_E_002666_002765_A_0045_0046.mp4,178
MVLZz2J6tcE_E_003346_003442_A_0036_0037.mp4,181
MVLZz2J6tcE_E_003600_003667_A_0050_0051.mp4,181
MVLZz2J6tcE_E_003976_004081_A_0043_0044.mp4,181
MyrqGZXxpsY_E_002451_002554_A_0046_0047.mp4,181
MyrqGZXxpsY_E_003951_004051_A_0043_0044.mp4,181
MyrqGZXxpsY_E_004151_004253_A_0055_0056.mp4,181
MyrqGZXxpsY_E_004339_004440_A_0048_0049.mp4,181
MyrqGZXxpsY_E_004910_005009_A_0045_0046.mp4,181
MyrqGZXxpsY_E_006806_006907_A_0040_0041.mp4,181
OIJe8fQw7Wo_E_000948_001047_A_0041_0042.mp4,178
OIJe8fQw7Wo_E_002201_002303_A_0070_0071.mp4,181
OIJe8fQw7Wo_E_002201_002303_A_0073_0074.mp4,182
OIJe8fQw7Wo_E_002543_002643_A_0071_0072.mp4,181
OIJe8fQw7Wo_E_003754_003856_A_0076_0077.mp4,181
OIJe8fQw7Wo_E_004129_004231_A_0038_0039.mp4,181
OIJe8fQw7Wo_E_005494_005598_A_0042_0043.mp4,181
P31Ht3H76ok_E_004637_004738_A_0049_0050.mp4,179
P31Ht3H76ok_E_004637_004738_A_0051_0052.mp4,181
P31Ht3H76ok_E_004892_004992_A_0084_0085.mp4,178
P31Ht3H76ok_E_005126_005230_A_0041_0042.mp4,181
P31Ht3H76ok_E_005609_005754_A_0104_0105.mp4,181
P31Ht3H76ok_E_005884_005984_A_0049_0050.mp4,182
PgNRyuavbS4_E_000780_000878_A_0045_0046.mp4,181
PgNRyuavbS4_E_001457_001550_A_0039_0040.mp4,181
PgNRyuavbS4_E_006059_006157_A_0061_0062.mp4,181
PgNRyuavbS4_E_006817_006922_A_0070_0071.mp4,181
PgNRyuavbS4_E_008687_008786_A_0042_0043.mp4,181
PgNRyuavbS4_E_009003_009105_A_0046_0047.mp4,181
PgNRyuavbS4_E_010527_010625_A_0056_0057.mp4,181
QUzsdG7jyj0_E_000848_000951_A_0083_0084.mp4,178
QUzsdG7jyj0_E_001495_001594_A_0075_0076.mp4,178
QUzsdG7jyj0_E_002652_002746_A_0034_0035.mp4,178
QUzsdG7jyj0_E_005151_005232_A_0034_0035.mp4,181
QUzsdG7jyj0_E_005498_005599_A_0080_0081.mp4,178
QUzsdG7jyj0_E_006522_006621_A_0033_0034.mp4,180
QUzsdG7jyj0_E_007029_007130_A_0013_0014.mp4,184
R9XUGR-VlTg_E_008011_008108_A_0047_0048.mp4,181
R9XUGR-VlTg_E_008658_008760_A_0049_0050.mp4,181
R9XUGR-VlTg_E_009112_009218_A_0044_0045.mp4,181
R9XUGR-VlTg_E_009330_009428_A_0038_0039.mp4,181
R9XUGR-VlTg_E_009537_009640_A_0086_0087.mp4,181
RLDjrhjikT4_E_009687_009789_A_0054_0055.mp4,178
RLDjrhjikT4_E_009888_009989_A_0071_0072.mp4,178
RLDjrhjikT4_E_009888_009989_A_0096_0097.mp4,179
RLDjrhjikT4_E_010282_010384_A_0054_0055.mp4,181
RLDjrhjikT4_E_010282_010384_A_0056_0057.mp4,182
RLDjrhjikT4_E_011418_011510_A_0034_0035.mp4,181
RjpOEHmTf7I_E_000800_000906_A_0067_0068.mp4,181
RjpOEHmTf7I_E_002404_002503_A_0043_0044.mp4,181
RjpOEHmTf7I_E_003956_004060_A_0052_0053.mp4,181
RjpOEHmTf7I_E_004223_004322_A_0064_0065.mp4,181
RjpOEHmTf7I_E_005447_005547_A_0036_0037.mp4,181
Ry5PFp-pRmA_E_001307_001412_A_0075_0076.mp4,181
Ry5PFp-pRmA_E_002212_002311_A_0033_0034.mp4,178
Ry5PFp-pRmA_E_002605_002708_A_0040_0041.mp4,181
Ry5PFp-pRmA_E_002806_002912_A_0051_0052.mp4,181
Ry5PFp-pRmA_E_002806_002912_A_0053_0054.mp4,179
Ry5PFp-pRmA_E_003863_003962_A_0042_0043.mp4,181
Ry5PFp-pRmA_E_004120_004229_A_0071_0072.mp4,178
Ry5PFp-pRmA_E_004259_004360_A_0061_0062.mp4,181
TBsWos4T4OE_E_003633_003731_A_0039_0040.mp4,181
TBsWos4T4OE_E_003911_004006_A_0048_0049.mp4,181
TBsWos4T4OE_E_003911_004006_A_0060_0061.mp4,182
TCiufCzMtDs_E_000851_000946_A_0028_0029.mp4,181
TCiufCzMtDs_E_001807_001906_A_0045_0046.mp4,181
TCiufCzMtDs_E_001807_001906_A_0078_0079.mp4,178
TCiufCzMtDs_E_003503_003612_A_0094_0095.mp4,181
TCiufCzMtDs_E_004115_004218_A_0063_0064.mp4,181
TXpgPT5Jdiw_E_005492_005595_A_0089_0090.mp4,178
TXpgPT5Jdiw_E_005492_005595_A_0092_0093.mp4,183
TXpgPT5Jdiw_E_005718_005816_A_0040_0041.mp4,181
TXpgPT5Jdiw_E_005905_006003_A_0088_0089.mp4,178
UcCTusldh6w_E_006445_006547_A_0044_0045.mp4,181
Uo7ubem-G9I_E_003961_004064_A_0073_0074.mp4,181
Uo7ubem-G9I_E_004607_004710_A_0074_0075.mp4,181
Uo7ubem-G9I_E_004607_004710_A_0077_0078.mp4,182
Uo7ubem-G9I_E_005769_005869_A_0035_0036.mp4,181
Uo7ubem-G9I_E_007820_007925_A_0042_0043.mp4,181
VWsVUnoyUoA_E_006942_007051_A_0059_0060.mp4,181
VWsVUnoyUoA_E_007154_007246_A_0051_0052.mp4,181
VWsVUnoyUoA_E_007154_007246_A_0062_0063.mp4,182
VWsVUnoyUoA_E_007670_007778_A_0090_0091.mp4,178
VWsVUnoyUoA_E_008301_008403_A_0045_0046.mp4,181
VWsVUnoyUoA_E_008543_008646_A_0037_0038.mp4,181
VWsVUnoyUoA_E_008767_008866_A_0089_0090.mp4,181
Vq-w0Jk7y7g_E_005557_005658_A_0046_0047.mp4,181
Vq-w0Jk7y7g_E_005557_005658_A_0047_0048.mp4,180
Vq-w0Jk7y7g_E_005802_005902_A_0059_0060.mp4,178
Vq-w0Jk7y7g_E_006075_006172_A_0026_0027.mp4,178
Vq-w0Jk7y7g_E_006075_006172_A_0092_0093.mp4,180
Vq-w0Jk7y7g_E_006327_006431_A_0055_0056.mp4,178
Vq-w0Jk7y7g_E_007076_007181_A_0044_0045.mp4,178
Vq-w0Jk7y7g_E_007076_007181_A_0078_0079.mp4,180
Vq-w0Jk7y7g_E_007371_007465_A_0035_0036.mp4,182
Vq-w0Jk7y7g_E_007371_007465_A_0070_0071.mp4,181
Vq-w0Jk7y7g_E_007645_007746_A_0031_0032.mp4,178
Vq-w0Jk7y7g_E_008628_008729_A_0059_0060.mp4,178
Vq-w0Jk7y7g_E_008628_008729_A_0062_0063.mp4,181
Vq-w0Jk7y7g_E_008817_008917_A_0061_0062.mp4,178
Vq-w0Jk7y7g_E_009015_009114_A_0045_0046.mp4,178
Vq-w0Jk7y7g_E_009209_009310_A_0048_0049.mp4,178
Vq-w0Jk7y7g_E_009413_009515_A_0060_0061.mp4,181
Vq-w0Jk7y7g_E_010335_010440_A_0041_0042.mp4,178
Vq-w0Jk7y7g_E_010575_010678_A_0028_0029.mp4,184
Vq-w0Jk7y7g_E_010575_010678_A_0048_0049.mp4,181
Vq-w0Jk7y7g_E_010575_010678_A_0088_0089.mp4,182
WCcSXjsCVMA_E_000917_001012_A_0039_0040.mp4,181
WCcSXjsCVMA_E_000917_001012_A_0064_0065.mp4,184
WCcSXjsCVMA_E_001293_001387_A_0047_0048.mp4,181
WCcSXjsCVMA_E_004569_004664_A_0047_0048.mp4,178
WCcSXjsCVMA_E_006206_006308_A_0042_0043.mp4,181
WCcSXjsCVMA_E_008136_008237_A_0057_0058.mp4,181
WCcSXjsCVMA_E_009116_009211_A_0021_0022.mp4,181
Wu1gxxpbF2o_E_000309_000411_A_0045_0046.mp4,178
Wu1gxxpbF2o_E_001671_001773_A_0049_0050.mp4,181
Wu1gxxpbF2o_E_004057_004157_A_0061_0062.mp4,182
Wu1gxxpbF2o_E_004057_004157_A_0083_0084.mp4,181
Wu1gxxpbF2o_E_005847_005951_A_0039_0040.mp4,178
Wu1gxxpbF2o_E_006092_006193_A_0077_0078.mp4,181
Wu1gxxpbF2o_E_006328_006425_A_0041_0042.mp4,181
X4ajWw8L19s_E_001083_001181_A_0041_0042.mp4,178
X4ajWw8L19s_E_001272_001371_A_0027_0028.mp4,178
X4ajWw8L19s_E_001821_001922_A_0050_0051.mp4,178
X4ajWw8L19s_E_001821_001922_A_0078_0079.mp4,181
X4ajWw8L19s_E_003808_003911_A_0055_0056.mp4,181
X4ajWw8L19s_E_003808_003911_A_0056_0057.mp4,182
X4ajWw8L19s_E_004690_004794_A_0064_0065.mp4,178
X4ajWw8L19s_E_004690_004794_A_0066_0067.mp4,180
X4ajWw8L19s_E_004908_005012_A_0042_0043.mp4,178
X4ajWw8L19s_E_004908_005012_A_0045_0046.mp4,180
X4ajWw8L19s_E_007072_007176_A_0052_0053.mp4,178
X4ajWw8L19s_E_007434_007534_A_0066_0067.mp4,181
X4ajWw8L19s_E_007629_007732_A_0044_0045.mp4,178
X4ajWw8L19s_E_007629_007732_A_0098_0099.mp4,180
X4ajWw8L19s_E_009605_009712_A_0049_0050.mp4,181
X6sggzI0mw8_E_000540_000638_A_0036_0037.mp4,181
X6sggzI0mw8_E_004133_004237_A_0076_0077.mp4,181
X6sggzI0mw8_E_004133_004237_A_0079_0080.mp4,182
X6sggzI0mw8_E_004985_005085_A_0041_0042.mp4,181
Xw1UvouxVLk_E_001690_001791_A_0065_0066.mp4,178
Xw1UvouxVLk_E_002076_002181_A_0040_0041.mp4,178
Xw1UvouxVLk_E_002682_002786_A_0080_0081.mp4,181
Xw1UvouxVLk_E_003306_003412_A_0054_0055.mp4,181
YUKvzPL5nok_E_002057_002151_A_0058_0059.mp4,178
YUKvzPL5nok_E_003653_003753_A_0049_0050.mp4,180
YUKvzPL5nok_E_004144_004240_A_0034_0035.mp4,178
YesOPAkCA40_E_011563_011663_A_0082_0083.mp4,184
YesOPAkCA40_E_012260_012359_A_0045_0046.mp4,181
YesOPAkCA40_E_012699_012800_A_0067_0068.mp4,181
YesOPAkCA40_E_012953_013059_A_0057_0058.mp4,178
YesOPAkCA40_E_013220_013321_A_0021_0022.mp4,184
YesOPAkCA40_E_013220_013321_A_0023_0025.mp4,184
Z0bBRwAzKe0_E_000819_000917_A_0041_0042.mp4,181
Z0bBRwAzKe0_E_001217_001319_A_0048_0049.mp4,178
Z0bBRwAzKe0_E_002034_002136_A_0043_0044.mp4,181
Z0bBRwAzKe0_E_002595_002690_A_0048_0049.mp4,181
Z0bBRwAzKe0_E_004863_004962_A_0027_0028.mp4,181
ZHpME-SbKdQ_E_004835_004939_A_0056_0057.mp4,182
ZHpME-SbKdQ_E_004835_004939_A_0059_0060.mp4,181
ZHpME-SbKdQ_E_005071_005179_A_0082_0083.mp4,181
ZHpME-SbKdQ_E_005626_005740_A_0105_0107.mp4,184
ZHpME-SbKdQ_E_005873_005980_A_0082_0083.mp4,181
ZHpME-SbKdQ_E_005873_005980_A_0098_0099.mp4,182
ZHpME-SbKdQ_E_006120_006231_A_0075_0076.mp4,181
ZHpME-SbKdQ_E_006120_006231_A_0095_0096.mp4,182
eH-ZgOT8ASM_E_007874_007986_A_0088_0089.mp4,179
eH-ZgOT8ASM_E_008334_008443_A_0091_0092.mp4,181
eH-ZgOT8ASM_E_008833_008936_A_0082_0083.mp4,181
esQQbBhuXbM_E_001856_001954_A_0040_0041.mp4,181
esQQbBhuXbM_E_003205_003304_A_0075_0076.mp4,181
esQQbBhuXbM_E_004880_004980_A_0073_0074.mp4,181
esQQbBhuXbM_E_005908_006008_A_0033_0034.mp4,181
f-1FbFegbuQ_E_002035_002134_A_0054_0055.mp4,181
f-1FbFegbuQ_E_002655_002759_A_0045_0046.mp4,181
f-1FbFegbuQ_E_003369_003472_A_0080_0081.mp4,181
f-1FbFegbuQ_E_004245_004347_A_0051_0052.mp4,181
f-1FbFegbuQ_E_004729_004836_A_0055_0056.mp4,181
f-1FbFegbuQ_E_004879_004987_A_0041_0042.mp4,178
f6k7PBGgeb4_E_000350_000458_A_0079_0080.mp4,181
f6k7PBGgeb4_E_000779_000876_A_0069_0070.mp4,181
f6k7PBGgeb4_E_001021_001127_A_0085_0086.mp4,178
f6k7PBGgeb4_E_001273_001393_A_0056_0057.mp4,181
fDa0HpoXES4_E_000304_000408_A_0077_0078.mp4,181
fDa0HpoXES4_E_000961_001062_A_0038_0039.mp4,181
fDa0HpoXES4_E_002679_002785_A_0043_0044.mp4,181
fDa0HpoXES4_E_002679_002785_A_0062_0063.mp4,184
fDa0HpoXES4_E_004339_004438_A_0040_0041.mp4,178
fDa0HpoXES4_E_004724_004824_A_0055_0057.mp4,181
fH-VYYl9elA_E_000264_000365_A_0045_0046.mp4,178
fH-VYYl9elA_E_000607_000705_A_0065_0066.mp4,181
fH-VYYl9elA_E_000904_000999_A_0039_0040.mp4,181
fH-VYYl9elA_E_001866_001961_A_0035_0036.mp4,181
fH-VYYl9elA_E_002127_002231_A_0041_0042.mp4,181
gDmmqalpisc_E_004445_004551_A_0052_0053.mp4,178
gDmmqalpisc_E_004445_004551_A_0085_0086.mp4,181
gDmmqalpisc_E_004755_004851_A_0012_0013.mp4,182
gDmmqalpisc_E_004755_004851_A_0069_0070.mp4,178
gMNCwgXtQIw_E_003736_003840_A_0051_0052.mp4,181
gMNCwgXtQIw_E_004258_004363_A_0053_0054.mp4,178
gMNCwgXtQIw_E_004514_004617_A_0043_0044.mp4,181
gMNCwgXtQIw_E_004801_004902_A_0047_0048.mp4,181
gRgndu5MZY4_E_008610_008713_A_0061_0062.mp4,181
gRgndu5MZY4_E_008850_008952_A_0060_0062.mp4,181
gRgndu5MZY4_E_009063_009166_A_0039_0040.mp4,178
gRgndu5MZY4_E_009311_009415_A_0048_0049.mp4,181
gRgndu5MZY4_E_009311_009415_A_0089_0090.mp4,182
gRgndu5MZY4_E_009602_009702_A_0059_0060.mp4,178
gRgndu5MZY4_E_009602_009702_A_0061_0062.mp4,181
gRgndu5MZY4_E_009808_009910_A_0049_0050.mp4,178
gRgndu5MZY4_E_009808_009910_A_0071_0072.mp4,181
gRgndu5MZY4_E_010031_010139_A_0078_0079.mp4,181
gRgndu5MZY4_E_010031_010139_A_0081_0082.mp4,182
gRgndu5MZY4_E_010248_010361_A_0056_0057.mp4,181
gRgndu5MZY4_E_010248_010361_A_0059_0060.mp4,182
hibW8s4WQmQ_E_000212_000315_A_0012_0013.mp4,184
hibW8s4WQmQ_E_000534_000635_A_0065_0066.mp4,181
hibW8s4WQmQ_E_001706_001811_A_0057_0058.mp4,178
hibW8s4WQmQ_E_002302_002410_A_0078_0079.mp4,178
hibW8s4WQmQ_E_004459_004564_A_0018_0019.mp4,182
i87qMWsFbEI_E_000315_000413_A_0038_0039.mp4,178
i87qMWsFbEI_E_000315_000413_A_0071_0072.mp4,180
i87qMWsFbEI_E_000496_000598_A_0034_0035.mp4,178
i87qMWsFbEI_E_000496_000598_A_0036_0037.mp4,180
i87qMWsFbEI_E_002088_002188_A_0044_0045.mp4,178
i87qMWsFbEI_E_002088_002188_A_0045_0046.mp4,180
i87qMWsFbEI_E_002693_002797_A_0075_0076.mp4,181
i87qMWsFbEI_E_002862_002964_A_0067_0068.mp4,181
i87qMWsFbEI_E_003129_003235_A_0052_0053.mp4,181
i87qMWsFbEI_E_003295_003400_A_0050_0051.mp4,181
jABvTCCWinA_E_002487_002584_A_0047_0048.mp4,181
jABvTCCWinA_E_005875_005977_A_0046_0047.mp4,181
jABvTCCWinA_E_006289_006388_A_0029_0030.mp4,181
jABvTCCWinA_E_006289_006388_A_0030_0031.mp4,178
jABvTCCWinA_E_006488_006584_A_0038_0039.mp4,181
jABvTCCWinA_E_006488_006584_A_0067_0068.mp4,182
ji4smBYYANs_E_002250_002348_A_0068_0069.mp4,182
ji4smBYYANs_E_002250_002348_A_0069_0070.mp4,181
ji4smBYYANs_E_004450_004547_A_0071_0072.mp4,181
ji4smBYYANs_E_006099_006200_A_0049_0050.mp4,181
ji4smBYYANs_E_006342_006438_A_0040_0041.mp4,178
ji4smBYYANs_E_006549_006659_A_0084_0085.mp4,181
ji4smBYYANs_E_006808_006911_A_0039_0040.mp4,178
ji4smBYYANs_E_007096_007197_A_0085_0086.mp4,179
ji4smBYYANs_E_007328_007430_A_0046_0047.mp4,178
jz594oTnl-k_E_000343_000446_A_0040_0041.mp4,181
jz594oTnl-k_E_001315_001417_A_0049_0050.mp4,181
jz594oTnl-k_E_001928_002032_A_0048_0049.mp4,181
jz594oTnl-k_E_003385_003487_A_0058_0059.mp4,181
jz594oTnl-k_E_003944_004044_A_0053_0054.mp4,181
jz594oTnl-k_E_004504_004606_A_0038_0039.mp4,181
jz594oTnl-k_E_004994_005094_A_0036_0037.mp4,181
k8zhOvRBjGo_E_000229_000337_A_0058_0059.mp4,178
k8zhOvRBjGo_E_001034_001136_A_0041_0042.mp4,181
k8zhOvRBjGo_E_003899_004002_A_0053_0054.mp4,181
k8zhOvRBjGo_E_005146_005246_A_0071_0072.mp4,178
lrwiYiFGQZE_E_001358_001461_A_0034_0035.mp4,184
lrwiYiFGQZE_E_001358_001461_A_0035_0036.mp4,184
lrwiYiFGQZE_E_001358_001461_A_0037_0038.mp4,184
lrwiYiFGQZE_E_001358_001461_A_0042_0043.mp4,181
lrwiYiFGQZE_E_003405_003507_A_0079_0080.mp4,178
lrwiYiFGQZE_E_004003_004107_A_0073_0074.mp4,181
lrwiYiFGQZE_E_004330_004436_A_0055_0056.mp4,181
mI7pLIDnTiQ_E_001456_001550_A_0043_0044.mp4,180
mI7pLIDnTiQ_E_002934_003020_A_0060_0061.mp4,180
mQ59PLtU4QA_E_006002_006109_A_0092_0093.mp4,178
mQ59PLtU4QA_E_006406_006510_A_0061_0062.mp4,178
mQ59PLtU4QA_E_006993_007099_A_0065_0066.mp4,178
mQ59PLtU4QA_E_007427_007528_A_0043_0044.mp4,178
mQ59PLtU4QA_E_007654_007760_A_0032_0033.mp4,178
mQ59PLtU4QA_E_007654_007760_A_0035_0036.mp4,181
n9-yxVGYMRw_E_000341_000440_A_0044_0045.mp4,178
n9-yxVGYMRw_E_000341_000440_A_0045_0046.mp4,180
n9-yxVGYMRw_E_001596_001703_A_0071_0072.mp4,178
n9-yxVGYMRw_E_001596_001703_A_0074_0075.mp4,181
n9-yxVGYMRw_E_001936_002033_A_0063_0064.mp4,181
n9-yxVGYMRw_E_001936_002033_A_0064_0065.mp4,178
n9-yxVGYMRw_E_003258_003358_A_0046_0047.mp4,178
n9-yxVGYMRw_E_003518_003620_A_0048_0049.mp4,181
n9-yxVGYMRw_E_003785_003894_A_0049_0050.mp4,181
nSDRagdrJ-A_E_000671_000772_A_0044_0045.mp4,181
nSDRagdrJ-A_E_002813_002917_A_0043_0044.mp4,181
nSDRagdrJ-A_E_003038_003146_A_0058_0059.mp4,178
nSDRagdrJ-A_E_003239_003339_A_0063_0064.mp4,178
om-qKQXxnH4_E_001025_001123_A_0047_0048.mp4,181
om-qKQXxnH4_E_003085_003192_A_0076_0077.mp4,178
om-qKQXxnH4_E_003775_003879_A_0066_0067.mp4,181
om-qKQXxnH4_E_003775_003879_A_0067_0068.mp4,179
om-qKQXxnH4_E_004830_004929_A_0070_0071.mp4,181
owZ2Fv4Li8M_E_002479_002583_A_0039_0040.mp4,181
owZ2Fv4Li8M_E_003803_003905_A_0062_0063.mp4,181
owZ2Fv4Li8M_E_003803_003905_A_0081_0082.mp4,182
p42w02g4Ce4_E_000858_000962_A_0070_0071.mp4,182
p42w02g4Ce4_E_000858_000962_A_0073_0074.mp4,181
p42w02g4Ce4_E_001152_001255_A_0048_0049.mp4,178
p42w02g4Ce4_E_001152_001255_A_0051_0052.mp4,181
p42w02g4Ce4_E_005706_005813_A_0078_0079.mp4,181
pDymfQS91xI_E_000954_001054_A_0041_0042.mp4,178
pDymfQS91xI_E_001208_001304_A_0059_0060.mp4,181
pDymfQS91xI_E_002634_002731_A_0043_0044.mp4,181
pDymfQS91xI_E_002847_002947_A_0075_0076.mp4,181
pDymfQS91xI_E_003149_003248_A_0049_0050.mp4,181
pDymfQS91xI_E_005326_005420_A_0043_0044.mp4,181
qBlozVQ7NOc_E_006813_006915_A_0041_0042.mp4,181
qBlozVQ7NOc_E_007044_007147_A_0068_0069.mp4,181
qBlozVQ7NOc_E_007306_007406_A_0052_0053.mp4,178
qBlozVQ7NOc_E_007526_007628_A_0090_0091.mp4,181
qBlozVQ7NOc_E_007526_007628_A_0092_0093.mp4,182
qBlozVQ7NOc_E_007741_007842_A_0038_0039.mp4,178
qBlozVQ7NOc_E_008042_008148_A_0078_0079.mp4,181
qBlozVQ7NOc_E_008042_008148_A_0081_0082.mp4,182
qBlozVQ7NOc_E_008251_008356_A_0084_0085.mp4,181
qBlozVQ7NOc_E_008673_008776_A_0051_0052.mp4,181
qBlozVQ7NOc_E_008673_008776_A_0053_0055.mp4,179
qGvIwgHzCH8_E_002286_002387_A_0039_0040.mp4,178
qGvIwgHzCH8_E_003934_004037_A_0051_0052.mp4,181
qGvIwgHzCH8_E_004574_004675_A_0086_0087.mp4,179
qGvIwgHzCH8_E_004981_005085_A_0049_0050.mp4,181
qGvIwgHzCH8_E_005498_005593_A_0045_0046.mp4,181
qGvIwgHzCH8_E_006097_006197_A_0077_0078.mp4,181
qGvIwgHzCH8_E_006661_006756_A_0040_0041.mp4,178
qfgrzomg0nc_E_003946_004044_A_0059_0060.mp4,181
s7pyZPf6fKU_E_000355_000459_A_0051_0052.mp4,181
s7pyZPf6fKU_E_000863_000973_A_0052_0053.mp4,181
s7pyZPf6fKU_E_001094_001198_A_0076_0077.mp4,178
s7pyZPf6fKU_E_005654_005754_A_0069_0070.mp4,178
t7Xgg9bejOM_E_007664_007762_A_0033_0034.mp4,178
t7Xgg9bejOM_E_008151_008251_A_0077_0078.mp4,178
t7Xgg9bejOM_E_008481_008581_A_0048_0049.mp4,178
t7Xgg9bejOM_E_008852_008950_A_0061_0062.mp4,178
t7Xgg9bejOM_E_009086_009187_A_0046_0047.mp4,181
t7Xgg9bejOM_E_009319_009419_A_0037_0038.mp4,181
u6tU91r1Szo_E_000740_000839_A_0056_0057.mp4,178
u6tU91r1Szo_E_000740_000839_A_0057_0058.mp4,180
u6tU91r1Szo_E_002524_002629_A_0041_0042.mp4,178
u6tU91r1Szo_E_004893_004996_A_0066_0067.mp4,181
uDZVn-K4GE4_E_001726_001830_A_0037_0038.mp4,181
uDZVn-K4GE4_E_001942_002041_A_0041_0042.mp4,181
uDZVn-K4GE4_E_002173_002275_A_0050_0051.mp4,178
uDZVn-K4GE4_E_002405_002511_A_0054_0055.mp4,178
uDZVn-K4GE4_E_002615_002719_A_0027_0028.mp4,181
upaJ16I0zmQ_E_000334_000443_A_0060_0061.mp4,181
upaJ16I0zmQ_E_000334_000443_A_0062_0063.mp4,180
upaJ16I0zmQ_E_001947_002052_A_0071_0072.mp4,180
upaJ16I0zmQ_E_002150_002245_A_0065_0066.mp4,181
upaJ16I0zmQ_E_005091_005186_A_0043_0044.mp4,181
upaJ16I0zmQ_E_005247_005349_A_0050_0051.mp4,180
upaJ16I0zmQ_E_006322_006430_A_0049_0050.mp4,181
v3mISBmwrUM_E_000925_001031_A_0045_0046.mp4,178
v3mISBmwrUM_E_001150_001246_A_0053_0054.mp4,181
v3mISBmwrUM_E_001406_001501_A_0049_0050.mp4,181
v3mISBmwrUM_E_001628_001728_A_0072_0073.mp4,182
v3mISBmwrUM_E_001628_001728_A_0075_0076.mp4,181
v3mISBmwrUM_E_002241_002343_A_0055_0056.mp4,179
v3mISBmwrUM_E_004107_004205_A_0048_0049.mp4,178
v3mISBmwrUM_E_004589_004688_A_0022_0023.mp4,181
v3mISBmwrUM_E_006006_006104_A_0042_0043.mp4,181
v3mISBmwrUM_E_006480_006578_A_0067_0068.mp4,181
vMn2UWFmMDY_E_004225_004323_A_0022_0023.mp4,184
vMn2UWFmMDY_E_004225_004323_A_0023_0024.mp4,184
vMn2UWFmMDY_E_004225_004323_A_0091_0092.mp4,181
vMn2UWFmMDY_E_004225_004323_A_0093_0095.mp4,182
vMn2UWFmMDY_E_004423_004532_A_0062_0063.mp4,179
vMn2UWFmMDY_E_004618_004717_A_0088_0089.mp4,178
vMn2UWFmMDY_E_004850_004948_A_0040_0041.mp4,181
vMn2UWFmMDY_E_005108_005216_A_0093_0094.mp4,178
vMn2UWFmMDY_E_005541_005648_A_0051_0052.mp4,178
vMn2UWFmMDY_E_005769_005870_A_0075_0076.mp4,184
vMn2UWFmMDY_E_005769_005870_A_0083_0084.mp4,179
vY-jPM995Gk_E_001682_001785_A_0033_0034.mp4,178
vY-jPM995Gk_E_002620_002720_A_0080_0081.mp4,181
vY-jPM995Gk_E_003691_003795_A_0068_0069.mp4,181
vY-jPM995Gk_E_004572_004672_A_0059_0060.mp4,181
wWZry3-5sF0_E_001634_001737_A_0044_0045.mp4,178
wWZry3-5sF0_E_002000_002103_A_0079_0080.mp4,181
wWZry3-5sF0_E_003003_003099_A_0037_0038.mp4,181
wWZry3-5sF0_E_003493_003597_A_0048_0049.mp4,181
wWZry3-5sF0_E_004473_004574_A_0046_0047.mp4,181
wWZry3-5sF0_E_004473_004574_A_0077_0078.mp4,178
wWwc2BbO598_E_002330_002426_A_0059_0060.mp4,181
wWwc2BbO598_E_002444_002541_A_0065_0066.mp4,181
wWwc2BbO598_E_002444_002541_A_0069_0070.mp4,182
wWwc2BbO598_E_002685_002773_A_0034_0035.mp4,181
wWwc2BbO598_E_002794_002897_A_0089_0090.mp4,181
wWwc2BbO598_E_002794_002897_A_0092_0093.mp4,182
wWwc2BbO598_E_002915_003019_A_0046_0047.mp4,181
wWwc2BbO598_E_003035_003140_A_0038_0039.mp4,181
wWwc2BbO598_E_003035_003140_A_0085_0086.mp4,184
wWwc2BbO598_E_003035_003140_A_0086_0087.mp4,184
wYbfwx93VXk_E_008570_008672_A_0059_0060.mp4,178
wYbfwx93VXk_E_008826_008923_A_0061_0063.mp4,181
wYbfwx93VXk_E_009057_009158_A_0067_0068.mp4,181
wYbfwx93VXk_E_009554_009654_A_0031_0032.mp4,181
wYbfwx93VXk_E_010073_010175_A_0072_0073.mp4,178
wYbfwx93VXk_E_010310_010415_A_0053_0054.mp4,178
wolPuHKrX9o_E_003177_003283_A_0049_0050.mp4,181
wolPuHKrX9o_E_003381_003480_A_0038_0039.mp4,178
wolPuHKrX9o_E_003381_003480_A_0040_0041.mp4,180
wolPuHKrX9o_E_003606_003705_A_0023_0024.mp4,181
wolPuHKrX9o_E_004453_004551_A_0042_0043.mp4,181
wolPuHKrX9o_E_004741_004844_A_0048_0049.mp4,178
xHBUIt-airA_E_002027_002127_A_0083_0084.mp4,181
xHBUIt-airA_E_002027_002127_A_0085_0086.mp4,182
xHBUIt-airA_E_003193_003315_A_0046_0047.mp4,178
xHBUIt-airA_E_003193_003315_A_0048_0049.mp4,180
xHBUIt-airA_E_004032_004131_A_0042_0043.mp4,181
xHBUIt-airA_E_004258_004360_A_0054_0055.mp4,178
xHBUIt-airA_E_005112_005214_A_0079_0080.mp4,181
xHBUIt-airA_E_005632_005734_A_0074_0075.mp4,181
xHBUIt-airA_E_006080_006183_A_0068_0069.mp4,178
xHBUIt-airA_E_006673_006776_A_0049_0050.mp4,178
xHBUIt-airA_E_007025_007127_A_0045_0046.mp4,181
xHBUIt-airA_E_007256_007361_A_0076_0077.mp4,178
yIDi18JlgsQ_E_003760_003860_A_0045_0046.mp4,181
yIDi18JlgsQ_E_007917_007999_A_0027_0028.mp4,178
yvZPHJu3kb0_E_000262_000365_A_0069_0070.mp4,178
yvZPHJu3kb0_E_000461_000563_A_0077_0078.mp4,181
yvZPHJu3kb0_E_000461_000563_A_0078_0079.mp4,182
yvZPHJu3kb0_E_000683_000786_A_0049_0050.mp4,178
yvZPHJu3kb0_E_000683_000786_A_0067_0069.mp4,184
yvZPHJu3kb0_E_004098_004200_A_0028_0029.mp4,181
yvZPHJu3kb0_E_005851_005948_A_0028_0029.mp4,181
yvZPHJu3kb0_E_005851_005948_A_0068_0069.mp4,178
yz-uNJgIhk4_E_000372_000470_A_0030_0031.mp4,184
yz-uNJgIhk4_E_000372_000470_A_0031_0032.mp4,184
yz-uNJgIhk4_E_000372_000470_A_0036_0037.mp4,181
yz-uNJgIhk4_E_000523_000623_A_0050_0051.mp4,181
yz-uNJgIhk4_E_000834_000945_A_0027_0028.mp4,184
yz-uNJgIhk4_E_000834_000945_A_0043_0044.mp4,178
yz-uNJgIhk4_E_001095_001199_A_0053_0055.mp4,181
yz-uNJgIhk4_E_001693_001795_A_0048_0049.mp4,178
yz-uNJgIhk4_E_003134_003234_A_0056_0057.mp4,181
yz-uNJgIhk4_E_004334_004430_A_0075_0076.mp4,178
yz-uNJgIhk4_E_004820_004924_A_0080_0081.mp4,181
yz-uNJgIhk4_E_004820_004924_A_0083_0084.mp4,184
zNL3kn3UBmg_E_000334_000434_A_0069_0070.mp4,181
zNL3kn3UBmg_E_000660_000752_A_0061_0062.mp4,181
zNL3kn3UBmg_E_001540_001638_A_0038_0039.mp4,180
zNL3kn3UBmg_E_001844_001942_A_0078_0079.mp4,181
zNL3kn3UBmg_E_003962_004063_A_0039_0040.mp4,180
zNL3kn3UBmg_E_004464_004567_A_0018_0019.mp4,184
zNL3kn3UBmg_E_004464_004567_A_0020_0021.mp4,184
zNL3kn3UBmg_E_004464_004567_A_0062_0063.mp4,180
zNL3kn3UBmg_E_007228_007322_A_0034_0035.mp4,181
zNL3kn3UBmg_E_007548_007646_A_0065_0066.mp4,181
0LtLS9wROrk_E_000322_000417_A_0082_0083.mp4,184
0LtLS9wROrk_E_000615_000710_A_0033_0034.mp4,178
0LtLS9wROrk_E_000925_001024_A_0058_0059.mp4,178
0LtLS9wROrk_E_002250_002351_A_0037_0038.mp4,181
0LtLS9wROrk_E_002843_002945_A_0054_0055.mp4,180
0jqn1vxdhls_E_003284_003383_A_0033_0035.mp4,184
0jqn1vxdhls_E_003284_003383_A_0040_0041.mp4,181
0jqn1vxdhls_E_004354_004453_A_0045_0046.mp4,178
2AGztyrY25g_E_007937_008042_A_0096_0097.mp4,182
2Qw1e4-nWrk_E_005464_005562_A_0076_0077.mp4,179
eH-ZgOT8ASM_E_007496_007602_A_0099_0100.mp4,183
