149778.mp4,122
102280.mp4,121
95024.mp4,122
156850.mp4,122
198977.mp4,122
126303.mp4,121
104645.mp4,122
8509.mp4,122
2463.mp4,122
88384.mp4,121
46504.mp4,121
165765.mp4,122
148917.mp4,122
37419.mp4,121
164666.mp4,122
159669.mp4,121
14911.mp4,121
38123.mp4,121
126047.mp4,122
31427.mp4,122
109130.mp4,122
213839.mp4,122
213395.mp4,122
44619.mp4,121
89105.mp4,122
117434.mp4,122
159507.mp4,122
78463.mp4,122
129482.mp4,122
99614.mp4,122
43785.mp4,122
61409.mp4,122
216486.mp4,122
119158.mp4,121
49246.mp4,122
16573.mp4,122
219328.mp4,122
123887.mp4,122
36613.mp4,122
110473.mp4,122
52825.mp4,122
164866.mp4,122
115088.mp4,122
88021.mp4,122
164720.mp4,121
13854.mp4,121
121633.mp4,121
176919.mp4,122
125735.mp4,122
153452.mp4,122
20767.mp4,122
108986.mp4,122
200041.mp4,122
62795.mp4,122
53377.mp4,121
210555.mp4,122
5271.mp4,122
44673.mp4,122
16282.mp4,122
145508.mp4,122
177299.mp4,122
25667.mp4,122
104395.mp4,121
22462.mp4,122
151930.mp4,122
65023.mp4,122
297.mp4,122
217552.mp4,122
14023.mp4,122
202797.mp4,122
10930.mp4,121
187612.mp4,122
11670.mp4,121
120430.mp4,122
19710.mp4,122
15905.mp4,122
179215.mp4,121
45122.mp4,122
182065.mp4,122
76775.mp4,121
98763.mp4,122
150189.mp4,122
15342.mp4,122
132641.mp4,121
69864.mp4,121
73097.mp4,122
143349.mp4,122
74052.mp4,121
71439.mp4,121
20576.mp4,122
156847.mp4,121
25498.mp4,122
7499.mp4,121
129850.mp4,122
66436.mp4,122
153164.mp4,121
78385.mp4,121
77087.mp4,121
126075.mp4,122
165693.mp4,121
189464.mp4,122
139129.mp4,121
200785.mp4,122
187654.mp4,122
168991.mp4,122
122186.mp4,122
86091.mp4,121
97952.mp4,122
137086.mp4,121
96510.mp4,122
103344.mp4,121
142151.mp4,122
117103.mp4,122
159344.mp4,122
134111.mp4,122
131677.mp4,122
148778.mp4,121
12349.mp4,122
149562.mp4,122
73809.mp4,122
30165.mp4,121
26139.mp4,122
24860.mp4,122
188085.mp4,121
135506.mp4,122
145203.mp4,122
118967.mp4,121
40028.mp4,122
67802.mp4,122
43814.mp4,122
195759.mp4,122
180054.mp4,122
110412.mp4,122
30633.mp4,122
194516.mp4,121
35531.mp4,122
141945.mp4,121
133954.mp4,122
66686.mp4,122
137867.mp4,122
136381.mp4,122
191343.mp4,122
66496.mp4,122
2570.mp4,122
108461.mp4,122
210903.mp4,122
128052.mp4,121
137922.mp4,122
186177.mp4,122
51915.mp4,122
163572.mp4,121
208919.mp4,122
154053.mp4,122
21539.mp4,122
56442.mp4,121
69420.mp4,122
187569.mp4,122
128178.mp4,122
42380.mp4,122
163911.mp4,122
146133.mp4,121
88125.mp4,121
189740.mp4,122
163399.mp4,122
83241.mp4,122
107216.mp4,121
169599.mp4,122
32757.mp4,122
66643.mp4,122
76874.mp4,122
219380.mp4,121
63407.mp4,121
142493.mp4,122
126877.mp4,122
150136.mp4,122
40340.mp4,122
81881.mp4,122
3130.mp4,121
104534.mp4,122
215572.mp4,122
91564.mp4,122
8591.mp4,122
8166.mp4,122
142463.mp4,122
150846.mp4,122
57975.mp4,122
194268.mp4,121
88240.mp4,121
6898.mp4,121
99371.mp4,122
157889.mp4,122
148951.mp4,122
87230.mp4,122
100022.mp4,121
189695.mp4,122
120191.mp4,121
176442.mp4,122
133276.mp4,121
139877.mp4,122
84236.mp4,121
182641.mp4,121
85109.mp4,122
62035.mp4,122
32902.mp4,122
167871.mp4,122
165983.mp4,122
104799.mp4,122
156279.mp4,122
126797.mp4,122
213076.mp4,121
23337.mp4,122
43480.mp4,122
177032.mp4,121
118335.mp4,122
77277.mp4,122
148813.mp4,121
39671.mp4,122
58593.mp4,122
188513.mp4,122
219271.mp4,122
184528.mp4,122
79841.mp4,122
66089.mp4,122
61594.mp4,122
10479.mp4,122
23581.mp4,122
136298.mp4,121
31779.mp4,122
216165.mp4,122
176940.mp4,122
99225.mp4,122
123584.mp4,121
52131.mp4,121
46487.mp4,122
205347.mp4,122
3965.mp4,121
62984.mp4,121
180993.mp4,122
17457.mp4,122
55291.mp4,122
63787.mp4,121
107238.mp4,122
52310.mp4,122
70291.mp4,121
104877.mp4,121
128995.mp4,122
104728.mp4,121
126035.mp4,121
32766.mp4,121
129763.mp4,122
210929.mp4,122
50607.mp4,122
136920.mp4,122
220494.mp4,122
104494.mp4,122
107982.mp4,121
51872.mp4,122
40827.mp4,122
42997.mp4,121
109882.mp4,122
28652.mp4,122
31820.mp4,122
17245.mp4,122
30683.mp4,122
63070.mp4,122
202516.mp4,122
40412.mp4,122
80938.mp4,122
55750.mp4,121
33506.mp4,122
32391.mp4,122
74747.mp4,122
188592.mp4,122
61017.mp4,122
59797.mp4,122
172494.mp4,122
111111.mp4,122
205181.mp4,122
12418.mp4,122
21523.mp4,122
181599.mp4,122
59954.mp4,121
177320.mp4,122
168669.mp4,122
57595.mp4,122
146641.mp4,121
11822.mp4,122
93487.mp4,122
32010.mp4,122
6461.mp4,122
91895.mp4,122
52660.mp4,121
100023.mp4,122
24964.mp4,122
50654.mp4,122
99176.mp4,122
9513.mp4,122
90977.mp4,122
205860.mp4,121
183810.mp4,122
60784.mp4,122
102097.mp4,122
125944.mp4,122
118656.mp4,122
214180.mp4,122
203699.mp4,122
151448.mp4,121
178635.mp4,122
214195.mp4,121
171866.mp4,122
145598.mp4,122
124335.mp4,122
176912.mp4,122
58902.mp4,121
206042.mp4,122
196699.mp4,121
147529.mp4,122
65040.mp4,122
15356.mp4,122
173926.mp4,122
275.mp4,122
165853.mp4,121
212319.mp4,121
23793.mp4,122
211711.mp4,122
175988.mp4,122
214164.mp4,122
216681.mp4,122
83290.mp4,122
152779.mp4,122
39843.mp4,122
28685.mp4,122
152452.mp4,122
137231.mp4,122
32865.mp4,122
150733.mp4,122
213416.mp4,122
220784.mp4,121
143403.mp4,122
189212.mp4,122
195750.mp4,121
161628.mp4,122
80525.mp4,121
188195.mp4,122
33548.mp4,121
22117.mp4,122
191764.mp4,122
132431.mp4,121
54102.mp4,122
220238.mp4,122
183049.mp4,122
101210.mp4,122
214400.mp4,122
197654.mp4,121
37207.mp4,122
111491.mp4,122
210394.mp4,122
17300.mp4,122
65753.mp4,122
182085.mp4,122
119007.mp4,122
112209.mp4,122
33977.mp4,122
76415.mp4,122
54157.mp4,122
8431.mp4,122
123769.mp4,122
116082.mp4,122
169294.mp4,122
209162.mp4,122
132550.mp4,121
7370.mp4,121
179729.mp4,121
106660.mp4,122
47473.mp4,122
51183.mp4,121
43303.mp4,121
129785.mp4,122
141645.mp4,121
24655.mp4,122
20385.mp4,121
157178.mp4,122
189610.mp4,122
126753.mp4,122
147038.mp4,122
39478.mp4,122
3170.mp4,122
26075.mp4,121
6189.mp4,122
132050.mp4,121
33791.mp4,121
106354.mp4,122
164513.mp4,122
160994.mp4,122
164138.mp4,121
141736.mp4,121
105646.mp4,122
38831.mp4,122
60043.mp4,122
190165.mp4,122
72587.mp4,121
214867.mp4,122
203024.mp4,122
11319.mp4,122
187454.mp4,122
132036.mp4,121
203278.mp4,122
29350.mp4,122
15516.mp4,122
151743.mp4,122
219330.mp4,122
133995.mp4,121
109432.mp4,122
200894.mp4,121
69777.mp4,122
120959.mp4,122
25474.mp4,121
77035.mp4,121
28165.mp4,121
127779.mp4,122
165236.mp4,122
120886.mp4,122
159501.mp4,122
152097.mp4,122
206402.mp4,122
56837.mp4,122
205835.mp4,121
178094.mp4,122
93659.mp4,122
211498.mp4,122
69600.mp4,122
162584.mp4,121
213544.mp4,122
200435.mp4,122
90531.mp4,122
142804.mp4,121
27884.mp4,122
133094.mp4,122
165345.mp4,121
59870.mp4,122
68114.mp4,122
209957.mp4,122
118670.mp4,122
90400.mp4,122
103441.mp4,121
22560.mp4,122
151178.mp4,122
12063.mp4,122
218769.mp4,121
50323.mp4,122
167879.mp4,122
122886.mp4,122
144359.mp4,122
189929.mp4,122
46513.mp4,122
35440.mp4,122
45909.mp4,122
135494.mp4,122
215884.mp4,122
180328.mp4,121
178804.mp4,121
85594.mp4,121
20352.mp4,122
28432.mp4,122
62856.mp4,122
95807.mp4,122
179735.mp4,121
199124.mp4,121
116993.mp4,122
8506.mp4,122
215785.mp4,122
144961.mp4,122
155654.mp4,122
13018.mp4,122
216453.mp4,121
119463.mp4,122
86849.mp4,122
96602.mp4,122
216601.mp4,121
124329.mp4,122
162066.mp4,122
181979.mp4,122
77284.mp4,122
175536.mp4,122
72278.mp4,122
42244.mp4,122
111864.mp4,121
18863.mp4,122
79395.mp4,122
35979.mp4,122
110178.mp4,122
163729.mp4,122
146737.mp4,122
20207.mp4,122
58284.mp4,121
60748.mp4,121
104623.mp4,121
136788.mp4,122
73545.mp4,122
98459.mp4,122
69990.mp4,121
167785.mp4,122
187035.mp4,121
67864.mp4,122
99402.mp4,121
120641.mp4,121
51247.mp4,122
153825.mp4,122
199527.mp4,122
20621.mp4,122
43817.mp4,122
2631.mp4,122
29188.mp4,122
24960.mp4,122
50027.mp4,122
220808.mp4,121
75209.mp4,121
141463.mp4,121
198307.mp4,122
89462.mp4,122
61537.mp4,122
64331.mp4,122
107388.mp4,122
38407.mp4,121
152567.mp4,122
116496.mp4,122
57272.mp4,122
8753.mp4,122
150691.mp4,121
166378.mp4,121
14483.mp4,122
29143.mp4,121
45263.mp4,122
45523.mp4,122
70096.mp4,122
202048.mp4,122
56985.mp4,122
208495.mp4,121
77469.mp4,122
177776.mp4,122
212997.mp4,122
173027.mp4,122
40249.mp4,122
159026.mp4,121
114379.mp4,122
90421.mp4,122
177880.mp4,122
184493.mp4,122
5972.mp4,121
13043.mp4,122
35904.mp4,121
4231.mp4,122
146140.mp4,122
71596.mp4,122
89127.mp4,121
63320.mp4,121
188529.mp4,122
159212.mp4,122
133244.mp4,122
124480.mp4,122
199326.mp4,121
97401.mp4,122
156827.mp4,122
68125.mp4,122
218336.mp4,122
124388.mp4,121
10745.mp4,122
110878.mp4,122
136239.mp4,122
110414.mp4,121
38579.mp4,122
194321.mp4,122
68806.mp4,122
142138.mp4,121
100521.mp4,122
183772.mp4,122
141728.mp4,122
54479.mp4,121
9829.mp4,122
104220.mp4,122
185118.mp4,122
175109.mp4,122
152504.mp4,122
100238.mp4,121
132643.mp4,122
136107.mp4,121
122152.mp4,122
105766.mp4,122
218759.mp4,122
49082.mp4,122
148394.mp4,122
108446.mp4,122
60418.mp4,121
54529.mp4,122
26229.mp4,122
46147.mp4,122
211793.mp4,122
206112.mp4,122
28295.mp4,121
58229.mp4,121
29006.mp4,122
219016.mp4,121
204013.mp4,122
169602.mp4,122
134732.mp4,122
138372.mp4,122
53443.mp4,122
64941.mp4,122
119926.mp4,121
210926.mp4,122
83221.mp4,121
6114.mp4,122
168469.mp4,122
115888.mp4,121
77972.mp4,122
128696.mp4,122
40272.mp4,121
99196.mp4,121
177037.mp4,122
123360.mp4,122
165000.mp4,122
129765.mp4,122
107928.mp4,122
136400.mp4,122
53828.mp4,122
3353.mp4,121
11355.mp4,122
180983.mp4,122
75675.mp4,122
35528.mp4,122
174191.mp4,122
147397.mp4,122
53386.mp4,122
47676.mp4,122
123307.mp4,121
44299.mp4,122
150038.mp4,122
162998.mp4,122
219050.mp4,122
27902.mp4,122
65123.mp4,122
126485.mp4,122
158550.mp4,122
131335.mp4,121
103263.mp4,122
209811.mp4,122
143104.mp4,122
196213.mp4,121
118154.mp4,121
10525.mp4,122
27481.mp4,121
26583.mp4,121
68868.mp4,122
151584.mp4,122
15126.mp4,122
116517.mp4,122
4789.mp4,122
113946.mp4,122
106789.mp4,122
168486.mp4,122
138588.mp4,122
155210.mp4,122
4986.mp4,122
13098.mp4,122
96362.mp4,122
142386.mp4,122
21598.mp4,122
51997.mp4,122
148375.mp4,122
163661.mp4,122
49118.mp4,122
62663.mp4,121
54382.mp4,122
164723.mp4,122
87772.mp4,122
189846.mp4,121
143337.mp4,122
159833.mp4,122
49147.mp4,121
47606.mp4,122
155965.mp4,122
102883.mp4,122
190383.mp4,122
180269.mp4,122
112233.mp4,122
65295.mp4,122
185916.mp4,121
111507.mp4,122
209132.mp4,122
1978.mp4,122
45955.mp4,122
43609.mp4,122
181411.mp4,122
191895.mp4,121
125608.mp4,122
52403.mp4,121
22331.mp4,122
23406.mp4,122
97336.mp4,122
86219.mp4,122
166710.mp4,122
196941.mp4,122
213028.mp4,122
87621.mp4,122
164770.mp4,121
213112.mp4,122
19566.mp4,122
114378.mp4,121
36193.mp4,121
114628.mp4,122
86480.mp4,121
219268.mp4,122
212405.mp4,122
45954.mp4,122
208165.mp4,121
155088.mp4,121
182288.mp4,122
169198.mp4,122
116392.mp4,121
65575.mp4,122
24216.mp4,121
123043.mp4,122
164380.mp4,122
220467.mp4,121
46407.mp4,122
194831.mp4,122
120321.mp4,121
198557.mp4,122
176786.mp4,121
213422.mp4,122
112045.mp4,122
111391.mp4,121
130990.mp4,122
43807.mp4,122
216689.mp4,122
157016.mp4,122
59233.mp4,122
19800.mp4,122
62908.mp4,122
47920.mp4,121
91381.mp4,122
123186.mp4,122
160929.mp4,122
56103.mp4,122
161922.mp4,122
89222.mp4,122
188867.mp4,122
190250.mp4,121
7936.mp4,122
36807.mp4,122
49942.mp4,122
54077.mp4,122
90434.mp4,122
14751.mp4,122
165470.mp4,122
913.mp4,122
45548.mp4,122
179202.mp4,122
156571.mp4,122
213193.mp4,122
25500.mp4,122
34610.mp4,121
152515.mp4,122
96575.mp4,122
209668.mp4,122
43286.mp4,122
82770.mp4,121
16283.mp4,122
206134.mp4,122
177274.mp4,122
66206.mp4,121
155714.mp4,122
178289.mp4,122
202064.mp4,121
20922.mp4,122
32395.mp4,121
136724.mp4,122
90877.mp4,122
203513.mp4,121
161354.mp4,122
62160.mp4,122
50742.mp4,122
102742.mp4,122
158749.mp4,122
207356.mp4,121
17178.mp4,122
184761.mp4,122
158513.mp4,122
87034.mp4,122
69226.mp4,122
117435.mp4,122
83532.mp4,122
43063.mp4,121
55114.mp4,122
143377.mp4,122
195130.mp4,122
50264.mp4,122
9296.mp4,122
15570.mp4,122
205654.mp4,122
62592.mp4,122
186034.mp4,122
12902.mp4,122
178420.mp4,121
113627.mp4,121
140166.mp4,122
69368.mp4,122
99702.mp4,121
82502.mp4,122
140084.mp4,121
196762.mp4,122
146295.mp4,122
5878.mp4,122
102071.mp4,122
135771.mp4,121
22165.mp4,122
11641.mp4,121
50552.mp4,122
24147.mp4,122
137440.mp4,122
59982.mp4,121
172951.mp4,121
109962.mp4,121
136125.mp4,122
181777.mp4,122
217234.mp4,121
37925.mp4,121
118760.mp4,122
180964.mp4,121
146046.mp4,122
147139.mp4,122
106502.mp4,122
104022.mp4,122
129793.mp4,122
61379.mp4,121
18203.mp4,121
78424.mp4,122
154779.mp4,122
172145.mp4,122
24104.mp4,122
218146.mp4,121
195836.mp4,122
12330.mp4,122
7032.mp4,121
32793.mp4,121
152274.mp4,122
164963.mp4,121
187544.mp4,122
53687.mp4,122
21243.mp4,122
79907.mp4,122
106195.mp4,122
136908.mp4,122
19329.mp4,121
211705.mp4,122
13952.mp4,121
180686.mp4,122
90242.mp4,121
66956.mp4,122
176823.mp4,122
71562.mp4,122
34061.mp4,122
180375.mp4,122
195317.mp4,122
17278.mp4,122
112582.mp4,121
61557.mp4,122
152364.mp4,121
219843.mp4,121
100828.mp4,122
34946.mp4,121
141253.mp4,121
8861.mp4,122
21961.mp4,122
134990.mp4,122
104151.mp4,122
54848.mp4,122
2289.mp4,121
28604.mp4,122
99115.mp4,121
31672.mp4,122
137621.mp4,122
212881.mp4,122
50372.mp4,121
81775.mp4,121
73273.mp4,122
144163.mp4,121
40367.mp4,122
87927.mp4,122
37774.mp4,121
4014.mp4,121
168511.mp4,122
86501.mp4,122
113172.mp4,122
82353.mp4,122
165151.mp4,122
132027.mp4,122
160507.mp4,122
21049.mp4,121
218585.mp4,122
49640.mp4,122
127424.mp4,122
216988.mp4,121
206724.mp4,122
98726.mp4,121
179247.mp4,122
167200.mp4,122
27258.mp4,122
137425.mp4,122
110441.mp4,122
139655.mp4,122
195903.mp4,122
187393.mp4,122
122820.mp4,122
210380.mp4,121
119562.mp4,122
202475.mp4,122
220754.mp4,121
44462.mp4,122
43697.mp4,121
206672.mp4,122
91240.mp4,121
136024.mp4,121
132738.mp4,122
91492.mp4,122
120969.mp4,122
109034.mp4,121
209772.mp4,122
201076.mp4,121
90922.mp4,122
39808.mp4,121
74396.mp4,122
112560.mp4,122
210696.mp4,122
86618.mp4,121
20918.mp4,122
127434.mp4,122
106027.mp4,122
83200.mp4,122
153767.mp4,122
170029.mp4,122
58034.mp4,122
102387.mp4,122
24407.mp4,122
167830.mp4,122
205506.mp4,122
34142.mp4,121
128284.mp4,122
5194.mp4,122
96175.mp4,122
64473.mp4,121
167809.mp4,122
165951.mp4,122
158062.mp4,122
159668.mp4,122
177844.mp4,122
159911.mp4,121
171042.mp4,122
204817.mp4,122
145151.mp4,121
117227.mp4,122
134290.mp4,122
56749.mp4,122
158673.mp4,121
22145.mp4,121
181815.mp4,121
153517.mp4,122
211178.mp4,122
72566.mp4,122
146660.mp4,121
58110.mp4,122
182343.mp4,122
14151.mp4,122
182679.mp4,122
65468.mp4,122
88243.mp4,122
50869.mp4,121
149018.mp4,122
45076.mp4,122
99372.mp4,122
26577.mp4,122
120703.mp4,122
202676.mp4,121
214539.mp4,122
6992.mp4,122
39076.mp4,122
47517.mp4,121
153878.mp4,122
101752.mp4,122
39354.mp4,121
35927.mp4,122
192907.mp4,122
193172.mp4,121
68176.mp4,122
39347.mp4,122
129888.mp4,122
18914.mp4,121
185375.mp4,122
113670.mp4,122
47650.mp4,122
112753.mp4,122
112600.mp4,122
33.mp4,122
180175.mp4,122
56710.mp4,122
116584.mp4,121
131457.mp4,122
217822.mp4,122
15757.mp4,122
56357.mp4,122
147003.mp4,121
154256.mp4,121
206960.mp4,122
41596.mp4,122
43900.mp4,121
25150.mp4,121
1178.mp4,122
127285.mp4,121
150340.mp4,122
807.mp4,122
118328.mp4,122
47098.mp4,122
41640.mp4,122
29256.mp4,122
211351.mp4,121
207890.mp4,122
148868.mp4,122
50472.mp4,121
177341.mp4,122
187966.mp4,121
67269.mp4,122
109229.mp4,121
116201.mp4,121
187787.mp4,122
186156.mp4,122
151003.mp4,122
142992.mp4,122
58910.mp4,122
54084.mp4,122
32298.mp4,121
83213.mp4,122
6830.mp4,121
95187.mp4,122
136497.mp4,121
196167.mp4,122
18737.mp4,122
173616.mp4,121
41047.mp4,121
93243.mp4,122
121002.mp4,121
133035.mp4,121
82953.mp4,122
2349.mp4,122
41880.mp4,122
184620.mp4,122
197828.mp4,121
179510.mp4,122
68067.mp4,121
8478.mp4,122
215909.mp4,122
12594.mp4,121
35005.mp4,122
208352.mp4,121
16114.mp4,122
117985.mp4,121
127421.mp4,122
182034.mp4,122
44693.mp4,121
216717.mp4,122
157662.mp4,122
93126.mp4,122
51605.mp4,122
82972.mp4,122
200683.mp4,122
141525.mp4,121
149859.mp4,122
194495.mp4,122
104403.mp4,122
170739.mp4,122
37338.mp4,122
136233.mp4,122
49379.mp4,121
15558.mp4,122
68558.mp4,122
201007.mp4,122
54085.mp4,122
203702.mp4,122
137044.mp4,121
138395.mp4,122
82876.mp4,122
70023.mp4,122
216669.mp4,122
193810.mp4,122
53855.mp4,122
131079.mp4,122
26676.mp4,121
190234.mp4,122
117411.mp4,122
29979.mp4,122
170344.mp4,122
79636.mp4,121
191759.mp4,122
140288.mp4,122
114404.mp4,122
72397.mp4,122
83883.mp4,122
150952.mp4,122
113026.mp4,122
164012.mp4,121
149121.mp4,122
66942.mp4,122
44715.mp4,121
17196.mp4,122
190745.mp4,122
38441.mp4,121
190303.mp4,122
177482.mp4,121
26701.mp4,122
38759.mp4,121
140567.mp4,121
43236.mp4,122
125068.mp4,121
216751.mp4,121
100670.mp4,122
3943.mp4,122
25598.mp4,122
124473.mp4,122
209339.mp4,122
157549.mp4,122
101754.mp4,122
187993.mp4,122
26043.mp4,122
198177.mp4,122
141145.mp4,122
203587.mp4,122
148355.mp4,121
98695.mp4,121
75840.mp4,121
45093.mp4,122
189833.mp4,121
80617.mp4,122
40386.mp4,122
43802.mp4,122
84180.mp4,122
213225.mp4,122
142001.mp4,121
95751.mp4,121
216248.mp4,122
22556.mp4,122
210248.mp4,121
185576.mp4,122
131652.mp4,122
125039.mp4,121
142332.mp4,122
92023.mp4,122
22850.mp4,122
198057.mp4,122
42672.mp4,121
202424.mp4,121
81654.mp4,122
214598.mp4,121
94311.mp4,121
171306.mp4,122
199871.mp4,121
60453.mp4,122
73418.mp4,122
43731.mp4,122
32019.mp4,122
68043.mp4,122
211882.mp4,122
45399.mp4,122
71387.mp4,122
46870.mp4,122
24789.mp4,121
24218.mp4,122
99991.mp4,122
87353.mp4,122
101196.mp4,121
144465.mp4,122
97947.mp4,122
48837.mp4,122
49622.mp4,122
122631.mp4,121
132954.mp4,121
138273.mp4,122
116075.mp4,122
206913.mp4,122
209323.mp4,122
216574.mp4,122
17680.mp4,122
72625.mp4,122
114611.mp4,122
96733.mp4,122
211489.mp4,122
147472.mp4,121
7038.mp4,122
128921.mp4,122
198725.mp4,121
214589.mp4,121
212278.mp4,122
66947.mp4,122
210131.mp4,122
164122.mp4,122
43880.mp4,122
114439.mp4,122
102968.mp4,121
34649.mp4,122
146975.mp4,122
63047.mp4,122
58418.mp4,121
91529.mp4,122
7975.mp4,122
91104.mp4,122
72795.mp4,121
207214.mp4,122
51285.mp4,122
166439.mp4,121
114925.mp4,122
60925.mp4,122
145213.mp4,121
89699.mp4,122
21706.mp4,122
80401.mp4,122
137242.mp4,121
130516.mp4,122
86457.mp4,122
37218.mp4,121
159751.mp4,122
113354.mp4,121
135590.mp4,121
122150.mp4,122
163881.mp4,122
97533.mp4,122
163984.mp4,122
158872.mp4,122
207911.mp4,122
110706.mp4,122
188608.mp4,122
35680.mp4,122
69238.mp4,122
18133.mp4,121
71452.mp4,122
185658.mp4,121
185112.mp4,122
112524.mp4,122
208980.mp4,121
71287.mp4,122
18092.mp4,122
114010.mp4,122
185758.mp4,122
85367.mp4,122
129213.mp4,121
65510.mp4,122
66444.mp4,122
62142.mp4,122
74942.mp4,122
155520.mp4,122
144833.mp4,122
