0LtLS9wROrk_E_004459_004545_A_0060_0062.mp4,181
0LtLS9wROrk_E_005787_005866_A_0022_0023.mp4,180
0LtLS9wROrk_E_007241_007324_A_0026_0028.mp4,181
0LtLS9wROrk_E_007548_007611_A_0058_0059.mp4,181
1Fdwuy2V9EY_E_004992_005081_A_0020_0021.mp4,180
1rkcLEAMTpw_E_004889_004984_A_0066_0067.mp4,180
1rkcLEAMTpw_E_005095_005185_A_0046_0047.mp4,180
1sPWceVH4e8_E_002800_002896_A_0057_0058.mp4,180
1sPWceVH4e8_E_003387_003480_A_0064_0065.mp4,180
1sPWceVH4e8_E_003492_003581_A_0065_0066.mp4,180
1sPWceVH4e8_E_003737_003826_A_0059_0060.mp4,180
1sPWceVH4e8_E_004321_004413_A_0070_0071.mp4,180
1sPWceVH4e8_E_004723_004821_A_0016_0017.mp4,180
1sPWceVH4e8_E_006753_006838_A_0055_0056.mp4,180
1sPWceVH4e8_E_006938_007036_A_0016_0017.mp4,180
26Y8BsNiiL8_E_001162_001259_A_0018_0019.mp4,180
2AGztyrY25g_E_002585_002663_A_0030_0031.mp4,180
2AGztyrY25g_E_003703_003801_A_0078_0079.mp4,180
2giTb7IpJDU_E_001993_002080_A_0061_0062.mp4,180
2giTb7IpJDU_E_004119_004206_A_0075_0076.mp4,180
2giTb7IpJDU_E_004488_004583_A_0012_0013.mp4,180
2giTb7IpJDU_E_004952_005049_A_0069_0070.mp4,180
3PywNMDCvNQ_E_001120_001200_A_0062_0063.mp4,181
3PywNMDCvNQ_E_002458_002517_A_0053_0054.mp4,181
3PywNMDCvNQ_E_003071_003141_A_0032_0033.mp4,181
4mzbybgzoJo_E_001857_001946_A_0074_0075.mp4,180
5Bfx6Wz3KKs_E_006291_006388_A_0074_0075.mp4,181
5Bfx6Wz3KKs_E_014404_014475_A_0037_0039.mp4,181
5Bfx6Wz3KKs_E_022321_022407_A_0037_0039.mp4,181
5X85zLeLmks_E_006186_006271_A_0071_0072.mp4,180
5cuxEEKyth8_E_007061_007147_A_0060_0061.mp4,180
6fqDZHFr2yo_E_000865_000962_A_0031_0032.mp4,180
6fqDZHFr2yo_E_001126_001225_A_0011_0013.mp4,178
6fqDZHFr2yo_E_001126_001225_A_0066_0067.mp4,180
6fqDZHFr2yo_E_001288_001370_A_0030_0031.mp4,180
6fqDZHFr2yo_E_001484_001575_A_0075_0076.mp4,180
8WGrvkd6ZEU_E_006982_007062_A_0066_0067.mp4,180
8jfPAvqYAs8_E_002522_002612_A_0065_0066.mp4,179
8jfPAvqYAs8_E_005937_006021_A_0066_0067.mp4,180
9Mtbac7g15I_E_000304_000395_A_0075_0076.mp4,180
9Mtbac7g15I_E_001078_001170_A_0070_0071.mp4,180
9Mtbac7g15I_E_001304_001401_A_0068_0069.mp4,180
9Mtbac7g15I_E_003612_003710_A_0063_0064.mp4,178
A0xAXXysHUo_E_002763_002874_A_0048_0049.mp4,180
A0xAXXysHUo_E_003242_003342_A_0020_0021.mp4,180
AZ4wWG6Rcak_E_006115_006196_A_0035_0036.mp4,180
AZ4wWG6Rcak_E_007152_007237_A_0045_0046.mp4,180
AZ4wWG6Rcak_E_007413_007501_A_0037_0038.mp4,180
BLzs5opw8uM_E_001044_001143_A_0018_0019.mp4,180
BLzs5opw8uM_E_002316_002397_A_0025_0026.mp4,180
BQhX6F3gpp8_E_003100_003210_A_0092_0093.mp4,180
BQhX6F3gpp8_E_003413_003501_A_0012_0013.mp4,178
BQhX6F3gpp8_E_004570_004667_A_0010_0011.mp4,178
BQhX6F3gpp8_E_004904_005002_A_0068_0069.mp4,180
C5Yfd1IWjmM_E_006041_006127_A_0075_0076.mp4,180
CUuRl0Bwbbc_E_001393_001492_A_0062_0063.mp4,180
CUuRl0Bwbbc_E_001739_001844_A_0077_0078.mp4,180
CUuRl0Bwbbc_E_002901_002996_A_0079_0080.mp4,180
CkNz9ZIQmZI_E_003713_003816_A_0084_0085.mp4,180
CkNz9ZIQmZI_E_004136_004224_A_0072_0073.mp4,180
CkNz9ZIQmZI_E_004347_004433_A_0019_0020.mp4,180
CkNz9ZIQmZI_E_004929_005008_A_0065_0066.mp4,180
CkNz9ZIQmZI_E_005136_005230_A_0059_0060.mp4,180
aEZbP-Yephw_E_000380_000467_A_0031_0032.mp4,180
aEZbP-Yephw_E_001550_001632_A_0061_0062.mp4,180
aEZbP-Yephw_E_002450_002550_A_0070_0071.mp4,180
aEZbP-Yephw_E_003547_003643_A_0072_0073.mp4,180
aN3PC4tJokk_E_002527_002617_A_0034_0035.mp4,180
aN9hSsP6xTg_E_000824_000917_A_0073_0074.mp4,180
aN9hSsP6xTg_E_001436_001527_A_0057_0058.mp4,180
aN9hSsP6xTg_E_002211_002312_A_0034_0035.mp4,180
aN9hSsP6xTg_E_002420_002518_A_0044_0045.mp4,180
aN9hSsP6xTg_E_002533_002622_A_0014_0015.mp4,180
aN9hSsP6xTg_E_003225_003317_A_0016_0017.mp4,180
cSh74jSRht8_E_005257_005376_A_0047_0048.mp4,180
cSh74jSRht8_E_005490_005565_A_0060_0061.mp4,180
eH-ZgOT8ASM_E_006539_006626_A_0036_0037.mp4,178
