1Fdwuy2V9EY_E_009502_009601_A_0048_0049.mp4,179
1Fdwuy2V9EY_E_009752_009855_A_0072_0074.mp4,179
1Fdwuy2V9EY_E_010313_010417_A_0047_0049.mp4,178
1JsRXIoR3C0_E_008007_008109_A_0038_0040.mp4,179
1JsRXIoR3C0_E_008546_008646_A_0049_0051.mp4,179
1JsRXIoR3C0_E_008546_008646_A_0087_0088.mp4,178
1JsRXIoR3C0_E_008799_008905_A_0016_0018.mp4,179
1rkcLEAMTpw_E_007972_008078_A_0018_0020.mp4,182
1rkcLEAMTpw_E_007972_008078_A_0072_0074.mp4,178
1rkcLEAMTpw_E_008421_008527_A_0016_0017.mp4,178
1rkcLEAMTpw_E_008421_008527_A_0071_0073.mp4,182
1sPWceVH4e8_E_003904_003993_A_0056_0057.mp4,181
1sPWceVH4e8_E_006298_006401_A_0028_0029.mp4,178
1sPWceVH4e8_E_007221_007310_A_0014_0016.mp4,178
26Y8BsNiiL8_E_002894_002990_A_0056_0057.mp4,181
26Y8BsNiiL8_E_003978_004077_A_0054_0055.mp4,182
26Y8BsNiiL8_E_004232_004334_A_0059_0061.mp4,182
2AGztyrY25g_E_007937_008042_A_0048_0049.mp4,182
2AGztyrY25g_E_008173_008272_A_0046_0047.mp4,178
2AGztyrY25g_E_008717_008817_A_0033_0035.mp4,178
2AGztyrY25g_E_008717_008817_A_0078_0080.mp4,182
2Qw1e4-nWrk_E_003782_003881_A_0011_0012.mp4,182
2Qw1e4-nWrk_E_003782_003881_A_0045_0047.mp4,179
2Qw1e4-nWrk_E_004617_004722_A_0088_0089.mp4,182
2Qw1e4-nWrk_E_005183_005283_A_0039_0041.mp4,179
2Qw1e4-nWrk_E_005464_005562_A_0072_0073.mp4,182
2giTb7IpJDU_E_003239_003341_A_0048_0049.mp4,178
2giTb7IpJDU_E_003239_003341_A_0074_0075.mp4,182
4mzbybgzoJo_E_002630_002729_A_0030_0031.mp4,182
4mzbybgzoJo_E_002630_002729_A_0087_0089.mp4,179
4mzbybgzoJo_E_002935_003036_A_0042_0043.mp4,178
4mzbybgzoJo_E_003248_003354_A_0049_0051.mp4,178
4mzbybgzoJo_E_003248_003354_A_0062_0063.mp4,179
5X85zLeLmks_E_001815_001924_A_0088_0090.mp4,182
5X85zLeLmks_E_002220_002303_A_0063_0064.mp4,181
5cuxEEKyth8_E_000999_001102_A_0025_0027.mp4,182
5cuxEEKyth8_E_001482_001576_A_0068_0069.mp4,179
5cuxEEKyth8_E_003196_003295_A_0078_0079.mp4,179
5cuxEEKyth8_E_003441_003539_A_0039_0041.mp4,178
5cuxEEKyth8_E_003742_003847_A_0013_0014.mp4,182
5cuxEEKyth8_E_003742_003847_A_0045_0047.mp4,178
5cuxEEKyth8_E_003742_003847_A_0079_0081.mp4,179
5cuxEEKyth8_E_004812_004917_A_0018_0019.mp4,182
5cuxEEKyth8_E_005301_005397_A_0065_0067.mp4,182
5cuxEEKyth8_E_006715_006816_A_0071_0073.mp4,179
5cuxEEKyth8_E_006944_007045_A_0028_0029.mp4,182
5cuxEEKyth8_E_007515_007617_A_0013_0014.mp4,182
5cuxEEKyth8_E_007515_007617_A_0014_0015.mp4,181
5cuxEEKyth8_E_007515_007617_A_0044_0046.mp4,179
5cuxEEKyth8_E_007900_008005_A_0073_0075.mp4,179
8N3CBVAft40_E_001245_001343_A_0041_0043.mp4,179
8WGrvkd6ZEU_E_009188_009292_A_0034_0035.mp4,182
8WGrvkd6ZEU_E_009403_009509_A_0084_0086.mp4,178
8WGrvkd6ZEU_E_009826_009928_A_0053_0055.mp4,178
8YSDFKGwP4U_E_004951_005050_A_0071_0072.mp4,179
8YSDFKGwP4U_E_005069_005170_A_0038_0039.mp4,181
8jfPAvqYAs8_E_000862_000964_A_0016_0017.mp4,182
8jfPAvqYAs8_E_002744_002846_A_0013_0014.mp4,182
8jfPAvqYAs8_E_002744_002846_A_0044_0046.mp4,179
8jfPAvqYAs8_E_003212_003313_A_0028_0029.mp4,182
8jfPAvqYAs8_E_004050_004155_A_0073_0076.mp4,179
8jfPAvqYAs8_E_004709_004813_A_0027_0029.mp4,182
8jfPAvqYAs8_E_005167_005273_A_0048_0049.mp4,178
8jfPAvqYAs8_E_005754_005854_A_0074_0075.mp4,182
8jfPAvqYAs8_E_008109_008211_A_0057_0059.mp4,178
9Mtbac7g15I_E_001466_001566_A_0011_0012.mp4,182
9Mtbac7g15I_E_003802_003905_A_0032_0034.mp4,178
A0xAXXysHUo_E_003089_003189_A_0039_0041.mp4,178
A0xAXXysHUo_E_003435_003534_A_0053_0055.mp4,182
A0xAXXysHUo_E_003749_003849_A_0059_0060.mp4,182
A0xAXXysHUo_E_003897_003995_A_0053_0055.mp4,182
A0xAXXysHUo_E_004694_004791_A_0056_0058.mp4,182
AZ4wWG6Rcak_E_002331_002434_A_0018_0019.mp4,178
AZ4wWG6Rcak_E_002331_002434_A_0081_0084.mp4,182
AZ4wWG6Rcak_E_002529_002628_A_0056_0058.mp4,179
AZ4wWG6Rcak_E_005289_005394_A_0021_0023.mp4,178
AZ4wWG6Rcak_E_005492_005593_A_0080_0081.mp4,178
AZ4wWG6Rcak_E_009215_009318_A_0021_0022.mp4,179
BLzs5opw8uM_E_003532_003625_A_0068_0070.mp4,182
BLzs5opw8uM_E_003725_003827_A_0079_0080.mp4,178
BQhX6F3gpp8_E_008733_008833_A_0042_0043.mp4,182
BQhX6F3gpp8_E_008733_008833_A_0065_0067.mp4,180
C5Yfd1IWjmM_E_001396_001513_A_0034_0036.mp4,182
C5Yfd1IWjmM_E_001645_001751_A_0052_0053.mp4,179
C5Yfd1IWjmM_E_003761_003863_A_0086_0088.mp4,182
CUuRl0Bwbbc_E_003495_003598_A_0049_0052.mp4,179
CUuRl0Bwbbc_E_004235_004331_A_0038_0039.mp4,178
CkNz9ZIQmZI_E_006383_006487_A_0058_0059.mp4,178
CkNz9ZIQmZI_E_006859_006958_A_0043_0045.mp4,182
CkNz9ZIQmZI_E_007316_007416_A_0023_0025.mp4,178
CkNz9ZIQmZI_E_007578_007683_A_0046_0047.mp4,178
CkNz9ZIQmZI_E_008093_008190_A_0056_0057.mp4,181
DG7upbhB1bI_E_001882_001986_A_0048_0049.mp4,179
DG7upbhB1bI_E_003248_003346_A_0071_0072.mp4,179
DTedv-hhHU4_E_000795_000904_A_0039_0040.mp4,182
DTedv-hhHU4_E_001024_001129_A_0051_0053.mp4,179
DTedv-hhHU4_E_002197_002298_A_0024_0026.mp4,182
DyZ2qj6x1UE_E_003507_003612_A_0046_0047.mp4,181
DyZ2qj6x1UE_E_004939_005041_A_0021_0022.mp4,178
DyZ2qj6x1UE_E_004939_005041_A_0076_0077.mp4,181
E3AHJ6-QS8M_E_000552_000647_A_0072_0074.mp4,178
E3AHJ6-QS8M_E_002634_002733_A_0052_0053.mp4,181
E3AHJ6-QS8M_E_003321_003427_A_0065_0066.mp4,182
E3AHJ6-QS8M_E_004206_004316_A_0085_0087.mp4,178
E3AHJ6-QS8M_E_005450_005555_A_0052_0053.mp4,178
E3AHJ6-QS8M_E_005894_006001_A_0035_0037.mp4,180
E3AHJ6-QS8M_E_005894_006001_A_0069_0070.mp4,182
E3AHJ6-QS8M_E_006283_006392_A_0068_0070.mp4,182
EFvDqOF1sCk_E_001457_001559_A_0029_0030.mp4,181
EFvDqOF1sCk_E_001457_001559_A_0041_0042.mp4,178
EFvDqOF1sCk_E_002657_002760_A_0084_0085.mp4,181
EFvDqOF1sCk_E_003932_004039_A_0050_0051.mp4,182
EFvDqOF1sCk_E_003932_004039_A_0071_0073.mp4,178
EKb2MMJSoeI_E_001299_001403_A_0046_0049.mp4,179
EKb2MMJSoeI_E_001528_001626_A_0048_0050.mp4,182
EKb2MMJSoeI_E_001694_001791_A_0053_0054.mp4,181
EKb2MMJSoeI_E_001913_002012_A_0055_0057.mp4,182
EKb2MMJSoeI_E_002952_003052_A_0050_0052.mp4,180
EizeIkrDtQk_E_008917_009027_A_0093_0094.mp4,182
EizeIkrDtQk_E_009184_009289_A_0044_0045.mp4,180
EizeIkrDtQk_E_009622_009726_A_0040_0042.mp4,181
FEWTGYiWEaQ_E_004306_004411_A_0055_0057.mp4,180
FEWTGYiWEaQ_E_005440_005557_A_0088_0090.mp4,180
aEZbP-Yephw_E_004976_005078_A_0049_0050.mp4,178
aEZbP-Yephw_E_005181_005281_A_0047_0048.mp4,178
aN3PC4tJokk_E_003860_003960_A_0040_0041.mp4,181
aN3PC4tJokk_E_004100_004199_A_0065_0067.mp4,178
aN3PC4tJokk_E_004599_004701_A_0080_0082.mp4,182
aN9hSsP6xTg_E_000327_000429_A_0035_0037.mp4,182
aN9hSsP6xTg_E_000327_000429_A_0076_0078.mp4,178
aN9hSsP6xTg_E_001042_001140_A_0036_0037.mp4,181
aN9hSsP6xTg_E_001042_001140_A_0081_0082.mp4,182
aN9hSsP6xTg_E_001977_002183_A_0017_0018.mp4,179
dqUNtY2GwW4_E_003169_003267_A_0010_0012.mp4,182
e3EsDlpNo0c_E_002096_002195_A_0039_0040.mp4,181
e3EsDlpNo0c_E_002490_002586_A_0079_0081.mp4,179
e3EsDlpNo0c_E_003966_004070_A_0017_0018.mp4,178
e3EsDlpNo0c_E_003966_004070_A_0045_0047.mp4,182
e3EsDlpNo0c_E_004350_004455_A_0035_0037.mp4,182
e3EsDlpNo0c_E_005706_005810_A_0056_0058.mp4,179
e3EsDlpNo0c_E_006401_006501_A_0041_0042.mp4,182
e3EsDlpNo0c_E_006401_006501_A_0042_0043.mp4,181
e3EsDlpNo0c_E_006853_006954_A_0040_0041.mp4,178
e3EsDlpNo0c_E_006853_006954_A_0058_0059.mp4,179
e3EsDlpNo0c_E_007562_007662_A_0055_0057.mp4,179
e3EsDlpNo0c_E_008138_008242_A_0049_0051.mp4,179
e3EsDlpNo0c_E_008527_008631_A_0016_0017.mp4,182
eH-ZgOT8ASM_E_007289_007400_A_0067_0069.mp4,179
eH-ZgOT8ASM_E_007496_007602_A_0044_0047.mp4,182
eH-ZgOT8ASM_E_007496_007602_A_0061_0062.mp4,179
eH-ZgOT8ASM_E_007874_007986_A_0050_0052.mp4,182
eH-ZgOT8ASM_E_008137_008245_A_0079_0081.mp4,179
eH-ZgOT8ASM_E_008833_008936_A_0059_0060.mp4,182
esQQbBhuXbM_E_001856_001954_A_0048_0049.mp4,179
esQQbBhuXbM_E_003205_003304_A_0043_0044.mp4,181
esQQbBhuXbM_E_004880_004980_A_0095_0097.mp4,179
esQQbBhuXbM_E_007679_007783_A_0058_0060.mp4,179
f-1FbFegbuQ_E_004879_004987_A_0062_0064.mp4,181
f6k7PBGgeb4_E_000779_000876_A_0092_0094.mp4,179
fDa0HpoXES4_E_000304_000408_A_0059_0061.mp4,179
fDa0HpoXES4_E_002679_002785_A_0079_0081.mp4,179
fDa0HpoXES4_E_004339_004438_A_0069_0071.mp4,179
