EKb2MMJSoeI_E_002450_002553_A_0050_0052.mp4,178
EKb2MMJSoeI_E_002450_002553_A_0072_0073.mp4,182
EKb2MMJSoeI_E_002952_003052_A_0060_0062.mp4,182
EizeIkrDtQk_E_009411_009512_A_0036_0037.mp4,178
FEWTGYiWEaQ_E_001405_001501_A_0036_0038.mp4,178
FEWTGYiWEaQ_E_005440_005557_A_0028_0030.mp4,182
FEWTGYiWEaQ_E_005440_005557_A_0045_0046.mp4,178
FNEeMvHmuEw_E_000197_000292_A_0061_0063.mp4,182
FNEeMvHmuEw_E_000450_000551_A_0070_0072.mp4,179
FNEeMvHmuEw_E_001274_001372_A_0068_0070.mp4,179
FNEeMvHmuEw_E_004223_004323_A_0057_0059.mp4,179
FNEeMvHmuEw_E_004460_004564_A_0077_0078.mp4,179
GEjRXo8Dvwc_E_000362_000460_A_0070_0072.mp4,179
GEjRXo8Dvwc_E_000703_000803_A_0053_0055.mp4,179
GEjRXo8Dvwc_E_000878_000982_A_0078_0079.mp4,179
GEjRXo8Dvwc_E_002042_002142_A_0071_0073.mp4,179
GEjRXo8Dvwc_E_003163_003263_A_0037_0039.mp4,182
GEjRXo8Dvwc_E_005254_005358_A_0053_0055.mp4,179
GF8D7Dx2mhs_E_001921_002019_A_0035_0037.mp4,178
GF8D7Dx2mhs_E_006198_006304_A_0045_0046.mp4,178
GF8D7Dx2mhs_E_006198_006304_A_0061_0063.mp4,179
GF8D7Dx2mhs_E_006840_006940_A_0026_0027.mp4,178
GF8D7Dx2mhs_E_006840_006940_A_0062_0063.mp4,180
GF8D7Dx2mhs_E_007072_007176_A_0080_0081.mp4,179
GF8D7Dx2mhs_E_007811_007923_A_0094_0096.mp4,182
GbUQwE9N3aM_E_001342_001444_A_0062_0063.mp4,182
GbUQwE9N3aM_E_001645_001748_A_0085_0086.mp4,182
GbUQwE9N3aM_E_004224_004323_A_0031_0032.mp4,181
Gng3ezTNGog_E_005044_005153_A_0064_0066.mp4,179
Gng3ezTNGog_E_005242_005346_A_0034_0036.mp4,180
Gng3ezTNGog_E_005242_005346_A_0090_0091.mp4,178
Gng3ezTNGog_E_005493_005600_A_0044_0045.mp4,182
Gng3ezTNGog_E_005493_005600_A_0062_0063.mp4,178
Gng3ezTNGog_E_005699_005797_A_0016_0017.mp4,178
Gng3ezTNGog_E_005699_005797_A_0032_0033.mp4,182
Gng3ezTNGog_E_005916_006011_A_0045_0046.mp4,179
Gng3ezTNGog_E_005916_006011_A_0074_0076.mp4,182
I1OMnMSk1Lg_E_000770_000873_A_0059_0062.mp4,179
I1OMnMSk1Lg_E_003022_003122_A_0071_0073.mp4,179
I1OMnMSk1Lg_E_004236_004336_A_0071_0073.mp4,179
I1OMnMSk1Lg_E_005064_005173_A_0054_0056.mp4,179
IP96HTdCvWs_E_004800_004902_A_0013_0015.mp4,182
IP96HTdCvWs_E_004800_004902_A_0052_0054.mp4,179
IP96HTdCvWs_E_004800_004902_A_0080_0082.mp4,178
IP96HTdCvWs_E_005003_005107_A_0018_0020.mp4,178
IP96HTdCvWs_E_005003_005107_A_0043_0045.mp4,182
IP96HTdCvWs_E_005003_005107_A_0059_0061.mp4,179
IP96HTdCvWs_E_005209_005311_A_0025_0027.mp4,182
IP96HTdCvWs_E_005477_005578_A_0047_0049.mp4,182
IWFgo-tEEs8_E_002732_002840_A_0062_0064.mp4,182
IWFgo-tEEs8_E_002732_002840_A_0065_0066.mp4,178
IWFgo-tEEs8_E_002921_003025_A_0027_0029.mp4,180
IWFgo-tEEs8_E_003363_003461_A_0056_0058.mp4,182
ItBRb9LB-VI_E_001506_001607_A_0074_0075.mp4,182
ItBRb9LB-VI_E_002611_002713_A_0058_0060.mp4,178
ItBRb9LB-VI_E_003035_003135_A_0071_0072.mp4,182
JHqcbeKepSg_E_001435_001540_A_0050_0052.mp4,178
JHqcbeKepSg_E_002828_002929_A_0065_0066.mp4,179
JHqcbeKepSg_E_002828_002929_A_0085_0087.mp4,181
JHqcbeKepSg_E_003052_003139_A_0060_0062.mp4,179
JHqcbeKepSg_E_007399_007499_A_0068_0070.mp4,179
JHqcbeKepSg_E_008231_008337_A_0047_0049.mp4,182
JHqcbeKepSg_E_011413_011512_A_0041_0042.mp4,178
LHZAh32EoC8_E_008947_009049_A_0013_0014.mp4,178
LHZAh32EoC8_E_008947_009049_A_0068_0069.mp4,182
LHZAh32EoC8_E_009404_009511_A_0035_0037.mp4,178
LHZAh32EoC8_E_009913_010014_A_0013_0014.mp4,179
LHZAh32EoC8_E_010129_010234_A_0048_0050.mp4,182
LHZAh32EoC8_E_010129_010234_A_0094_0096.mp4,180
MDxIRDDWw1w_E_004270_004369_A_0071_0073.mp4,179
MDxIRDDWw1w_E_004489_004581_A_0017_0019.mp4,182
MDxIRDDWw1w_E_004706_004795_A_0011_0012.mp4,178
MDxIRDDWw1w_E_004706_004795_A_0081_0083.mp4,179
MVLZz2J6tcE_E_002666_002765_A_0038_0039.mp4,179
MVLZz2J6tcE_E_003013_003114_A_0048_0049.mp4,179
MVLZz2J6tcE_E_003346_003442_A_0008_0010.mp4,182
MVLZz2J6tcE_E_003600_003667_A_0018_0019.mp4,181
MyrqGZXxpsY_E_002451_002554_A_0081_0083.mp4,179
MyrqGZXxpsY_E_003951_004051_A_0069_0070.mp4,181
MyrqGZXxpsY_E_004151_004253_A_0048_0049.mp4,181
MyrqGZXxpsY_E_004910_005009_A_0079_0081.mp4,178
OIJe8fQw7Wo_E_000477_000573_A_0061_0063.mp4,182
OIJe8fQw7Wo_E_000948_001047_A_0070_0071.mp4,179
OIJe8fQw7Wo_E_002543_002643_A_0050_0052.mp4,179
OIJe8fQw7Wo_E_002778_002879_A_0073_0075.mp4,179
OIJe8fQw7Wo_E_005494_005598_A_0077_0078.mp4,179
P31Ht3H76ok_E_004637_004738_A_0045_0046.mp4,178
P31Ht3H76ok_E_005126_005230_A_0076_0078.mp4,179
P31Ht3H76ok_E_005609_005754_A_0067_0068.mp4,178
P31Ht3H76ok_E_005609_005754_A_0136_0138.mp4,179
P31Ht3H76ok_E_005884_005984_A_0070_0071.mp4,179
PgNRyuavbS4_E_000780_000878_A_0027_0029.mp4,179
PgNRyuavbS4_E_001457_001550_A_0003_0004.mp4,182
PgNRyuavbS4_E_006817_006922_A_0032_0034.mp4,182
PgNRyuavbS4_E_008687_008786_A_0069_0070.mp4,181
PgNRyuavbS4_E_009003_009105_A_0062_0064.mp4,179
QUzsdG7jyj0_E_000848_000951_A_0075_0076.mp4,181
QUzsdG7jyj0_E_001495_001594_A_0048_0049.mp4,181
QUzsdG7jyj0_E_001664_001764_A_0063_0064.mp4,181
QUzsdG7jyj0_E_001950_002053_A_0075_0076.mp4,181
QUzsdG7jyj0_E_002652_002746_A_0069_0070.mp4,181
QUzsdG7jyj0_E_005498_005599_A_0050_0051.mp4,178
R9XUGR-VlTg_E_008011_008108_A_0026_0027.mp4,181
R9XUGR-VlTg_E_008237_008339_A_0075_0077.mp4,178
R9XUGR-VlTg_E_009330_009428_A_0063_0065.mp4,178
RLDjrhjikT4_E_009687_009789_A_0085_0087.mp4,182
RLDjrhjikT4_E_009888_009989_A_0053_0055.mp4,178
RLDjrhjikT4_E_011418_011510_A_0029_0031.mp4,178
RjpOEHmTf7I_E_000800_000906_A_0075_0076.mp4,181
RjpOEHmTf7I_E_001147_001248_A_0058_0059.mp4,181
RjpOEHmTf7I_E_002404_002503_A_0073_0074.mp4,181
RjpOEHmTf7I_E_005447_005547_A_0083_0084.mp4,181
Ry5PFp-pRmA_E_001307_001412_A_0042_0043.mp4,178
Ry5PFp-pRmA_E_002605_002708_A_0078_0080.mp4,181
Ry5PFp-pRmA_E_003863_003962_A_0033_0035.mp4,178
Ry5PFp-pRmA_E_004120_004229_A_0038_0040.mp4,182
Ry5PFp-pRmA_E_004259_004360_A_0056_0057.mp4,182
TBsWos4T4OE_E_003633_003731_A_0054_0056.mp4,178
TCiufCzMtDs_E_002004_002111_A_0027_0029.mp4,178
TCiufCzMtDs_E_003503_003612_A_0038_0040.mp4,180
TCiufCzMtDs_E_003503_003612_A_0101_0103.mp4,178
TXpgPT5Jdiw_E_005492_005595_A_0020_0021.mp4,182
TXpgPT5Jdiw_E_005492_005595_A_0052_0053.mp4,178
TXpgPT5Jdiw_E_005492_005595_A_0074_0076.mp4,179
TXpgPT5Jdiw_E_005905_006003_A_0060_0061.mp4,180
UcCTusldh6w_E_002671_002775_A_0056_0058.mp4,179
UcCTusldh6w_E_005149_005253_A_0015_0017.mp4,182
UcCTusldh6w_E_005149_005253_A_0058_0060.mp4,178
UcCTusldh6w_E_006011_006116_A_0035_0037.mp4,182
UcCTusldh6w_E_006445_006547_A_0057_0059.mp4,179
Uo7ubem-G9I_E_003961_004064_A_0053_0054.mp4,179
Uo7ubem-G9I_E_004852_004955_A_0012_0013.mp4,178
Uo7ubem-G9I_E_004852_004955_A_0060_0062.mp4,179
Uo7ubem-G9I_E_005769_005869_A_0071_0073.mp4,179
VWsVUnoyUoA_E_007154_007246_A_0026_0028.mp4,178
VWsVUnoyUoA_E_007154_007246_A_0081_0083.mp4,182
VWsVUnoyUoA_E_007344_007444_A_0063_0065.mp4,182
VWsVUnoyUoA_E_007670_007778_A_0023_0024.mp4,182
VWsVUnoyUoA_E_007670_007778_A_0054_0056.mp4,178
VWsVUnoyUoA_E_007670_007778_A_0075_0077.mp4,179
VWsVUnoyUoA_E_008301_008403_A_0075_0077.mp4,182
VWsVUnoyUoA_E_008767_008866_A_0056_0058.mp4,182
Vq-w0Jk7y7g_E_005557_005658_A_0071_0072.mp4,181
Vq-w0Jk7y7g_E_006075_006172_A_0037_0039.mp4,181
Vq-w0Jk7y7g_E_006327_006431_A_0078_0080.mp4,181
Vq-w0Jk7y7g_E_007076_007181_A_0017_0018.mp4,178
Vq-w0Jk7y7g_E_007076_007181_A_0053_0055.mp4,179
Vq-w0Jk7y7g_E_007645_007746_A_0016_0018.mp4,181
Vq-w0Jk7y7g_E_008628_008729_A_0018_0019.mp4,178
Vq-w0Jk7y7g_E_008628_008729_A_0093_0094.mp4,179
Vq-w0Jk7y7g_E_008817_008917_A_0034_0036.mp4,182
Vq-w0Jk7y7g_E_009413_009515_A_0022_0024.mp4,178
Vq-w0Jk7y7g_E_009413_009515_A_0093_0095.mp4,179
Vq-w0Jk7y7g_E_010335_010440_A_0070_0072.mp4,182
WCcSXjsCVMA_E_000917_001012_A_0058_0059.mp4,182
WCcSXjsCVMA_E_001801_001899_A_0037_0038.mp4,182
WCcSXjsCVMA_E_001801_001899_A_0038_0040.mp4,181
WCcSXjsCVMA_E_004569_004664_A_0080_0082.mp4,181
WCcSXjsCVMA_E_006206_006308_A_0077_0078.mp4,181
WCcSXjsCVMA_E_007294_007391_A_0009_0010.mp4,182
WCcSXjsCVMA_E_008518_008614_A_0050_0052.mp4,182
WCcSXjsCVMA_E_009116_009211_A_0033_0034.mp4,178
Wu1gxxpbF2o_E_000309_000411_A_0051_0053.mp4,181
Wu1gxxpbF2o_E_004057_004157_A_0092_0094.mp4,180
Wu1gxxpbF2o_E_006092_006193_A_0042_0043.mp4,178
X4ajWw8L19s_E_001083_001181_A_0078_0079.mp4,181
X4ajWw8L19s_E_001272_001371_A_0066_0067.mp4,181
X4ajWw8L19s_E_001821_001922_A_0035_0036.mp4,181
X4ajWw8L19s_E_007434_007534_A_0057_0059.mp4,181
X4ajWw8L19s_E_009605_009712_A_0077_0078.mp4,178
X6sggzI0mw8_E_000540_000638_A_0049_0051.mp4,179
X6sggzI0mw8_E_004985_005085_A_0071_0073.mp4,179
Xw1UvouxVLk_E_002076_002181_A_0059_0060.mp4,181
Xw1UvouxVLk_E_002682_002786_A_0057_0058.mp4,182
Xw1UvouxVLk_E_003061_003161_A_0040_0041.mp4,182
YesOPAkCA40_E_011563_011663_A_0014_0015.mp4,181
YesOPAkCA40_E_011789_011885_A_0067_0069.mp4,181
YesOPAkCA40_E_012260_012359_A_0079_0081.mp4,178
YesOPAkCA40_E_012446_012552_A_0020_0023.mp4,178
YesOPAkCA40_E_012699_012800_A_0019_0021.mp4,179
Z0bBRwAzKe0_E_001217_001319_A_0041_0042.mp4,179
Z0bBRwAzKe0_E_001487_001589_A_0045_0047.mp4,179
Z0bBRwAzKe0_E_002034_002136_A_0084_0085.mp4,182
Z0bBRwAzKe0_E_004863_004962_A_0075_0076.mp4,182
ZHpME-SbKdQ_E_005873_005980_A_0049_0051.mp4,182
ZHpME-SbKdQ_E_005873_005980_A_0071_0073.mp4,178
eH-ZgOT8ASM_E_007496_007602_A_0019_0021.mp4,178
eH-ZgOT8ASM_E_008137_008245_A_0053_0054.mp4,178
eH-ZgOT8ASM_E_008334_008443_A_0053_0055.mp4,178
esQQbBhuXbM_E_003875_003979_A_0078_0080.mp4,178
f-1FbFegbuQ_E_002035_002134_A_0065_0066.mp4,182
f-1FbFegbuQ_E_002655_002759_A_0040_0042.mp4,178
f-1FbFegbuQ_E_003369_003472_A_0057_0058.mp4,182
f-1FbFegbuQ_E_004245_004347_A_0042_0043.mp4,182
fDa0HpoXES4_E_003787_003883_A_0060_0062.mp4,182
fDa0HpoXES4_E_004724_004824_A_0046_0048.mp4,179
fH-VYYl9elA_E_000264_000365_A_0039_0040.mp4,179
fH-VYYl9elA_E_000607_000705_A_0061_0062.mp4,178
fH-VYYl9elA_E_001216_001318_A_0047_0049.mp4,179
fH-VYYl9elA_E_001866_001961_A_0008_0009.mp4,182
gDmmqalpisc_E_004445_004551_A_0029_0030.mp4,182
gDmmqalpisc_E_004755_004851_A_0040_0041.mp4,181
gDmmqalpisc_E_006229_006328_A_0050_0052.mp4,182
gMNCwgXtQIw_E_003278_003381_A_0047_0048.mp4,182
gMNCwgXtQIw_E_003278_003381_A_0067_0068.mp4,178
gMNCwgXtQIw_E_003736_003840_A_0078_0080.mp4,182
gMNCwgXtQIw_E_004258_004363_A_0013_0014.mp4,181
gMNCwgXtQIw_E_004801_004902_A_0013_0015.mp4,182
gMNCwgXtQIw_E_004801_004902_A_0059_0060.mp4,178
gRgndu5MZY4_E_008610_008713_A_0023_0025.mp4,178
gRgndu5MZY4_E_008610_008713_A_0095_0097.mp4,179
gRgndu5MZY4_E_008850_008952_A_0014_0015.mp4,179
gRgndu5MZY4_E_009063_009166_A_0014_0015.mp4,178
gRgndu5MZY4_E_009063_009166_A_0069_0070.mp4,182
gRgndu5MZY4_E_009602_009702_A_0017_0019.mp4,178
gRgndu5MZY4_E_009602_009702_A_0092_0093.mp4,179
hibW8s4WQmQ_E_000212_000315_A_0036_0038.mp4,182
hibW8s4WQmQ_E_001706_001811_A_0050_0052.mp4,179
hibW8s4WQmQ_E_002302_002410_A_0038_0040.mp4,182
hibW8s4WQmQ_E_004459_004564_A_0050_0051.mp4,178
hibW8s4WQmQ_E_004459_004564_A_0075_0077.mp4,182
i87qMWsFbEI_E_000496_000598_A_0072_0073.mp4,181
i87qMWsFbEI_E_003129_003235_A_0034_0035.mp4,181
i87qMWsFbEI_E_003295_003400_A_0081_0083.mp4,182
jABvTCCWinA_E_005875_005977_A_0078_0079.mp4,179
jABvTCCWinA_E_006488_006584_A_0051_0053.mp4,182
ji4smBYYANs_E_002250_002348_A_0044_0046.mp4,178
ji4smBYYANs_E_006549_006659_A_0052_0054.mp4,178
ji4smBYYANs_E_006808_006911_A_0075_0077.mp4,178
ji4smBYYANs_E_007328_007430_A_0039_0041.mp4,179
jz594oTnl-k_E_001315_001417_A_0080_0081.mp4,182
jz594oTnl-k_E_003385_003487_A_0012_0014.mp4,182
jz594oTnl-k_E_004504_004606_A_0033_0034.mp4,178
k8zhOvRBjGo_E_000229_000337_A_0052_0053.mp4,179
k8zhOvRBjGo_E_001034_001136_A_0074_0076.mp4,179
k8zhOvRBjGo_E_001234_001337_A_0074_0076.mp4,179
k8zhOvRBjGo_E_003899_004002_A_0015_0017.mp4,182
k8zhOvRBjGo_E_003899_004002_A_0048_0049.mp4,178
k8zhOvRBjGo_E_005146_005246_A_0031_0033.mp4,182
lrwiYiFGQZE_E_001358_001461_A_0060_0061.mp4,182
lrwiYiFGQZE_E_002576_002678_A_0057_0059.mp4,182
lrwiYiFGQZE_E_003405_003507_A_0042_0044.mp4,182
lrwiYiFGQZE_E_004003_004107_A_0042_0043.mp4,178
mQ59PLtU4QA_E_006406_006510_A_0020_0022.mp4,178
mQ59PLtU4QA_E_007427_007528_A_0065_0066.mp4,182
mQ59PLtU4QA_E_007427_007528_A_0067_0069.mp4,181
mQ59PLtU4QA_E_007654_007760_A_0017_0018.mp4,182
mQ59PLtU4QA_E_007654_007760_A_0056_0057.mp4,179
mQ59PLtU4QA_E_007654_007760_A_0084_0085.mp4,178
n9-yxVGYMRw_E_001596_001703_A_0024_0025.mp4,182
n9-yxVGYMRw_E_003518_003620_A_0080_0081.mp4,182
nSDRagdrJ-A_E_002813_002917_A_0082_0083.mp4,181
nSDRagdrJ-A_E_003239_003339_A_0020_0022.mp4,178
nSDRagdrJ-A_E_003239_003339_A_0057_0058.mp4,181
om-qKQXxnH4_E_001398_001495_A_0046_0048.mp4,179
om-qKQXxnH4_E_003085_003192_A_0037_0039.mp4,182
om-qKQXxnH4_E_003775_003879_A_0017_0019.mp4,182
om-qKQXxnH4_E_003775_003879_A_0020_0021.mp4,178
om-qKQXxnH4_E_003775_003879_A_0047_0049.mp4,178
om-qKQXxnH4_E_004830_004929_A_0039_0040.mp4,182
om-qKQXxnH4_E_004830_004929_A_0044_0046.mp4,182
owZ2Fv4Li8M_E_003088_003188_A_0070_0071.mp4,179
pDymfQS91xI_E_002847_002947_A_0057_0059.mp4,181
pDymfQS91xI_E_003149_003248_A_0077_0078.mp4,182
pDymfQS91xI_E_005326_005420_A_0070_0072.mp4,182
qBlozVQ7NOc_E_007044_007147_A_0058_0060.mp4,182
qBlozVQ7NOc_E_007526_007628_A_0056_0058.mp4,182
qBlozVQ7NOc_E_007526_007628_A_0074_0075.mp4,179
qBlozVQ7NOc_E_007741_007842_A_0027_0028.mp4,182
qBlozVQ7NOc_E_008251_008356_A_0045_0046.mp4,182
qBlozVQ7NOc_E_008251_008356_A_0073_0074.mp4,179
qBlozVQ7NOc_E_008251_008356_A_0079_0080.mp4,178
qBlozVQ7NOc_E_008457_008562_A_0071_0073.mp4,179
qBlozVQ7NOc_E_008673_008776_A_0046_0048.mp4,178
qGvIwgHzCH8_E_002286_002387_A_0075_0076.mp4,178
qGvIwgHzCH8_E_004139_004237_A_0010_0012.mp4,178
qGvIwgHzCH8_E_004139_004237_A_0049_0051.mp4,182
qGvIwgHzCH8_E_004574_004675_A_0032_0033.mp4,178
qGvIwgHzCH8_E_004981_005085_A_0013_0014.mp4,182
qGvIwgHzCH8_E_005498_005593_A_0021_0022.mp4,181
qGvIwgHzCH8_E_006356_006454_A_0093_0095.mp4,179
qfgrzomg0nc_E_003946_004044_A_0022_0023.mp4,178
qfgrzomg0nc_E_003946_004044_A_0053_0055.mp4,179
s7pyZPf6fKU_E_000355_000459_A_0018_0019.mp4,182
s7pyZPf6fKU_E_000355_000459_A_0062_0064.mp4,178
s7pyZPf6fKU_E_000863_000973_A_0065_0066.mp4,179
s7pyZPf6fKU_E_001094_001198_A_0036_0037.mp4,182
s7pyZPf6fKU_E_001360_001463_A_0058_0059.mp4,179
s7pyZPf6fKU_E_005654_005754_A_0038_0040.mp4,182
t7Xgg9bejOM_E_007664_007762_A_0065_0067.mp4,182
t7Xgg9bejOM_E_009086_009187_A_0027_0028.mp4,182
u6tU91r1Szo_E_002524_002629_A_0068_0069.mp4,181
u6tU91r1Szo_E_004893_004996_A_0021_0022.mp4,182
uDZVn-K4GE4_E_004139_004241_A_0081_0082.mp4,182
upaJ16I0zmQ_E_000558_000656_A_0070_0071.mp4,181
upaJ16I0zmQ_E_001947_002052_A_0027_0029.mp4,182
upaJ16I0zmQ_E_001947_002052_A_0079_0081.mp4,179
upaJ16I0zmQ_E_003417_003506_A_0063_0064.mp4,181
upaJ16I0zmQ_E_005091_005186_A_0079_0080.mp4,181
v3mISBmwrUM_E_001150_001246_A_0008_0009.mp4,178
v3mISBmwrUM_E_001406_001501_A_0014_0016.mp4,182
v3mISBmwrUM_E_003428_003531_A_0044_0046.mp4,178
v3mISBmwrUM_E_004107_004205_A_0071_0072.mp4,181
v3mISBmwrUM_E_004320_004418_A_0028_0030.mp4,182
v3mISBmwrUM_E_006006_006104_A_0038_0039.mp4,178
v3mISBmwrUM_E_006480_006578_A_0059_0061.mp4,182
v3mISBmwrUM_E_006480_006578_A_0091_0092.mp4,181
vMn2UWFmMDY_E_004225_004323_A_0019_0021.mp4,178
vMn2UWFmMDY_E_004225_004323_A_0073_0075.mp4,182
vMn2UWFmMDY_E_004423_004532_A_0032_0034.mp4,182
vMn2UWFmMDY_E_004618_004717_A_0061_0062.mp4,180
vMn2UWFmMDY_E_005108_005216_A_0022_0024.mp4,182
vMn2UWFmMDY_E_005108_005216_A_0024_0025.mp4,181
vMn2UWFmMDY_E_005108_005216_A_0055_0057.mp4,178
vMn2UWFmMDY_E_005108_005216_A_0076_0078.mp4,179
vMn2UWFmMDY_E_005541_005648_A_0082_0084.mp4,179
vMn2UWFmMDY_E_005769_005870_A_0024_0026.mp4,178
vMn2UWFmMDY_E_005769_005870_A_0056_0058.mp4,182
vY-jPM995Gk_E_001682_001785_A_0085_0086.mp4,181
vY-jPM995Gk_E_002620_002720_A_0049_0050.mp4,181
vY-jPM995Gk_E_003691_003795_A_0022_0023.mp4,182
vY-jPM995Gk_E_004572_004672_A_0032_0033.mp4,181
wWZry3-5sF0_E_000808_000908_A_0032_0034.mp4,182
wWZry3-5sF0_E_001634_001737_A_0056_0058.mp4,179
wWZry3-5sF0_E_002000_002103_A_0042_0044.mp4,178
wWZry3-5sF0_E_002000_002103_A_0060_0062.mp4,179
wWZry3-5sF0_E_003003_003099_A_0050_0052.mp4,179
wWZry3-5sF0_E_003493_003597_A_0015_0017.mp4,182
wWZry3-5sF0_E_003493_003597_A_0059_0060.mp4,178
wWwc2BbO598_E_002330_002426_A_0078_0079.mp4,182
wWwc2BbO598_E_002444_002541_A_0034_0035.mp4,180
wWwc2BbO598_E_002444_002541_A_0035_0036.mp4,181
wWwc2BbO598_E_002444_002541_A_0081_0082.mp4,182
wWwc2BbO598_E_002685_002773_A_0056_0058.mp4,178
wYbfwx93VXk_E_008826_008923_A_0055_0057.mp4,182
wYbfwx93VXk_E_009057_009158_A_0017_0018.mp4,179
wYbfwx93VXk_E_009281_009385_A_0030_0031.mp4,178
wYbfwx93VXk_E_009554_009654_A_0027_0028.mp4,178
wolPuHKrX9o_E_004453_004551_A_0037_0039.mp4,178
wolPuHKrX9o_E_004741_004844_A_0041_0043.mp4,179
wolPuHKrX9o_E_005084_005190_A_0050_0052.mp4,179
xHBUIt-airA_E_002027_002127_A_0025_0027.mp4,182
xHBUIt-airA_E_002027_002127_A_0051_0053.mp4,180
xHBUIt-airA_E_002027_002127_A_0076_0078.mp4,178
xHBUIt-airA_E_004032_004131_A_0038_0040.mp4,178
xHBUIt-airA_E_005112_005214_A_0048_0049.mp4,181
xHBUIt-airA_E_006080_006183_A_0017_0019.mp4,178
xHBUIt-airA_E_006410_006513_A_0045_0047.mp4,178
xHBUIt-airA_E_006673_006776_A_0028_0030.mp4,182
xHBUIt-airA_E_006673_006776_A_0078_0079.mp4,180
xHBUIt-airA_E_007025_007127_A_0059_0060.mp4,179
xHBUIt-airA_E_007256_007361_A_0036_0037.mp4,182
yvZPHJu3kb0_E_000262_000365_A_0015_0017.mp4,178
yvZPHJu3kb0_E_000262_000365_A_0062_0064.mp4,179
yvZPHJu3kb0_E_000461_000563_A_0059_0060.mp4,178
yvZPHJu3kb0_E_000683_000786_A_0028_0029.mp4,182
yvZPHJu3kb0_E_000683_000786_A_0078_0080.mp4,180
yvZPHJu3kb0_E_004098_004200_A_0067_0068.mp4,182
yz-uNJgIhk4_E_000523_000623_A_0040_0042.mp4,182
yz-uNJgIhk4_E_000834_000945_A_0063_0064.mp4,181
yz-uNJgIhk4_E_003134_003234_A_0067_0068.mp4,182
yz-uNJgIhk4_E_004334_004430_A_0050_0052.mp4,182
yz-uNJgIhk4_E_004820_004924_A_0057_0059.mp4,182
0jqn1vxdhls_E_003284_003383_A_0058_0060.mp4,182
0jqn1vxdhls_E_003697_003798_A_0028_0029.mp4,178
1Fdwuy2V9EY_E_008072_008172_A_0070_0072.mp4,179
1rkcLEAMTpw_E_008209_008311_A_0080_0081.mp4,181
aN9hSsP6xTg_E_001042_001140_A_0035_0036.mp4,180
