5Bfx6Wz3KKs_E_027242_027320_A_0074_0077.mp4,167
5Bfx6Wz3KKs_E_030094_030169_A_0072_0074.mp4,167
5Bfx6Wz3KKs_E_030244_030322_A_0075_0077.mp4,163
CUuRl0Bwbbc_E_002519_002604_A_0082_0085.mp4,162
EFvDqOF1sCk_E_001344_001432_A_0085_0087.mp4,166
EizeIkrDtQk_E_004488_004590_A_0099_0102.mp4,165
EizeIkrDtQk_E_004992_005082_A_0088_0090.mp4,166
FNEeMvHmuEw_E_002858_002957_A_0096_0098.mp4,166
FNEeMvHmuEw_E_003104_003195_A_0087_0090.mp4,166
FNEeMvHmuEw_E_005284_005375_A_0088_0090.mp4,165
FNEeMvHmuEw_E_005579_005678_A_0096_0098.mp4,166
GEjRXo8Dvwc_E_001051_001144_A_0090_0092.mp4,166
GEjRXo8Dvwc_E_001553_001637_A_0080_0083.mp4,166
GEjRXo8Dvwc_E_002719_002803_A_0081_0084.mp4,166
GF8D7Dx2mhs_E_003366_003462_A_0092_0094.mp4,166
GF8D7Dx2mhs_E_005021_005119_A_0093_0097.mp4,165
GF8D7Dx2mhs_E_005490_005584_A_0092_0094.mp4,166
GbUQwE9N3aM_E_000484_000576_A_0089_0092.mp4,166
GbUQwE9N3aM_E_006716_006808_A_0089_0091.mp4,166
Gng3ezTNGog_E_003792_003888_A_0093_0095.mp4,166
Gng3ezTNGog_E_004003_004102_A_0097_0099.mp4,166
Gng3ezTNGog_E_004253_004343_A_0086_0088.mp4,166
Gng3ezTNGog_E_004448_004546_A_0095_0097.mp4,166
I1OMnMSk1Lg_E_002700_002803_A_0099_0102.mp4,166
I1OMnMSk1Lg_E_003304_003402_A_0095_0098.mp4,166
I1OMnMSk1Lg_E_003913_004003_A_0086_0090.mp4,166
IP96HTdCvWs_E_003721_003812_A_0088_0090.mp4,166
IP96HTdCvWs_E_003942_004037_A_0092_0095.mp4,166
IP96HTdCvWs_E_004409_004518_A_0106_0109.mp4,166
IWFgo-tEEs8_E_002114_002232_A_0115_0118.mp4,165
ItBRb9LB-VI_E_000651_000746_A_0092_0094.mp4,166
JHqcbeKepSg_E_004573_004674_A_0098_0101.mp4,166
JHqcbeKepSg_E_005864_005960_A_0093_0095.mp4,166
JHqcbeKepSg_E_008830_008916_A_0083_0086.mp4,166
MDxIRDDWw1w_E_002906_003003_A_0095_0097.mp4,166
MVLZz2J6tcE_E_000338_000427_A_0086_0088.mp4,166
MVLZz2J6tcE_E_001047_001140_A_0090_0092.mp4,166
MVLZz2J6tcE_E_001399_001490_A_0087_0089.mp4,165
MVLZz2J6tcE_E_002837_002932_A_0092_0094.mp4,166
MyrqGZXxpsY_E_002640_002743_A_0100_0101.mp4,166
MyrqGZXxpsY_E_004561_004652_A_0089_0091.mp4,166
MyrqGZXxpsY_E_005250_005349_A_0094_0097.mp4,166
MyrqGZXxpsY_E_006010_006108_A_0095_0098.mp4,166
MyrqGZXxpsY_E_006214_006302_A_0084_0087.mp4,166
MyrqGZXxpsY_E_006957_007044_A_0084_0086.mp4,166
OIJe8fQw7Wo_E_002406_002490_A_0081_0084.mp4,166
OIJe8fQw7Wo_E_005668_005755_A_0084_0086.mp4,165
P31Ht3H76ok_E_002269_002356_A_0084_0087.mp4,166
P31Ht3H76ok_E_002736_002828_A_0088_0091.mp4,166
P31Ht3H76ok_E_003683_003771_A_0084_0087.mp4,166
PgNRyuavbS4_E_001348_001446_A_0096_0098.mp4,166
PgNRyuavbS4_E_002234_002327_A_0091_0093.mp4,166
PgNRyuavbS4_E_006631_006713_A_0079_0081.mp4,166
PgNRyuavbS4_E_007289_007375_A_0083_0085.mp4,166
PgNRyuavbS4_E_008252_008338_A_0084_0086.mp4,166
PgNRyuavbS4_E_010052_010146_A_0091_0094.mp4,166
QUzsdG7jyj0_E_006048_006113_A_0063_0065.mp4,166
QUzsdG7jyj0_E_006206_006271_A_0062_0065.mp4,166
R9XUGR-VlTg_E_003163_003249_A_0084_0085.mp4,165
R9XUGR-VlTg_E_003405_003498_A_0090_0092.mp4,166
R9XUGR-VlTg_E_004249_004345_A_0093_0095.mp4,166
RjpOEHmTf7I_E_001773_001858_A_0082_0084.mp4,166
RjpOEHmTf7I_E_004582_004657_A_0071_0074.mp4,166
Ry5PFp-pRmA_E_000921_001011_A_0087_0090.mp4,166
Ry5PFp-pRmA_E_001200_001292_A_0090_0092.mp4,166
Ry5PFp-pRmA_E_003092_003178_A_0083_0086.mp4,166
TBsWos4T4OE_E_000427_000527_A_0097_0099.mp4,162
TBsWos4T4OE_E_002088_002181_A_0089_0093.mp4,166
TCiufCzMtDs_E_002260_002356_A_0092_0095.mp4,166
TXpgPT5Jdiw_E_003773_003859_A_0083_0086.mp4,166
TXpgPT5Jdiw_E_004459_004543_A_0081_0083.mp4,166
e3EsDlpNo0c_E_002738_002833_A_0092_0094.mp4,162
e3EsDlpNo0c_E_006000_006094_A_0092_0094.mp4,165
eH-ZgOT8ASM_E_005242_005335_A_0090_0093.mp4,166
eH-ZgOT8ASM_E_005865_005953_A_0085_0087.mp4,166
eH-ZgOT8ASM_E_006308_006401_A_0090_0093.mp4,166
eH-ZgOT8ASM_E_006539_006626_A_0085_0087.mp4,166
esQQbBhuXbM_E_004023_004118_A_0091_0094.mp4,166
esQQbBhuXbM_E_004550_004643_A_0090_0092.mp4,165
f-1FbFegbuQ_E_000659_000757_A_0093_0097.mp4,162
f-1FbFegbuQ_E_002967_003059_A_0089_0091.mp4,166
f-1FbFegbuQ_E_004010_004109_A_0097_0099.mp4,162
f6k7PBGgeb4_E_005003_005105_A_0100_0102.mp4,166
fDa0HpoXES4_E_001129_001227_A_0096_0098.mp4,166
fDa0HpoXES4_E_001830_001920_A_0087_0089.mp4,165
fDa0HpoXES4_E_003661_003749_A_0085_0088.mp4,166
fDa0HpoXES4_E_004892_004976_A_0080_0083.mp4,166
fH-VYYl9elA_E_000445_000541_A_0094_0095.mp4,166
fH-VYYl9elA_E_003964_004053_A_0087_0089.mp4,166
fH-VYYl9elA_E_004722_004816_A_0091_0093.mp4,166
gDmmqalpisc_E_001159_001247_A_0085_0088.mp4,166
gDmmqalpisc_E_002882_002979_A_0092_0096.mp4,166
hibW8s4WQmQ_E_000362_000447_A_0082_0084.mp4,165
hibW8s4WQmQ_E_000840_000936_A_0092_0095.mp4,166
hibW8s4WQmQ_E_001114_001207_A_0089_0092.mp4,162
hibW8s4WQmQ_E_004285_004377_A_0090_0092.mp4,162
i87qMWsFbEI_E_001596_001696_A_0097_0099.mp4,166
ji4smBYYANs_E_004851_004944_A_0091_0093.mp4,166
ji4smBYYANs_E_005596_005687_A_0088_0091.mp4,166
jz594oTnl-k_E_001124_001218_A_0091_0094.mp4,166
jz594oTnl-k_E_005165_005257_A_0088_0091.mp4,165
k8zhOvRBjGo_E_002426_002518_A_0087_0090.mp4,165
k8zhOvRBjGo_E_003636_003732_A_0092_0094.mp4,162
k8zhOvRBjGo_E_004628_004724_A_0092_0095.mp4,166
k8zhOvRBjGo_E_004946_005037_A_0088_0090.mp4,165
lrwiYiFGQZE_E_000408_000509_A_0097_0100.mp4,162
lrwiYiFGQZE_E_001640_001728_A_0085_0087.mp4,166
lrwiYiFGQZE_E_002457_002551_A_0090_0094.mp4,162
n9-yxVGYMRw_E_002958_003051_A_0090_0092.mp4,162
n9-yxVGYMRw_E_003689_003767_A_0075_0077.mp4,166
om-qKQXxnH4_E_001766_001855_A_0086_0088.mp4,162
om-qKQXxnH4_E_002298_002384_A_0083_0086.mp4,162
om-qKQXxnH4_E_002717_002812_A_0092_0094.mp4,166
om-qKQXxnH4_E_004279_004372_A_0090_0092.mp4,165
owZ2Fv4Li8M_E_001997_002085_A_0085_0087.mp4,165
pDymfQS91xI_E_001108_001187_A_0076_0079.mp4,162
pDymfQS91xI_E_003531_003628_A_0093_0096.mp4,162
pDymfQS91xI_E_005544_005642_A_0095_0098.mp4,162
qBlozVQ7NOc_E_004669_004785_A_0112_0115.mp4,166
qBlozVQ7NOc_E_005903_006002_A_0096_0098.mp4,166
qGvIwgHzCH8_E_003576_003657_A_0078_0081.mp4,166
qGvIwgHzCH8_E_004365_004458_A_0090_0092.mp4,166
qGvIwgHzCH8_E_004689_004777_A_0084_0088.mp4,165
qfgrzomg0nc_E_005773_005869_A_0093_0095.mp4,166
qfgrzomg0nc_E_005963_006046_A_0079_0082.mp4,166
rrrgsW--AE8_E_004869_004941_A_0070_0072.mp4,168
rrrgsW--AE8_E_005294_005375_A_0078_0080.mp4,168
rrrgsW--AE8_E_005924_005998_A_0072_0074.mp4,168
rrrgsW--AE8_E_006159_006234_A_0071_0074.mp4,168
rrrgsW--AE8_E_006378_006428_A_0048_0050.mp4,168
rrrgsW--AE8_E_010233_010286_A_0050_0052.mp4,168
rrrgsW--AE8_E_010356_010419_A_0060_0062.mp4,168
rrrgsW--AE8_E_011301_011359_A_0055_0057.mp4,168
rrrgsW--AE8_E_011443_011514_A_0068_0070.mp4,168
rrrgsW--AE8_E_011887_011938_A_0049_0051.mp4,168
rrrgsW--AE8_E_012072_012128_A_0054_0056.mp4,168
rrrgsW--AE8_E_012959_013006_A_0044_0047.mp4,168
rrrgsW--AE8_E_013063_013146_A_0080_0082.mp4,168
rrrgsW--AE8_E_013809_013864_A_0052_0054.mp4,168
rrrgsW--AE8_E_013924_013982_A_0056_0058.mp4,168
rrrgsW--AE8_E_014038_014099_A_0058_0060.mp4,168
rrrgsW--AE8_E_014851_014914_A_0061_0063.mp4,168
rrrgsW--AE8_E_015087_015158_A_0069_0071.mp4,164
rrrgsW--AE8_E_018734_018769_A_0033_0034.mp4,168
rrrgsW--AE8_E_018881_018933_A_0050_0052.mp4,168
rrrgsW--AE8_E_019152_019206_A_0052_0054.mp4,164
rrrgsW--AE8_E_020121_020203_A_0079_0082.mp4,168
rrrgsW--AE8_E_020252_020327_A_0073_0075.mp4,164
rrrgsW--AE8_E_020388_020434_A_0044_0045.mp4,168
rrrgsW--AE8_E_021243_021297_A_0051_0053.mp4,168
rrrgsW--AE8_E_021362_021420_A_0055_0058.mp4,168
rrrgsW--AE8_E_021890_021971_A_0078_0080.mp4,164
rrrgsW--AE8_E_022140_022206_A_0063_0066.mp4,168
rrrgsW--AE8_E_022683_022770_A_0084_0086.mp4,168
rrrgsW--AE8_E_022828_022884_A_0053_0056.mp4,168
rrrgsW--AE8_E_022955_023033_A_0076_0078.mp4,168
rrrgsW--AE8_E_023104_023171_A_0064_0066.mp4,168
rrrgsW--AE8_E_026095_026183_A_0086_0088.mp4,168
rrrgsW--AE8_E_026310_026388_A_0076_0077.mp4,168
rrrgsW--AE8_E_026788_026854_A_0064_0066.mp4,168
rrrgsW--AE8_E_027065_027137_A_0069_0071.mp4,168
rrrgsW--AE8_E_027911_027962_A_0049_0051.mp4,168
rrrgsW--AE8_E_028983_029037_A_0052_0054.mp4,168
rrrgsW--AE8_E_030077_030149_A_0069_0071.mp4,168
rrrgsW--AE8_E_031002_031065_A_0061_0063.mp4,168
rrrgsW--AE8_E_031139_031215_A_0074_0076.mp4,167
rrrgsW--AE8_E_031283_031334_A_0049_0051.mp4,168
rrrgsW--AE8_E_032090_032155_A_0063_0064.mp4,168
rrrgsW--AE8_E_032231_032318_A_0084_0086.mp4,168
rrrgsW--AE8_E_033116_033178_A_0060_0062.mp4,168
rrrgsW--AE8_E_033409_033479_A_0068_0070.mp4,168
rrrgsW--AE8_E_034075_034151_A_0074_0076.mp4,168
rrrgsW--AE8_E_034219_034284_A_0061_0064.mp4,164
rrrgsW--AE8_E_034535_034619_A_0081_0084.mp4,168
rrrgsW--AE8_E_034685_034749_A_0061_0064.mp4,168
rrrgsW--AE8_E_037893_037949_A_0053_0055.mp4,168
rrrgsW--AE8_E_038092_038153_A_0059_0060.mp4,168
rrrgsW--AE8_E_038576_038651_A_0072_0074.mp4,164
rrrgsW--AE8_E_039202_039271_A_0065_0068.mp4,168
rrrgsW--AE8_E_039366_039440_A_0071_0073.mp4,168
rrrgsW--AE8_E_039562_039635_A_0070_0073.mp4,168
rrrgsW--AE8_E_040372_040422_A_0048_0050.mp4,168
rrrgsW--AE8_E_040611_040682_A_0069_0070.mp4,168
rrrgsW--AE8_E_041853_041932_A_0077_0079.mp4,168
rrrgsW--AE8_E_042029_042111_A_0079_0081.mp4,168
rrrgsW--AE8_E_042204_042277_A_0071_0073.mp4,168
s7pyZPf6fKU_E_005201_005284_A_0081_0083.mp4,162
s7pyZPf6fKU_E_005503_005595_A_0089_0091.mp4,165
t7Xgg9bejOM_E_003058_003151_A_0091_0092.mp4,166
0LtLS9wROrk_E_001140_001222_A_0079_0081.mp4,166
0LtLS9wROrk_E_001437_001520_A_0079_0082.mp4,166
0LtLS9wROrk_E_004459_004545_A_0082_0085.mp4,167
0jqn1vxdhls_E_002207_002302_A_0093_0095.mp4,162
1Fdwuy2V9EY_E_004992_005081_A_0085_0089.mp4,165
1JsRXIoR3C0_E_006199_006277_A_0076_0078.mp4,169
5Bfx6Wz3KKs_E_001048_001115_A_0064_0066.mp4,168
5Bfx6Wz3KKs_E_018247_018339_A_0089_0091.mp4,163
UcCTusldh6w_E_001200_001292_A_0090_0092.mp4,165
UcCTusldh6w_E_001469_001555_A_0084_0086.mp4,166
UcCTusldh6w_E_004592_004686_A_0091_0093.mp4,162
UcCTusldh6w_E_005030_005127_A_0094_0096.mp4,166
Uo7ubem-G9I_E_006233_006331_A_0095_0098.mp4,166
Uo7ubem-G9I_E_006522_006626_A_0101_0104.mp4,166
Vq-w0Jk7y7g_E_005681_005767_A_0083_0085.mp4,166
Vq-w0Jk7y7g_E_006462_006530_A_0065_0067.mp4,169
WCcSXjsCVMA_E_005541_005634_A_0091_0093.mp4,166
WCcSXjsCVMA_E_005906_005982_A_0074_0075.mp4,166
WCcSXjsCVMA_E_006812_006921_A_0106_0108.mp4,166
Wu1gxxpbF2o_E_003637_003722_A_0083_0085.mp4,165
Wu1gxxpbF2o_E_004173_004253_A_0077_0080.mp4,166
Wu1gxxpbF2o_E_004902_004998_A_0093_0095.mp4,166
X4ajWw8L19s_E_005403_005500_A_0095_0096.mp4,166
X6sggzI0mw8_E_002211_002301_A_0087_0090.mp4,166
X6sggzI0mw8_E_002538_002632_A_0089_0094.mp4,166
X6sggzI0mw8_E_003751_003848_A_0093_0097.mp4,166
X6sggzI0mw8_E_005491_005589_A_0095_0098.mp4,166
Xw1UvouxVLk_E_000907_000999_A_0088_0091.mp4,166
Xw1UvouxVLk_E_002559_002657_A_0094_0097.mp4,162
Xw1UvouxVLk_E_003502_003604_A_0099_0101.mp4,166
Xw1UvouxVLk_E_003942_004027_A_0082_0085.mp4,166
Z0bBRwAzKe0_E_002714_002810_A_0093_0095.mp4,166
Z0bBRwAzKe0_E_003422_003517_A_0092_0094.mp4,166
Z0bBRwAzKe0_E_004266_004354_A_0085_0087.mp4,162
Z0bBRwAzKe0_E_004531_004619_A_0086_0088.mp4,166
Z0bBRwAzKe0_E_005215_005310_A_0091_0094.mp4,166
ZHpME-SbKdQ_E_003225_003317_A_0090_0092.mp4,166
ZHpME-SbKdQ_E_004143_004246_A_0100_0103.mp4,166
rrrgsW--AE8_E_000932_001007_A_0072_0074.mp4,164
uDZVn-K4GE4_E_000344_000430_A_0083_0085.mp4,166
upaJ16I0zmQ_E_002844_002931_A_0085_0087.mp4,166
upaJ16I0zmQ_E_003256_003318_A_0059_0062.mp4,166
vMn2UWFmMDY_E_002308_002395_A_0083_0085.mp4,166
vMn2UWFmMDY_E_002932_003034_A_0098_0101.mp4,166
vY-jPM995Gk_E_000652_000744_A_0089_0091.mp4,166
vY-jPM995Gk_E_001549_001634_A_0082_0084.mp4,165
vY-jPM995Gk_E_002480_002566_A_0084_0086.mp4,166
wWZry3-5sF0_E_000675_000767_A_0089_0091.mp4,165
wWZry3-5sF0_E_003355_003450_A_0091_0094.mp4,166
wWZry3-5sF0_E_003967_004062_A_0092_0095.mp4,166
wWZry3-5sF0_E_004333_004421_A_0086_0088.mp4,162
wWwc2BbO598_E_002032_002128_A_0094_0096.mp4,166
wYbfwx93VXk_E_006349_006450_A_0098_0101.mp4,166
wYbfwx93VXk_E_006772_006856_A_0081_0083.mp4,166
wolPuHKrX9o_E_001808_001898_A_0088_0090.mp4,165
wolPuHKrX9o_E_002082_002177_A_0091_0093.mp4,166
xHBUIt-airA_E_004509_004598_A_0087_0089.mp4,162
xHBUIt-airA_E_004737_004825_A_0085_0087.mp4,165
xHBUIt-airA_E_005483_005575_A_0090_0091.mp4,166
yvZPHJu3kb0_E_004730_004818_A_0084_0086.mp4,166
yvZPHJu3kb0_E_005344_005432_A_0085_0087.mp4,166
yz-uNJgIhk4_E_001909_002017_A_0103_0106.mp4,162
yz-uNJgIhk4_E_004204_004302_A_0095_0097.mp4,166
zNL3kn3UBmg_E_003846_003929_A_0080_0082.mp4,166
zNL3kn3UBmg_E_006480_006561_A_0078_0081.mp4,167
