137878.mp4,125
166924.mp4,119
66480.mp4,125
160261.mp4,119
49167.mp4,124
183708.mp4,120
38954.mp4,119
36317.mp4,120
97677.mp4,127
43138.mp4,119
168029.mp4,119
129019.mp4,127
33701.mp4,121
133332.mp4,127
204813.mp4,125
174410.mp4,126
73115.mp4,125
48730.mp4,125
152734.mp4,124
209704.mp4,120
180341.mp4,119
20135.mp4,119
129277.mp4,126
79556.mp4,123
88699.mp4,125
92195.mp4,121
84092.mp4,125
126522.mp4,126
108375.mp4,119
196793.mp4,127
72277.mp4,127
2934.mp4,121
1113.mp4,119
103890.mp4,119
161316.mp4,127
98012.mp4,120
179542.mp4,126
219673.mp4,119
127009.mp4,120
171666.mp4,125
4698.mp4,122
184458.mp4,127
17257.mp4,126
42073.mp4,123
175363.mp4,126
53797.mp4,121
84686.mp4,124
36758.mp4,127
94666.mp4,123
178548.mp4,127
170123.mp4,120
82325.mp4,125
123899.mp4,124
146718.mp4,126
18715.mp4,123
7049.mp4,127
33897.mp4,119
210472.mp4,120
2997.mp4,125
105603.mp4,124
148698.mp4,126
172098.mp4,126
92623.mp4,122
209001.mp4,119
171899.mp4,119
142852.mp4,120
174005.mp4,127
118271.mp4,120
57612.mp4,125
35794.mp4,126
129516.mp4,127
140684.mp4,121
204764.mp4,119
129946.mp4,119
97458.mp4,123
57154.mp4,125
35939.mp4,120
28083.mp4,124
38646.mp4,119
95190.mp4,125
61037.mp4,125
16259.mp4,119
180214.mp4,125
213068.mp4,119
136323.mp4,125
211441.mp4,126
82266.mp4,126
36800.mp4,119
201575.mp4,121
81391.mp4,126
160452.mp4,120
70518.mp4,124
140415.mp4,127
203613.mp4,126
163114.mp4,126
11978.mp4,119
119536.mp4,125
82109.mp4,119
130886.mp4,127
141058.mp4,123
4378.mp4,120
110673.mp4,119
98853.mp4,124
89268.mp4,121
72982.mp4,119
210434.mp4,124
154967.mp4,126
192232.mp4,126
164504.mp4,126
101633.mp4,123
200700.mp4,126
192363.mp4,124
76113.mp4,122
110868.mp4,127
24712.mp4,125
146966.mp4,126
31652.mp4,124
108984.mp4,120
136046.mp4,120
17265.mp4,127
109184.mp4,121
5118.mp4,120
211867.mp4,126
75529.mp4,123
60467.mp4,120
161477.mp4,126
196021.mp4,119
118009.mp4,127
193255.mp4,123
185714.mp4,125
58896.mp4,124
38226.mp4,120
109596.mp4,125
112264.mp4,125
73501.mp4,125
30647.mp4,125
200524.mp4,126
63154.mp4,125
61334.mp4,125
70585.mp4,119
217641.mp4,119
46357.mp4,126
128539.mp4,126
110460.mp4,126
166237.mp4,120
20376.mp4,120
206053.mp4,125
42661.mp4,120
132634.mp4,127
84254.mp4,125
12229.mp4,126
175512.mp4,120
51345.mp4,124
165792.mp4,120
30104.mp4,119
170849.mp4,120
12106.mp4,125
57548.mp4,119
123156.mp4,124
158538.mp4,119
38760.mp4,125
129509.mp4,127
117597.mp4,119
46829.mp4,124
200719.mp4,119
62365.mp4,125
120920.mp4,120
144899.mp4,121
202891.mp4,126
132790.mp4,125
192093.mp4,124
87275.mp4,120
76636.mp4,121
170112.mp4,120
155692.mp4,125
52709.mp4,127
164398.mp4,119
25382.mp4,122
91283.mp4,125
211881.mp4,126
27331.mp4,119
39006.mp4,120
108929.mp4,125
209179.mp4,124
67341.mp4,120
75404.mp4,127
81132.mp4,125
198715.mp4,126
18154.mp4,126
126211.mp4,120
208472.mp4,124
213104.mp4,126
132589.mp4,126
158759.mp4,119
16687.mp4,124
155213.mp4,126
112003.mp4,125
53609.mp4,126
182550.mp4,126
13498.mp4,126
118507.mp4,126
182859.mp4,127
144311.mp4,120
177810.mp4,120
74086.mp4,127
174621.mp4,126
114541.mp4,126
92059.mp4,126
75154.mp4,126
76637.mp4,124
73278.mp4,122
11713.mp4,126
164131.mp4,120
165799.mp4,120
135061.mp4,127
103402.mp4,121
143988.mp4,121
219137.mp4,126
167119.mp4,120
124065.mp4,127
151322.mp4,124
34311.mp4,126
49632.mp4,126
176994.mp4,120
94123.mp4,121
7992.mp4,126
87245.mp4,127
96676.mp4,126
187218.mp4,121
151275.mp4,124
160877.mp4,123
107051.mp4,122
26334.mp4,120
116741.mp4,119
194818.mp4,125
46838.mp4,123
99126.mp4,119
66568.mp4,123
176434.mp4,124
135472.mp4,122
61413.mp4,125
127428.mp4,123
101071.mp4,119
190232.mp4,124
177735.mp4,127
15818.mp4,120
166565.mp4,125
3670.mp4,124
190411.mp4,123
207317.mp4,124
77202.mp4,121
61568.mp4,120
214534.mp4,123
23093.mp4,124
22430.mp4,123
34876.mp4,126
219511.mp4,125
157604.mp4,119
90789.mp4,119
19278.mp4,126
60668.mp4,124
39602.mp4,125
157883.mp4,125
92628.mp4,120
130396.mp4,125
40845.mp4,121
113610.mp4,126
25680.mp4,119
21894.mp4,125
98316.mp4,124
45088.mp4,125
50395.mp4,120
180075.mp4,126
91894.mp4,123
12570.mp4,119
192254.mp4,120
135241.mp4,119
39680.mp4,125
169929.mp4,126
201686.mp4,125
12448.mp4,126
194955.mp4,119
78579.mp4,119
217620.mp4,120
402.mp4,121
144523.mp4,119
87838.mp4,126
216657.mp4,124
154355.mp4,126
3735.mp4,124
30316.mp4,120
84838.mp4,125
35421.mp4,125
180287.mp4,120
147296.mp4,124
106306.mp4,127
32993.mp4,126
3619.mp4,119
54657.mp4,120
105737.mp4,121
118166.mp4,120
14056.mp4,119
12738.mp4,120
144470.mp4,120
119679.mp4,122
2659.mp4,121
64347.mp4,125
89811.mp4,126
32751.mp4,124
175586.mp4,122
209874.mp4,127
17933.mp4,119
214988.mp4,120
139070.mp4,119
191452.mp4,126
2022.mp4,120
218819.mp4,120
123909.mp4,126
37420.mp4,126
51189.mp4,119
183131.mp4,120
150272.mp4,126
161398.mp4,125
44895.mp4,125
40485.mp4,126
80820.mp4,119
167549.mp4,126
85114.mp4,120
24137.mp4,125
7369.mp4,124
131324.mp4,124
115622.mp4,124
31780.mp4,119
94617.mp4,119
79373.mp4,122
16887.mp4,119
92701.mp4,127
31455.mp4,123
152424.mp4,125
97015.mp4,124
181078.mp4,127
209867.mp4,125
140637.mp4,126
84842.mp4,125
214887.mp4,119
93346.mp4,127
214742.mp4,125
187446.mp4,119
57036.mp4,125
59378.mp4,119
34063.mp4,119
11335.mp4,124
142843.mp4,126
147016.mp4,120
61617.mp4,124
15783.mp4,119
156325.mp4,122
171460.mp4,126
162105.mp4,124
109650.mp4,119
2957.mp4,125
54945.mp4,119
28687.mp4,120
89713.mp4,123
173148.mp4,119
34858.mp4,124
139242.mp4,125
132487.mp4,120
139264.mp4,123
180401.mp4,125
158294.mp4,120
31720.mp4,125
144753.mp4,125
1571.mp4,125
120528.mp4,126
136393.mp4,124
175088.mp4,119
16459.mp4,120
214998.mp4,124
64400.mp4,125
199375.mp4,123
125709.mp4,125
174610.mp4,126
212301.mp4,119
14361.mp4,123
160315.mp4,126
49220.mp4,125
69189.mp4,124
163169.mp4,120
186256.mp4,123
173900.mp4,121
219431.mp4,127
195395.mp4,119
13276.mp4,124
192411.mp4,127
209746.mp4,121
39206.mp4,120
47907.mp4,126
138665.mp4,124
87997.mp4,120
134861.mp4,124
45734.mp4,120
132312.mp4,123
74576.mp4,125
147217.mp4,122
80743.mp4,124
15710.mp4,120
1144.mp4,125
71769.mp4,126
171590.mp4,123
125021.mp4,127
208503.mp4,125
15472.mp4,126
219351.mp4,126
131363.mp4,127
192918.mp4,126
105698.mp4,125
25665.mp4,125
42873.mp4,126
56852.mp4,127
87369.mp4,127
95898.mp4,125
67898.mp4,124
185612.mp4,119
9928.mp4,120
135606.mp4,126
154369.mp4,126
66130.mp4,126
108609.mp4,119
81725.mp4,126
207141.mp4,125
75454.mp4,126
132251.mp4,120
100236.mp4,119
133861.mp4,127
70316.mp4,122
85889.mp4,119
71965.mp4,124
218929.mp4,124
123288.mp4,127
147099.mp4,119
162338.mp4,120
214483.mp4,126
63892.mp4,126
188843.mp4,119
173081.mp4,126
55101.mp4,124
28479.mp4,127
125581.mp4,120
99398.mp4,119
1761.mp4,125
149797.mp4,125
179073.mp4,124
103205.mp4,119
19995.mp4,123
89675.mp4,125
78699.mp4,127
180526.mp4,123
103533.mp4,120
175214.mp4,127
154890.mp4,123
7355.mp4,124
51673.mp4,123
20384.mp4,126
54669.mp4,124
19926.mp4,125
9153.mp4,119
94678.mp4,124
119633.mp4,124
64335.mp4,123
149694.mp4,125
37269.mp4,124
211935.mp4,126
125710.mp4,120
116350.mp4,120
62250.mp4,122
57533.mp4,125
78062.mp4,125
151038.mp4,120
135815.mp4,123
87330.mp4,126
32553.mp4,127
190527.mp4,125
124326.mp4,126
194341.mp4,119
154080.mp4,127
34019.mp4,125
32497.mp4,126
9872.mp4,123
74513.mp4,125
204622.mp4,125
95251.mp4,123
161465.mp4,125
198852.mp4,127
207802.mp4,119
152256.mp4,119
83261.mp4,119
87247.mp4,119
109423.mp4,126
220421.mp4,124
82703.mp4,127
128454.mp4,123
137685.mp4,123
133821.mp4,124
201772.mp4,126
179183.mp4,125
159543.mp4,124
127682.mp4,125
148819.mp4,119
47769.mp4,120
60661.mp4,126
158967.mp4,124
120400.mp4,125
203882.mp4,124
6482.mp4,120
48203.mp4,126
90080.mp4,124
43859.mp4,120
32345.mp4,119
135525.mp4,124
115389.mp4,119
37659.mp4,124
200932.mp4,119
54527.mp4,126
49112.mp4,124
200337.mp4,123
188868.mp4,124
86574.mp4,120
8453.mp4,120
51946.mp4,121
218945.mp4,119
192186.mp4,126
198607.mp4,124
20799.mp4,119
23367.mp4,124
76152.mp4,119
48500.mp4,125
129811.mp4,120
134989.mp4,119
59676.mp4,126
195177.mp4,120
98512.mp4,125
158767.mp4,125
218594.mp4,119
120624.mp4,123
158341.mp4,120
8561.mp4,119
206622.mp4,126
153291.mp4,120
188693.mp4,119
159813.mp4,125
217458.mp4,124
78326.mp4,124
150752.mp4,120
57122.mp4,126
186085.mp4,124
140291.mp4,125
43190.mp4,121
101034.mp4,127
169789.mp4,126
215657.mp4,119
66606.mp4,120
77708.mp4,125
57783.mp4,126
75486.mp4,124
181578.mp4,126
81228.mp4,122
122748.mp4,120
98924.mp4,126
178022.mp4,124
130097.mp4,120
83769.mp4,120
134574.mp4,124
161627.mp4,122
135745.mp4,124
203742.mp4,125
87650.mp4,123
34120.mp4,127
22359.mp4,119
171804.mp4,121
139447.mp4,120
154238.mp4,126
133456.mp4,121
186794.mp4,127
20540.mp4,126
6540.mp4,123
67640.mp4,120
66915.mp4,119
218695.mp4,119
93258.mp4,127
101353.mp4,123
65740.mp4,126
142638.mp4,120
75034.mp4,120
35222.mp4,122
116195.mp4,124
77440.mp4,120
4204.mp4,125
26761.mp4,122
219073.mp4,126
147122.mp4,127
54447.mp4,126
32355.mp4,126
44093.mp4,126
217242.mp4,119
166476.mp4,125
181923.mp4,121
116390.mp4,119
206939.mp4,125
6950.mp4,125
192372.mp4,124
75449.mp4,125
17328.mp4,126
146297.mp4,119
163078.mp4,125
140464.mp4,125
187060.mp4,126
194012.mp4,124
167092.mp4,123
55799.mp4,120
200667.mp4,120
107965.mp4,126
197487.mp4,119
14653.mp4,124
27224.mp4,126
170461.mp4,120
13176.mp4,125
161659.mp4,120
61207.mp4,125
109267.mp4,127
23720.mp4,120
163230.mp4,119
76871.mp4,125
149651.mp4,119
202934.mp4,124
204961.mp4,119
184413.mp4,125
71461.mp4,119
87962.mp4,120
158595.mp4,125
191696.mp4,124
132628.mp4,123
83389.mp4,119
91826.mp4,125
181202.mp4,125
154751.mp4,126
116055.mp4,125
148897.mp4,124
203562.mp4,120
85942.mp4,127
85019.mp4,126
75873.mp4,125
77638.mp4,127
213845.mp4,119
65381.mp4,125
108066.mp4,126
117866.mp4,121
37631.mp4,121
212972.mp4,119
45424.mp4,127
67850.mp4,127
42804.mp4,119
215286.mp4,119
49723.mp4,126
209944.mp4,123
183468.mp4,127
209007.mp4,119
59153.mp4,125
44219.mp4,126
149528.mp4,123
116203.mp4,126
179626.mp4,124
153507.mp4,125
169972.mp4,125
9172.mp4,124
185684.mp4,119
37272.mp4,119
82000.mp4,127
127651.mp4,126
188257.mp4,120
107092.mp4,125
143387.mp4,120
18688.mp4,124
106819.mp4,124
174120.mp4,126
173229.mp4,125
183995.mp4,120
137577.mp4,124
207720.mp4,119
102761.mp4,126
49926.mp4,126
91544.mp4,119
183975.mp4,123
10436.mp4,120
85527.mp4,119
6339.mp4,120
12868.mp4,119
17688.mp4,125
140238.mp4,119
104278.mp4,119
136583.mp4,125
60149.mp4,126
698.mp4,123
110104.mp4,120
72969.mp4,125
68127.mp4,127
120367.mp4,122
5853.mp4,124
205288.mp4,125
169328.mp4,120
112554.mp4,119
100159.mp4,123
21664.mp4,120
90361.mp4,125
79814.mp4,122
207874.mp4,126
162736.mp4,119
56259.mp4,127
108469.mp4,120
197771.mp4,124
155995.mp4,123
152813.mp4,119
139527.mp4,125
14401.mp4,124
63988.mp4,120
78377.mp4,119
29762.mp4,126
139489.mp4,121
37066.mp4,120
53390.mp4,124
142454.mp4,126
119713.mp4,126
179705.mp4,126
54104.mp4,127
137219.mp4,127
196522.mp4,122
98800.mp4,120
128275.mp4,119
62941.mp4,126
85465.mp4,125
201728.mp4,126
30125.mp4,125
647.mp4,127
159264.mp4,120
87675.mp4,126
187215.mp4,119
159127.mp4,126
152696.mp4,126
155531.mp4,127
205873.mp4,126
93839.mp4,124
18893.mp4,120
144528.mp4,120
174741.mp4,126
108981.mp4,125
113530.mp4,125
187396.mp4,124
54224.mp4,119
158343.mp4,120
21526.mp4,125
32833.mp4,127
90398.mp4,123
122065.mp4,125
170626.mp4,127
54103.mp4,121
184986.mp4,119
53740.mp4,123
179592.mp4,124
42367.mp4,126
125075.mp4,123
35153.mp4,119
72913.mp4,120
41735.mp4,123
123353.mp4,126
4784.mp4,124
105890.mp4,124
199252.mp4,119
84242.mp4,120
179411.mp4,119
91071.mp4,123
36352.mp4,124
143931.mp4,123
85446.mp4,119
193529.mp4,119
109558.mp4,125
130469.mp4,127
73975.mp4,127
44634.mp4,125
168300.mp4,127
38431.mp4,123
117431.mp4,120
92388.mp4,125
101859.mp4,119
47097.mp4,125
147947.mp4,126
108784.mp4,119
186245.mp4,124
202275.mp4,126
23550.mp4,123
132062.mp4,127
201692.mp4,119
176804.mp4,119
10037.mp4,125
64810.mp4,120
176048.mp4,119
179515.mp4,125
53635.mp4,123
153682.mp4,120
146965.mp4,124
164609.mp4,127
121967.mp4,125
190611.mp4,121
178364.mp4,127
78455.mp4,120
134888.mp4,120
34555.mp4,123
37619.mp4,123
18645.mp4,119
60125.mp4,119
167361.mp4,126
144082.mp4,125
218413.mp4,124
185083.mp4,120
179613.mp4,126
103001.mp4,127
5730.mp4,127
85011.mp4,125
182579.mp4,127
75866.mp4,124
176362.mp4,125
90320.mp4,120
74268.mp4,126
95608.mp4,123
122850.mp4,125
52869.mp4,123
129077.mp4,127
133353.mp4,124
41228.mp4,126
46713.mp4,123
199953.mp4,119
64058.mp4,124
141975.mp4,125
218449.mp4,125
43631.mp4,124
205491.mp4,120
100917.mp4,125
55232.mp4,126
95946.mp4,127
118981.mp4,125
163792.mp4,120
199272.mp4,126
5423.mp4,124
23132.mp4,127
73968.mp4,124
216152.mp4,125
218487.mp4,127
166796.mp4,125
125012.mp4,125
66647.mp4,123
53227.mp4,126
89566.mp4,125
158988.mp4,125
190976.mp4,125
154609.mp4,125
81915.mp4,120
55151.mp4,123
157285.mp4,123
53049.mp4,119
146405.mp4,123
79981.mp4,120
196623.mp4,119
183730.mp4,124
74141.mp4,124
38220.mp4,119
199410.mp4,120
6735.mp4,124
136441.mp4,119
38771.mp4,125
170749.mp4,126
146789.mp4,121
53222.mp4,125
138988.mp4,119
124099.mp4,127
164659.mp4,125
99362.mp4,125
131487.mp4,125
136269.mp4,119
180303.mp4,119
57287.mp4,124
187687.mp4,126
27010.mp4,123
89434.mp4,124
220583.mp4,120
95037.mp4,125
14830.mp4,123
166776.mp4,120
121443.mp4,125
65413.mp4,120
200484.mp4,120
26928.mp4,127
55121.mp4,126
121617.mp4,126
59546.mp4,120
31877.mp4,119
19852.mp4,125
37136.mp4,126
158681.mp4,125
121709.mp4,127
209553.mp4,123
67525.mp4,119
210917.mp4,125
202463.mp4,121
208453.mp4,125
82785.mp4,121
26207.mp4,124
205853.mp4,127
31012.mp4,121
137772.mp4,119
142212.mp4,127
91241.mp4,119
200417.mp4,120
182118.mp4,120
9574.mp4,125
196448.mp4,119
60895.mp4,121
87436.mp4,120
195531.mp4,122
56033.mp4,126
143265.mp4,120
173011.mp4,126
6039.mp4,120
92833.mp4,119
17584.mp4,123
16654.mp4,121
24027.mp4,126
14195.mp4,125
70008.mp4,127
163839.mp4,123
199206.mp4,119
110594.mp4,119
24623.mp4,127
153520.mp4,119
1489.mp4,127
64398.mp4,125
46397.mp4,127
72216.mp4,124
145082.mp4,125
13168.mp4,120
40154.mp4,123
77164.mp4,126
42322.mp4,121
94945.mp4,126
28921.mp4,126
36635.mp4,125
124967.mp4,125
91110.mp4,124
62225.mp4,125
163803.mp4,127
22039.mp4,127
69501.mp4,120
141476.mp4,124
22037.mp4,121
80326.mp4,120
184974.mp4,126
124964.mp4,126
144676.mp4,124
23378.mp4,125
126930.mp4,120
95317.mp4,126
111926.mp4,119
198072.mp4,123
177854.mp4,121
212164.mp4,120
144557.mp4,122
212376.mp4,125
165580.mp4,121
150311.mp4,127
7741.mp4,125
217858.mp4,120
129834.mp4,121
197975.mp4,127
145776.mp4,125
193292.mp4,124
81419.mp4,127
143401.mp4,120
161146.mp4,126
135188.mp4,124
159829.mp4,127
197831.mp4,123
116279.mp4,120
89830.mp4,119
211247.mp4,123
119994.mp4,125
2104.mp4,124
179990.mp4,119
181094.mp4,124
140575.mp4,126
43954.mp4,119
166239.mp4,120
126159.mp4,127
75635.mp4,121
57794.mp4,124
24984.mp4,126
7729.mp4,121
4581.mp4,121
170429.mp4,125
200198.mp4,124
207898.mp4,126
158303.mp4,126
80613.mp4,125
33102.mp4,127
120872.mp4,125
29178.mp4,127
27659.mp4,126
197445.mp4,127
25688.mp4,125
123982.mp4,123
209649.mp4,127
171273.mp4,126
62193.mp4,120
83183.mp4,123
185757.mp4,127
86565.mp4,127
45452.mp4,126
30315.mp4,119
128074.mp4,124
476.mp4,127
38930.mp4,126
51695.mp4,120
34517.mp4,123
209976.mp4,126
72569.mp4,126
83133.mp4,122
168948.mp4,121
208698.mp4,124
147269.mp4,127
1168.mp4,121
50256.mp4,127
125901.mp4,125
195007.mp4,120
7492.mp4,125
96158.mp4,123
206796.mp4,127
28111.mp4,125
177883.mp4,120
58797.mp4,126
91344.mp4,123
123711.mp4,120
9858.mp4,121
88834.mp4,125
87002.mp4,125
175160.mp4,127
188988.mp4,127
146384.mp4,119
196386.mp4,120
38899.mp4,126
100764.mp4,120
140978.mp4,123
216532.mp4,120
159180.mp4,119
23764.mp4,124
166562.mp4,120
141992.mp4,125
80757.mp4,119
189745.mp4,120
151843.mp4,120
91142.mp4,127
125865.mp4,125
86009.mp4,124
111422.mp4,119
61246.mp4,120
2560.mp4,124
19162.mp4,127
143643.mp4,119
198465.mp4,122
157868.mp4,127
31221.mp4,125
7716.mp4,127
147034.mp4,125
91140.mp4,123
84541.mp4,125
137288.mp4,122
20457.mp4,124
212279.mp4,119
157166.mp4,127
62189.mp4,119
25918.mp4,119
46345.mp4,125
47921.mp4,125
140340.mp4,119
151467.mp4,125
181356.mp4,119
210724.mp4,123
150511.mp4,124
150085.mp4,127
52561.mp4,126
192817.mp4,121
161930.mp4,120
98577.mp4,126
213960.mp4,124
73891.mp4,120
18389.mp4,125
106432.mp4,119
49808.mp4,126
4391.mp4,120
143947.mp4,119
188022.mp4,120
175742.mp4,120
187496.mp4,119
210441.mp4,120
27206.mp4,127
53175.mp4,126
77274.mp4,121
151324.mp4,124
8642.mp4,119
26291.mp4,127
219128.mp4,126
4636.mp4,126
86401.mp4,120
144404.mp4,124
131403.mp4,125
16243.mp4,125
29191.mp4,125
39205.mp4,124
145503.mp4,121
139652.mp4,127
52971.mp4,120
72734.mp4,126
75183.mp4,126
64794.mp4,127
124435.mp4,119
166634.mp4,119
106715.mp4,124
193976.mp4,126
127307.mp4,120
138974.mp4,124
213483.mp4,125
71929.mp4,119
128044.mp4,124
24012.mp4,124
112179.mp4,124
22795.mp4,125
200529.mp4,125
120818.mp4,124
180850.mp4,127
87265.mp4,126
47160.mp4,121
99174.mp4,120
151706.mp4,120
44811.mp4,120
39343.mp4,127
59662.mp4,124
178167.mp4,124
145364.mp4,126
140309.mp4,123
76658.mp4,126
57470.mp4,124
201132.mp4,125
173753.mp4,125
152656.mp4,125
55871.mp4,127
79534.mp4,119
17198.mp4,127
44824.mp4,124
184904.mp4,126
109151.mp4,126
99986.mp4,120
10070.mp4,120
180417.mp4,120
153198.mp4,119
39793.mp4,126
186560.mp4,119
41075.mp4,120
135039.mp4,119
204430.mp4,122
69496.mp4,125
81322.mp4,119
55300.mp4,120
77606.mp4,119
209459.mp4,124
78916.mp4,126
29999.mp4,119
160457.mp4,123
152209.mp4,119
186123.mp4,127
24879.mp4,120
110655.mp4,125
71563.mp4,119
29316.mp4,127
33250.mp4,124
186714.mp4,126
93897.mp4,126
4804.mp4,121
91009.mp4,119
9119.mp4,124
29583.mp4,120
93560.mp4,125
42581.mp4,127
189936.mp4,119
198683.mp4,120
60988.mp4,127
26587.mp4,120
97930.mp4,126
121246.mp4,125
163103.mp4,119
121011.mp4,127
193623.mp4,125
156905.mp4,120
171824.mp4,127
132485.mp4,127
30245.mp4,124
11410.mp4,125
63195.mp4,125
35281.mp4,127
135498.mp4,127
99977.mp4,125
104468.mp4,119
133641.mp4,127
119903.mp4,120
170043.mp4,124
32992.mp4,120
67810.mp4,124
152716.mp4,123
8739.mp4,120
39872.mp4,125
110521.mp4,125
16809.mp4,124
69064.mp4,120
36752.mp4,123
74732.mp4,126
193163.mp4,124
217301.mp4,120
187867.mp4,121
162226.mp4,123
107835.mp4,126
77390.mp4,120
209847.mp4,125
175372.mp4,120
154512.mp4,120
88961.mp4,126
209151.mp4,124
129580.mp4,127
220825.mp4,120
191232.mp4,119
46778.mp4,119
117638.mp4,119
192912.mp4,126
188112.mp4,119
5085.mp4,127
85258.mp4,120
13583.mp4,124
74614.mp4,123
49888.mp4,127
104635.mp4,124
62117.mp4,120
2322.mp4,120
150265.mp4,124
207421.mp4,126
43477.mp4,119
71054.mp4,120
96471.mp4,126
47916.mp4,127
171217.mp4,126
155958.mp4,119
220735.mp4,127
11238.mp4,125
142102.mp4,126
128059.mp4,125
166600.mp4,124
182045.mp4,125
6744.mp4,125
219711.mp4,120
163180.mp4,123
27457.mp4,125
128849.mp4,126
153769.mp4,120
125648.mp4,123
202641.mp4,119
182865.mp4,126
181877.mp4,126
108618.mp4,126
100107.mp4,125
100516.mp4,119
151454.mp4,119
69578.mp4,124
32167.mp4,119
220647.mp4,127
125413.mp4,125
133546.mp4,125
209716.mp4,120
143456.mp4,126
22754.mp4,125
1800.mp4,126
129306.mp4,121
9726.mp4,124
113377.mp4,125
51127.mp4,119
8778.mp4,124
158334.mp4,123
128688.mp4,124
146024.mp4,120
145491.mp4,127
101852.mp4,125
97487.mp4,120
171027.mp4,119
28353.mp4,125
195032.mp4,119
29205.mp4,127
215655.mp4,125
175508.mp4,120
56891.mp4,124
131621.mp4,126
180459.mp4,126
6357.mp4,125
76050.mp4,126
69008.mp4,127
135947.mp4,124
106200.mp4,124
131223.mp4,119
194307.mp4,126
124015.mp4,119
9424.mp4,127
172716.mp4,121
97982.mp4,120
172201.mp4,127
98287.mp4,125
176479.mp4,126
136257.mp4,124
153026.mp4,127
179551.mp4,119
3226.mp4,119
42075.mp4,119
14663.mp4,126
179801.mp4,124
217909.mp4,119
31379.mp4,120
57191.mp4,125
39443.mp4,125
196736.mp4,120
39075.mp4,124
43816.mp4,121
7168.mp4,126
20107.mp4,127
94134.mp4,120
151382.mp4,125
64054.mp4,127
20485.mp4,119
30596.mp4,122
157995.mp4,126
130158.mp4,126
54844.mp4,127
123953.mp4,124
166779.mp4,119
161910.mp4,127
14370.mp4,126
218865.mp4,127
181926.mp4,122
90007.mp4,123
175728.mp4,126
154599.mp4,125
7247.mp4,124
175684.mp4,127
206608.mp4,125
56075.mp4,125
23884.mp4,119
189275.mp4,119
52578.mp4,124
155797.mp4,125
5688.mp4,126
187312.mp4,119
50424.mp4,119
47297.mp4,126
179024.mp4,121
163292.mp4,119
137764.mp4,125
151296.mp4,126
172322.mp4,126
56044.mp4,126
146957.mp4,119
216877.mp4,125
17765.mp4,119
93698.mp4,119
27794.mp4,123
44635.mp4,127
214650.mp4,125
14048.mp4,120
53799.mp4,127
94364.mp4,125
173764.mp4,125
82439.mp4,124
152592.mp4,125
19786.mp4,127
24107.mp4,125
110402.mp4,119
110138.mp4,127
132395.mp4,120
25192.mp4,125
84098.mp4,121
79688.mp4,120
27301.mp4,125
33211.mp4,123
60599.mp4,120
151214.mp4,124
44263.mp4,120
144168.mp4,125
73441.mp4,126
93576.mp4,127
37228.mp4,125
33775.mp4,119
26864.mp4,123
39893.mp4,125
151079.mp4,124
62763.mp4,126
212610.mp4,124
20616.mp4,119
64099.mp4,125
46597.mp4,127
194808.mp4,126
183675.mp4,121
169820.mp4,125
192554.mp4,124
108588.mp4,121
130515.mp4,120
192406.mp4,121
197047.mp4,124
121711.mp4,123
174633.mp4,119
74115.mp4,119
68019.mp4,119
63956.mp4,120
18550.mp4,126
112712.mp4,127
119102.mp4,124
119573.mp4,121
200298.mp4,119
201527.mp4,122
140189.mp4,121
134918.mp4,124
10012.mp4,120
178800.mp4,123
206696.mp4,120
160589.mp4,125
205758.mp4,126
99021.mp4,127
150054.mp4,126
106204.mp4,126
170488.mp4,119
80274.mp4,126
107958.mp4,123
13161.mp4,123
110509.mp4,119
66663.mp4,127
51617.mp4,126
114501.mp4,119
112147.mp4,119
47841.mp4,126
123615.mp4,120
150056.mp4,126
133167.mp4,126
27733.mp4,127
161029.mp4,120
65707.mp4,123
185457.mp4,126
6934.mp4,120
121693.mp4,120
103559.mp4,121
133186.mp4,119
74057.mp4,122
169802.mp4,127
89735.mp4,127
209628.mp4,123
2060.mp4,126
122623.mp4,119
116270.mp4,119
110413.mp4,121
218711.mp4,119
68860.mp4,126
52542.mp4,125
131162.mp4,124
96603.mp4,127
104951.mp4,126
2350.mp4,121
210843.mp4,124
90775.mp4,124
19416.mp4,127
178201.mp4,122
92081.mp4,125
122241.mp4,119
161990.mp4,123
190006.mp4,127
23512.mp4,119
103665.mp4,125
96417.mp4,120
200265.mp4,126
156116.mp4,119
148210.mp4,123
48387.mp4,119
63061.mp4,125
18088.mp4,123
196379.mp4,119
104885.mp4,124
204531.mp4,127
185952.mp4,124
25657.mp4,119
79491.mp4,125
108096.mp4,123
71240.mp4,125
173389.mp4,120
67326.mp4,123
217376.mp4,120
152489.mp4,123
141984.mp4,127
214602.mp4,127
57664.mp4,123
148885.mp4,125
22617.mp4,125
12235.mp4,121
63452.mp4,120
53141.mp4,126
78887.mp4,125
112348.mp4,119
53898.mp4,120
130674.mp4,120
53798.mp4,126
96771.mp4,124
138954.mp4,120
41260.mp4,127
172813.mp4,126
98789.mp4,127
145929.mp4,119
70031.mp4,119
100499.mp4,123
103761.mp4,126
32256.mp4,123
88445.mp4,126
58520.mp4,119
109699.mp4,126
64651.mp4,122
208112.mp4,127
13096.mp4,119
99414.mp4,124
39257.mp4,121
27217.mp4,127
190265.mp4,127
12682.mp4,124
17810.mp4,127
164677.mp4,126
15848.mp4,124
101639.mp4,123
180070.mp4,120
122218.mp4,126
15112.mp4,124
139085.mp4,119
83132.mp4,123
191067.mp4,126
45018.mp4,125
180167.mp4,126
116734.mp4,123
213298.mp4,126
211128.mp4,125
181873.mp4,127
177686.mp4,126
19362.mp4,121
147795.mp4,125
41518.mp4,125
141201.mp4,124
11344.mp4,120
98534.mp4,120
31979.mp4,126
136045.mp4,120
81577.mp4,120
131596.mp4,124
58926.mp4,123
4814.mp4,124
87638.mp4,126
161067.mp4,120
8123.mp4,125
35156.mp4,120
35541.mp4,127
233.mp4,125
208561.mp4,125
109781.mp4,120
186785.mp4,127
143197.mp4,119
21549.mp4,127
85989.mp4,126
78566.mp4,127
196443.mp4,124
75948.mp4,126
183683.mp4,126
20458.mp4,126
82434.mp4,125
215967.mp4,127
142613.mp4,126
75027.mp4,124
70183.mp4,127
122012.mp4,119
150362.mp4,120
99948.mp4,123
219930.mp4,125
49025.mp4,119
144261.mp4,125
146903.mp4,126
143311.mp4,120
80787.mp4,123
199222.mp4,125
114037.mp4,123
39117.mp4,123
91964.mp4,122
66604.mp4,127
114659.mp4,126
31658.mp4,120
27382.mp4,124
49923.mp4,126
83090.mp4,124
104742.mp4,125
46991.mp4,126
219037.mp4,121
129609.mp4,123
55506.mp4,125
219692.mp4,126
99951.mp4,126
39756.mp4,120
162877.mp4,123
171030.mp4,121
187802.mp4,119
24489.mp4,119
136015.mp4,120
83296.mp4,125
