214198.mp4,123
67199.mp4,122
83546.mp4,123
216344.mp4,122
192450.mp4,123
120594.mp4,121
129856.mp4,121
217077.mp4,122
132364.mp4,123
139642.mp4,121
153513.mp4,121
111689.mp4,123
30256.mp4,123
37280.mp4,124
24898.mp4,125
187603.mp4,123
87879.mp4,126
144584.mp4,122
34480.mp4,123
56604.mp4,123
102786.mp4,124
194298.mp4,123
893.mp4,123
85174.mp4,125
198452.mp4,124
205408.mp4,122
167767.mp4,124
161997.mp4,124
156586.mp4,122
29454.mp4,123
80391.mp4,123
218504.mp4,125
150041.mp4,121
155691.mp4,122
83915.mp4,125
54550.mp4,125
193653.mp4,122
88762.mp4,125
183839.mp4,122
94004.mp4,124
207648.mp4,123
28427.mp4,122
27672.mp4,123
148937.mp4,122
218699.mp4,123
170284.mp4,124
175048.mp4,121
145257.mp4,121
20901.mp4,121
3007.mp4,126
18103.mp4,121
76016.mp4,122
176721.mp4,125
100710.mp4,126
136506.mp4,121
3003.mp4,123
165912.mp4,122
186396.mp4,121
209801.mp4,121
49617.mp4,125
215405.mp4,124
43625.mp4,125
205024.mp4,123
212257.mp4,123
122879.mp4,123
101276.mp4,124
72128.mp4,123
15743.mp4,121
148931.mp4,123
113948.mp4,123
205436.mp4,121
173363.mp4,121
49216.mp4,123
60004.mp4,126
208961.mp4,124
188355.mp4,125
161689.mp4,125
95615.mp4,125
138718.mp4,121
19845.mp4,123
53252.mp4,123
7493.mp4,121
193830.mp4,126
17476.mp4,123
193193.mp4,121
184177.mp4,125
181962.mp4,123
174054.mp4,126
187453.mp4,124
86488.mp4,121
147731.mp4,125
216333.mp4,124
11307.mp4,123
84877.mp4,123
125243.mp4,123
202600.mp4,124
146557.mp4,124
171818.mp4,124
121497.mp4,123
122329.mp4,124
35035.mp4,124
125149.mp4,123
14292.mp4,121
53834.mp4,124
104280.mp4,122
174861.mp4,123
67266.mp4,124
91516.mp4,123
121340.mp4,123
60396.mp4,122
88938.mp4,124
152912.mp4,122
133798.mp4,122
203018.mp4,126
184196.mp4,122
139818.mp4,126
188898.mp4,121
201101.mp4,123
110477.mp4,123
114106.mp4,122
105525.mp4,124
183491.mp4,121
50572.mp4,124
78698.mp4,123
151796.mp4,123
125672.mp4,121
130349.mp4,122
146757.mp4,122
103987.mp4,124
154842.mp4,121
180192.mp4,123
202294.mp4,122
130416.mp4,125
142768.mp4,122
23217.mp4,124
191587.mp4,124
214952.mp4,123
171405.mp4,123
67855.mp4,122
104878.mp4,121
83053.mp4,123
67854.mp4,122
71979.mp4,124
124527.mp4,124
134879.mp4,121
41035.mp4,124
188825.mp4,123
194468.mp4,124
28312.mp4,123
83799.mp4,124
193671.mp4,122
74760.mp4,121
22966.mp4,121
77904.mp4,125
212006.mp4,121
108786.mp4,123
34187.mp4,125
39512.mp4,122
53680.mp4,125
187591.mp4,124
14842.mp4,124
117648.mp4,125
155606.mp4,123
213669.mp4,123
180817.mp4,124
140042.mp4,125
123833.mp4,123
97369.mp4,123
80814.mp4,123
67856.mp4,124
139577.mp4,123
155138.mp4,123
13124.mp4,124
208665.mp4,125
144763.mp4,124
64282.mp4,125
21912.mp4,123
124129.mp4,126
56863.mp4,124
70882.mp4,124
171041.mp4,121
171173.mp4,124
107918.mp4,121
23262.mp4,123
180081.mp4,123
139854.mp4,123
136173.mp4,123
99788.mp4,124
148722.mp4,124
164445.mp4,124
98509.mp4,124
141742.mp4,124
21481.mp4,123
142814.mp4,122
39700.mp4,121
140034.mp4,123
64153.mp4,124
108484.mp4,122
31942.mp4,121
116063.mp4,122
49407.mp4,123
171965.mp4,122
33053.mp4,126
159389.mp4,124
202209.mp4,124
10144.mp4,123
28803.mp4,123
7655.mp4,125
22017.mp4,123
33634.mp4,125
55396.mp4,125
183205.mp4,122
109218.mp4,124
199524.mp4,123
123521.mp4,123
115778.mp4,125
174342.mp4,122
210640.mp4,122
172650.mp4,125
128687.mp4,124
40810.mp4,121
220420.mp4,125
48401.mp4,123
152106.mp4,125
179122.mp4,122
149099.mp4,124
27323.mp4,126
140540.mp4,125
142111.mp4,125
38394.mp4,125
63033.mp4,123
103941.mp4,123
133003.mp4,121
124651.mp4,124
30751.mp4,123
186411.mp4,123
188567.mp4,121
130127.mp4,124
130539.mp4,124
192226.mp4,126
94872.mp4,122
137786.mp4,123
31431.mp4,122
149224.mp4,121
189993.mp4,123
109085.mp4,124
139013.mp4,123
1027.mp4,123
97768.mp4,122
68544.mp4,124
17700.mp4,122
77429.mp4,122
140864.mp4,124
27320.mp4,125
79738.mp4,121
47429.mp4,124
2882.mp4,126
188393.mp4,123
73461.mp4,124
157592.mp4,123
2831.mp4,124
167310.mp4,124
207821.mp4,125
210496.mp4,123
119356.mp4,124
218165.mp4,121
110820.mp4,123
23626.mp4,125
36523.mp4,121
220548.mp4,125
141483.mp4,123
171353.mp4,122
125973.mp4,123
125787.mp4,121
115639.mp4,122
54070.mp4,123
98541.mp4,124
156468.mp4,124
39556.mp4,124
14129.mp4,121
18272.mp4,123
23699.mp4,125
17174.mp4,121
148192.mp4,126
182311.mp4,125
139178.mp4,123
99754.mp4,122
147873.mp4,123
190506.mp4,123
131583.mp4,125
171538.mp4,125
210405.mp4,125
28448.mp4,124
164155.mp4,123
149320.mp4,123
109644.mp4,122
190134.mp4,125
27419.mp4,122
190435.mp4,123
105591.mp4,124
1108.mp4,124
82095.mp4,122
85082.mp4,125
146213.mp4,126
202709.mp4,122
103278.mp4,124
106253.mp4,125
142733.mp4,124
195646.mp4,122
43387.mp4,121
64181.mp4,126
146834.mp4,124
121704.mp4,125
63668.mp4,123
20089.mp4,123
153325.mp4,121
108465.mp4,124
118843.mp4,122
102140.mp4,123
214465.mp4,123
179064.mp4,123
202101.mp4,121
89893.mp4,124
141860.mp4,123
88723.mp4,122
88356.mp4,124
184845.mp4,122
136255.mp4,123
163547.mp4,124
203910.mp4,123
86966.mp4,123
131427.mp4,124
16212.mp4,124
94406.mp4,123
174198.mp4,123
102189.mp4,124
109858.mp4,121
80272.mp4,121
157009.mp4,124
209341.mp4,125
80258.mp4,121
156105.mp4,125
8414.mp4,123
106711.mp4,125
93371.mp4,123
12303.mp4,124
134760.mp4,123
6841.mp4,123
72436.mp4,122
189326.mp4,125
173949.mp4,123
187821.mp4,123
90644.mp4,124
68482.mp4,123
68808.mp4,123
83572.mp4,125
128743.mp4,124
196133.mp4,122
144789.mp4,122
190590.mp4,122
78968.mp4,123
71182.mp4,123
150288.mp4,123
13825.mp4,123
127219.mp4,123
95118.mp4,123
25683.mp4,125
98080.mp4,121
177715.mp4,125
25126.mp4,125
99616.mp4,123
191100.mp4,125
167052.mp4,125
63735.mp4,122
150888.mp4,123
171917.mp4,123
90333.mp4,123
35162.mp4,124
214941.mp4,124
89611.mp4,124
51445.mp4,124
84309.mp4,124
156532.mp4,124
13390.mp4,125
30290.mp4,123
168611.mp4,123
177176.mp4,121
6591.mp4,124
69091.mp4,122
33296.mp4,126
113300.mp4,122
38332.mp4,123
144730.mp4,125
215808.mp4,123
59942.mp4,126
70567.mp4,124
157184.mp4,121
93989.mp4,124
92734.mp4,121
41637.mp4,122
42.mp4,126
24859.mp4,122
148983.mp4,123
7963.mp4,123
124791.mp4,122
40844.mp4,124
43158.mp4,125
169155.mp4,121
26326.mp4,121
140413.mp4,121
75462.mp4,122
166303.mp4,124
136227.mp4,125
191201.mp4,124
186252.mp4,123
115399.mp4,122
116330.mp4,124
67977.mp4,122
96049.mp4,121
171227.mp4,121
28203.mp4,121
55035.mp4,121
3752.mp4,125
202503.mp4,123
75649.mp4,126
101934.mp4,123
87956.mp4,122
94882.mp4,123
106417.mp4,123
99519.mp4,124
155415.mp4,123
162844.mp4,121
150758.mp4,123
115040.mp4,122
92838.mp4,124
157880.mp4,123
12521.mp4,125
200795.mp4,123
144614.mp4,123
182935.mp4,123
103292.mp4,124
177818.mp4,125
206028.mp4,123
95537.mp4,125
159371.mp4,123
116624.mp4,123
174407.mp4,121
112478.mp4,123
116602.mp4,123
36268.mp4,124
76689.mp4,123
176988.mp4,123
40969.mp4,123
214642.mp4,122
92805.mp4,123
121737.mp4,123
97057.mp4,125
208085.mp4,123
166604.mp4,125
119096.mp4,123
218971.mp4,123
114784.mp4,121
117331.mp4,124
85067.mp4,122
112873.mp4,123
192140.mp4,121
94273.mp4,126
123173.mp4,124
21558.mp4,125
168325.mp4,121
80735.mp4,123
97604.mp4,121
105481.mp4,122
153961.mp4,123
156130.mp4,122
203829.mp4,126
48363.mp4,123
92215.mp4,123
215219.mp4,124
18437.mp4,124
181879.mp4,123
102101.mp4,123
112295.mp4,123
205653.mp4,122
116311.mp4,125
125282.mp4,125
198200.mp4,123
157798.mp4,121
116638.mp4,125
214520.mp4,124
200378.mp4,124
210649.mp4,122
175920.mp4,125
149740.mp4,124
68006.mp4,124
44815.mp4,125
106337.mp4,123
193937.mp4,123
19730.mp4,126
128055.mp4,123
5822.mp4,123
122022.mp4,125
114334.mp4,123
116401.mp4,123
4941.mp4,121
58144.mp4,123
59598.mp4,122
136214.mp4,124
103345.mp4,123
8007.mp4,123
205403.mp4,123
58029.mp4,123
16566.mp4,121
177010.mp4,123
4024.mp4,121
23746.mp4,121
185918.mp4,121
37606.mp4,124
25838.mp4,122
60109.mp4,123
122248.mp4,121
171333.mp4,126
779.mp4,121
105359.mp4,122
151807.mp4,123
149823.mp4,121
214557.mp4,122
205218.mp4,124
201781.mp4,124
55149.mp4,123
85939.mp4,125
73249.mp4,124
127956.mp4,124
52198.mp4,125
112090.mp4,126
129519.mp4,122
117781.mp4,124
98227.mp4,126
186044.mp4,126
98593.mp4,124
157090.mp4,121
215591.mp4,123
15179.mp4,123
25922.mp4,121
196340.mp4,124
122604.mp4,124
55552.mp4,123
74815.mp4,126
44816.mp4,121
188913.mp4,122
27009.mp4,123
201889.mp4,122
132413.mp4,126
180728.mp4,123
154372.mp4,123
210563.mp4,126
42282.mp4,123
114783.mp4,122
123961.mp4,125
69817.mp4,125
204623.mp4,122
69392.mp4,125
64267.mp4,125
46164.mp4,123
101032.mp4,126
105727.mp4,125
215516.mp4,123
166692.mp4,124
210725.mp4,125
52720.mp4,125
29848.mp4,124
179309.mp4,124
116568.mp4,125
98666.mp4,124
175162.mp4,123
113588.mp4,124
189074.mp4,124
69208.mp4,126
182121.mp4,121
102661.mp4,125
17789.mp4,125
81136.mp4,122
209343.mp4,123
72269.mp4,124
196030.mp4,121
43819.mp4,123
14662.mp4,123
39097.mp4,123
88599.mp4,125
63671.mp4,121
12315.mp4,122
25965.mp4,121
201372.mp4,124
199373.mp4,125
167347.mp4,122
176411.mp4,123
104455.mp4,124
64687.mp4,123
212.mp4,124
72315.mp4,122
188811.mp4,121
177002.mp4,125
171834.mp4,126
65007.mp4,122
161729.mp4,125
75763.mp4,123
154344.mp4,122
130876.mp4,124
13497.mp4,124
131389.mp4,124
57197.mp4,122
92639.mp4,123
112174.mp4,124
69312.mp4,126
63313.mp4,126
109557.mp4,121
26966.mp4,123
162881.mp4,124
206987.mp4,124
107441.mp4,123
71827.mp4,124
2684.mp4,126
122169.mp4,121
114672.mp4,123
104298.mp4,121
37985.mp4,123
29727.mp4,125
149756.mp4,121
191184.mp4,122
14278.mp4,122
187854.mp4,125
18710.mp4,121
66183.mp4,125
9653.mp4,121
197873.mp4,123
204739.mp4,126
211344.mp4,126
218270.mp4,123
51655.mp4,125
118572.mp4,126
35883.mp4,125
18485.mp4,125
87493.mp4,123
197154.mp4,121
174873.mp4,124
129263.mp4,125
45719.mp4,124
1488.mp4,122
39134.mp4,126
162833.mp4,124
155438.mp4,124
58136.mp4,124
217226.mp4,123
91162.mp4,123
4387.mp4,123
62731.mp4,126
95431.mp4,123
11175.mp4,124
84160.mp4,123
129181.mp4,121
171081.mp4,122
88732.mp4,126
85169.mp4,123
193403.mp4,121
173426.mp4,121
100579.mp4,122
46997.mp4,124
64685.mp4,122
79932.mp4,122
177885.mp4,121
75967.mp4,122
84921.mp4,123
78191.mp4,123
4386.mp4,122
111337.mp4,125
88815.mp4,124
155928.mp4,124
79026.mp4,121
176966.mp4,122
81162.mp4,121
10186.mp4,125
193729.mp4,121
17710.mp4,123
220446.mp4,123
23005.mp4,122
70226.mp4,123
159492.mp4,123
70178.mp4,126
181882.mp4,123
167457.mp4,125
7216.mp4,125
20889.mp4,122
70608.mp4,123
129939.mp4,125
12584.mp4,123
149624.mp4,124
197127.mp4,125
3362.mp4,124
45688.mp4,125
106705.mp4,123
135254.mp4,123
112340.mp4,126
168262.mp4,124
216143.mp4,122
169687.mp4,123
172666.mp4,122
69854.mp4,123
139586.mp4,121
191023.mp4,123
205521.mp4,125
199138.mp4,124
114553.mp4,123
122400.mp4,123
198861.mp4,123
160604.mp4,123
130147.mp4,123
196364.mp4,123
203953.mp4,125
129914.mp4,125
9679.mp4,122
171127.mp4,124
163521.mp4,124
178899.mp4,126
170639.mp4,124
16559.mp4,124
76768.mp4,123
143765.mp4,126
195729.mp4,125
149363.mp4,125
220318.mp4,123
1484.mp4,122
184891.mp4,126
12107.mp4,121
191646.mp4,125
94371.mp4,122
136630.mp4,124
202946.mp4,123
179153.mp4,121
58143.mp4,124
207594.mp4,123
143902.mp4,124
86284.mp4,123
15031.mp4,123
142086.mp4,123
218384.mp4,123
129145.mp4,123
119790.mp4,124
42331.mp4,121
132080.mp4,121
119103.mp4,122
4570.mp4,126
218831.mp4,123
161610.mp4,122
29278.mp4,126
24103.mp4,124
54234.mp4,123
208486.mp4,123
128636.mp4,123
212224.mp4,124
177713.mp4,121
148184.mp4,124
138714.mp4,121
55854.mp4,125
132832.mp4,122
45963.mp4,122
71474.mp4,125
171674.mp4,121
121328.mp4,123
41786.mp4,121
167677.mp4,124
166599.mp4,123
180231.mp4,124
140857.mp4,124
33523.mp4,124
205883.mp4,124
28841.mp4,125
217783.mp4,125
170919.mp4,121
125775.mp4,124
145057.mp4,123
165723.mp4,122
112899.mp4,125
109685.mp4,123
34319.mp4,122
21304.mp4,124
47457.mp4,124
105033.mp4,123
177572.mp4,123
67128.mp4,122
82217.mp4,122
117574.mp4,123
25872.mp4,124
213041.mp4,121
55276.mp4,123
106771.mp4,125
57816.mp4,121
211478.mp4,123
63422.mp4,124
68381.mp4,122
58539.mp4,125
215637.mp4,124
154557.mp4,126
74717.mp4,123
62007.mp4,123
177838.mp4,122
115216.mp4,122
57146.mp4,123
97237.mp4,121
212483.mp4,124
613.mp4,123
51370.mp4,124
122737.mp4,123
117448.mp4,123
61892.mp4,123
118498.mp4,122
201763.mp4,123
137582.mp4,124
158875.mp4,121
111888.mp4,123
4170.mp4,124
24493.mp4,123
145004.mp4,124
212065.mp4,121
147010.mp4,122
104087.mp4,123
199768.mp4,122
52443.mp4,125
23889.mp4,124
128037.mp4,124
31984.mp4,125
51893.mp4,122
185166.mp4,121
11379.mp4,124
138448.mp4,123
87289.mp4,121
19837.mp4,123
27351.mp4,124
87993.mp4,124
108453.mp4,123
148911.mp4,125
2800.mp4,124
156862.mp4,123
195976.mp4,121
177260.mp4,124
41820.mp4,125
20909.mp4,125
47212.mp4,124
205630.mp4,121
77626.mp4,121
100836.mp4,123
204733.mp4,124
133808.mp4,122
188660.mp4,125
128840.mp4,122
188676.mp4,122
104255.mp4,121
5938.mp4,121
24220.mp4,123
93510.mp4,125
72743.mp4,124
22030.mp4,124
152052.mp4,126
159040.mp4,126
10559.mp4,125
196559.mp4,125
160769.mp4,123
1323.mp4,123
186295.mp4,125
161085.mp4,124
122853.mp4,124
199113.mp4,123
193087.mp4,123
70210.mp4,126
41267.mp4,122
94947.mp4,121
47349.mp4,122
88319.mp4,124
14397.mp4,123
17366.mp4,121
213552.mp4,124
15160.mp4,124
130668.mp4,125
180382.mp4,125
51775.mp4,122
102701.mp4,123
131843.mp4,126
197012.mp4,124
108246.mp4,122
96317.mp4,124
128332.mp4,125
88041.mp4,122
207568.mp4,124
111998.mp4,123
72304.mp4,123
212642.mp4,124
48836.mp4,125
180556.mp4,123
40319.mp4,126
195109.mp4,122
171004.mp4,124
127761.mp4,123
111193.mp4,126
35391.mp4,122
146104.mp4,124
159537.mp4,121
107289.mp4,123
40166.mp4,123
108665.mp4,125
139331.mp4,123
130735.mp4,123
32776.mp4,126
13996.mp4,124
94027.mp4,125
77468.mp4,123
95402.mp4,122
168812.mp4,123
23186.mp4,124
132250.mp4,126
204859.mp4,125
132623.mp4,123
188061.mp4,124
135393.mp4,123
181328.mp4,122
62617.mp4,121
213573.mp4,125
151673.mp4,121
217807.mp4,122
59710.mp4,122
104990.mp4,123
65678.mp4,123
43177.mp4,123
191117.mp4,123
161576.mp4,123
124127.mp4,123
89568.mp4,125
216578.mp4,124
12388.mp4,123
174245.mp4,124
119934.mp4,126
67306.mp4,125
200684.mp4,125
17367.mp4,124
219444.mp4,125
76426.mp4,123
146187.mp4,125
13540.mp4,123
26152.mp4,124
207651.mp4,123
136563.mp4,122
41828.mp4,121
91488.mp4,121
67092.mp4,121
65088.mp4,124
97560.mp4,125
34431.mp4,123
