BLzs5opw8uM_E_004323_004411_A_0054_0055.mp4,165
BQhX6F3gpp8_E_003642_003747_A_0084_0085.mp4,165
BQhX6F3gpp8_E_003998_004106_A_0029_0030.mp4,165
BQhX6F3gpp8_E_004301_004401_A_0065_0066.mp4,165
BQhX6F3gpp8_E_004904_005002_A_0083_0084.mp4,165
C5Yfd1IWjmM_E_001543_001637_A_0075_0076.mp4,165
C5Yfd1IWjmM_E_005232_005308_A_0018_0019.mp4,165
C5Yfd1IWjmM_E_006041_006127_A_0062_0063.mp4,165
C5Yfd1IWjmM_E_006341_006431_A_0029_0030.mp4,165
CUuRl0Bwbbc_E_001154_001243_A_0022_0023.mp4,165
CUuRl0Bwbbc_E_001393_001492_A_0039_0040.mp4,165
CUuRl0Bwbbc_E_002152_002249_A_0075_0076.mp4,165
CUuRl0Bwbbc_E_002519_002604_A_0056_0058.mp4,165
CUuRl0Bwbbc_E_002901_002996_A_0078_0079.mp4,165
CkNz9ZIQmZI_E_003943_004039_A_0023_0024.mp4,165
CkNz9ZIQmZI_E_004136_004224_A_0069_0070.mp4,165
CkNz9ZIQmZI_E_004347_004433_A_0012_0013.mp4,167
CkNz9ZIQmZI_E_004347_004433_A_0035_0036.mp4,165
CkNz9ZIQmZI_E_004548_004635_A_0057_0058.mp4,165
CkNz9ZIQmZI_E_004929_005008_A_0053_0054.mp4,165
CkNz9ZIQmZI_E_005136_005230_A_0054_0055.mp4,165
DG7upbhB1bI_E_006918_007013_A_0067_0068.mp4,165
DTedv-hhHU4_E_003113_003207_A_0076_0077.mp4,165
DTedv-hhHU4_E_003527_003622_A_0073_0074.mp4,165
DTedv-hhHU4_E_004495_004582_A_0063_0064.mp4,165
DTedv-hhHU4_E_004495_004582_A_0064_0065.mp4,162
DyZ2qj6x1UE_E_003965_004064_A_0040_0041.mp4,162
DyZ2qj6x1UE_E_003965_004064_A_0062_0063.mp4,165
DyZ2qj6x1UE_E_004547_004630_A_0044_0045.mp4,165
DyZ2qj6x1UE_E_004547_004630_A_0053_0054.mp4,162
E3AHJ6-QS8M_E_001024_001105_A_0013_0014.mp4,165
E3AHJ6-QS8M_E_001024_001105_A_0060_0061.mp4,168
E3AHJ6-QS8M_E_001344_001433_A_0012_0013.mp4,165
E3AHJ6-QS8M_E_001344_001433_A_0048_0049.mp4,165
E3AHJ6-QS8M_E_002516_002596_A_0016_0017.mp4,168
E3AHJ6-QS8M_E_002516_002596_A_0056_0057.mp4,165
E3AHJ6-QS8M_E_003134_003231_A_0038_0039.mp4,168
E3AHJ6-QS8M_E_003134_003231_A_0080_0081.mp4,165
E3AHJ6-QS8M_E_003458_003553_A_0041_0042.mp4,165
E3AHJ6-QS8M_E_003458_003553_A_0077_0078.mp4,168
E3AHJ6-QS8M_E_004008_004096_A_0029_0030.mp4,165
E3AHJ6-QS8M_E_004008_004096_A_0045_0046.mp4,162
E3AHJ6-QS8M_E_004008_004096_A_0067_0068.mp4,168
E3AHJ6-QS8M_E_005018_005100_A_0035_0036.mp4,165
E3AHJ6-QS8M_E_005620_005701_A_0061_0062.mp4,165
EFvDqOF1sCk_E_000211_000308_A_0045_0046.mp4,162
EFvDqOF1sCk_E_000211_000308_A_0050_0052.mp4,165
EFvDqOF1sCk_E_001344_001432_A_0013_0014.mp4,168
EFvDqOF1sCk_E_001344_001432_A_0067_0068.mp4,165
EFvDqOF1sCk_E_001760_001851_A_0024_0025.mp4,165
EFvDqOF1sCk_E_001760_001851_A_0050_0051.mp4,167
EFvDqOF1sCk_E_001760_001851_A_0073_0074.mp4,168
EKb2MMJSoeI_E_000718_000807_A_0068_0069.mp4,165
EKb2MMJSoeI_E_000871_000964_A_0015_0016.mp4,165
EKb2MMJSoeI_E_001066_001160_A_0009_0010.mp4,168
EKb2MMJSoeI_E_001066_001160_A_0064_0066.mp4,165
EKb2MMJSoeI_E_001412_001503_A_0022_0023.mp4,168
EKb2MMJSoeI_E_001806_001893_A_0048_0049.mp4,165
EKb2MMJSoeI_E_001806_001893_A_0070_0071.mp4,168
EizeIkrDtQk_E_003303_003392_A_0025_0026.mp4,168
EizeIkrDtQk_E_003531_003615_A_0057_0058.mp4,165
EizeIkrDtQk_E_003742_003833_A_0011_0012.mp4,165
EizeIkrDtQk_E_003742_003833_A_0013_0014.mp4,162
EizeIkrDtQk_E_003994_004087_A_0038_0039.mp4,168
EizeIkrDtQk_E_004205_004296_A_0032_0033.mp4,167
EizeIkrDtQk_E_004205_004296_A_0033_0034.mp4,165
EizeIkrDtQk_E_004205_004296_A_0049_0050.mp4,162
EizeIkrDtQk_E_004488_004590_A_0038_0039.mp4,167
EizeIkrDtQk_E_004488_004590_A_0086_0087.mp4,168
EizeIkrDtQk_E_004741_004847_A_0027_0028.mp4,165
EizeIkrDtQk_E_004741_004847_A_0055_0056.mp4,167
EizeIkrDtQk_E_004741_004847_A_0084_0085.mp4,168
EizeIkrDtQk_E_004992_005082_A_0030_0031.mp4,165
EizeIkrDtQk_E_004992_005082_A_0060_0061.mp4,168
EizeIkrDtQk_E_004992_005082_A_0069_0070.mp4,167
FEWTGYiWEaQ_E_000759_000847_A_0033_0034.mp4,165
FEWTGYiWEaQ_E_000759_000847_A_0034_0035.mp4,162
FEWTGYiWEaQ_E_000759_000847_A_0068_0069.mp4,166
FEWTGYiWEaQ_E_002228_002317_A_0017_0018.mp4,168
FEWTGYiWEaQ_E_002228_002317_A_0054_0055.mp4,162
FEWTGYiWEaQ_E_002228_002317_A_0066_0067.mp4,165
FEWTGYiWEaQ_E_002679_002778_A_0022_0023.mp4,165
FEWTGYiWEaQ_E_002940_003038_A_0054_0055.mp4,165
FEWTGYiWEaQ_E_002940_003038_A_0085_0086.mp4,162
FEWTGYiWEaQ_E_003571_003651_A_0017_0018.mp4,165
FEWTGYiWEaQ_E_003571_003651_A_0019_0020.mp4,162
FEWTGYiWEaQ_E_003571_003651_A_0054_0055.mp4,168
FEWTGYiWEaQ_E_005570_005662_A_0078_0079.mp4,165
FNEeMvHmuEw_E_001002_001098_A_0024_0025.mp4,165
FNEeMvHmuEw_E_001002_001098_A_0080_0081.mp4,168
FNEeMvHmuEw_E_002858_002957_A_0071_0072.mp4,165
FNEeMvHmuEw_E_003104_003195_A_0050_0051.mp4,165
FNEeMvHmuEw_E_003104_003195_A_0052_0053.mp4,162
FNEeMvHmuEw_E_003104_003195_A_0061_0062.mp4,166
FNEeMvHmuEw_E_003352_003447_A_0049_0050.mp4,165
FNEeMvHmuEw_E_003352_003447_A_0051_0053.mp4,162
FNEeMvHmuEw_E_004713_004833_A_0052_0053.mp4,167
FNEeMvHmuEw_E_004713_004833_A_0065_0066.mp4,168
FNEeMvHmuEw_E_004713_004833_A_0087_0088.mp4,165
FNEeMvHmuEw_E_004713_004833_A_0101_0102.mp4,165
FNEeMvHmuEw_E_005038_005133_A_0025_0026.mp4,167
FNEeMvHmuEw_E_005038_005133_A_0060_0061.mp4,165
FNEeMvHmuEw_E_005038_005133_A_0062_0063.mp4,162
FNEeMvHmuEw_E_005284_005375_A_0049_0050.mp4,165
FNEeMvHmuEw_E_005284_005375_A_0051_0052.mp4,162
FNEeMvHmuEw_E_005579_005678_A_0061_0062.mp4,165
GEjRXo8Dvwc_E_001051_001144_A_0035_0036.mp4,164
GEjRXo8Dvwc_E_001051_001144_A_0073_0074.mp4,165
GEjRXo8Dvwc_E_001553_001637_A_0046_0047.mp4,165
GEjRXo8Dvwc_E_001553_001637_A_0048_0049.mp4,162
GEjRXo8Dvwc_E_001553_001637_A_0066_0067.mp4,168
GEjRXo8Dvwc_E_002719_002803_A_0048_0049.mp4,165
GEjRXo8Dvwc_E_002719_002803_A_0050_0051.mp4,162
GEjRXo8Dvwc_E_002937_003018_A_0044_0045.mp4,165
GEjRXo8Dvwc_E_002937_003018_A_0046_0047.mp4,162
GEjRXo8Dvwc_E_002937_003018_A_0066_0067.mp4,168
GEjRXo8Dvwc_E_003419_003512_A_0029_0030.mp4,165
GEjRXo8Dvwc_E_003419_003512_A_0030_0031.mp4,167
GEjRXo8Dvwc_E_003419_003512_A_0075_0076.mp4,168
GEjRXo8Dvwc_E_004038_004126_A_0047_0048.mp4,165
GEjRXo8Dvwc_E_004843_004940_A_0065_0066.mp4,165
GEjRXo8Dvwc_E_004843_004940_A_0067_0069.mp4,162
GEjRXo8Dvwc_E_004843_004940_A_0077_0078.mp4,163
GF8D7Dx2mhs_E_002418_002520_A_0029_0030.mp4,165
GF8D7Dx2mhs_E_002418_002520_A_0068_0069.mp4,168
GF8D7Dx2mhs_E_002418_002520_A_0080_0081.mp4,162
GF8D7Dx2mhs_E_002580_002675_A_0014_0015.mp4,165
GF8D7Dx2mhs_E_002580_002675_A_0016_0017.mp4,162
GF8D7Dx2mhs_E_002580_002675_A_0066_0067.mp4,167
GF8D7Dx2mhs_E_002897_003001_A_0079_0080.mp4,165
GF8D7Dx2mhs_E_003366_003462_A_0035_0036.mp4,165
GF8D7Dx2mhs_E_003366_003462_A_0037_0038.mp4,162
GF8D7Dx2mhs_E_003366_003462_A_0063_0064.mp4,168
GF8D7Dx2mhs_E_003366_003462_A_0073_0074.mp4,167
GF8D7Dx2mhs_E_003830_003929_A_0043_0044.mp4,168
GF8D7Dx2mhs_E_005021_005119_A_0032_0033.mp4,165
GF8D7Dx2mhs_E_005021_005119_A_0033_0034.mp4,167
GF8D7Dx2mhs_E_005021_005119_A_0081_0082.mp4,168
GF8D7Dx2mhs_E_005490_005584_A_0039_0040.mp4,165
GF8D7Dx2mhs_E_005490_005584_A_0068_0069.mp4,168
GF8D7Dx2mhs_E_005965_006058_A_0013_0014.mp4,165
GF8D7Dx2mhs_E_005965_006058_A_0014_0015.mp4,162
GbUQwE9N3aM_E_000484_000576_A_0020_0021.mp4,165
GbUQwE9N3aM_E_000484_000576_A_0022_0023.mp4,162
GbUQwE9N3aM_E_003060_003144_A_0045_0046.mp4,165
GbUQwE9N3aM_E_003060_003144_A_0061_0062.mp4,162
GbUQwE9N3aM_E_005590_005701_A_0028_0029.mp4,162
GbUQwE9N3aM_E_005590_005701_A_0062_0064.mp4,164
GbUQwE9N3aM_E_005590_005701_A_0092_0093.mp4,168
GbUQwE9N3aM_E_005921_006007_A_0023_0024.mp4,165
GbUQwE9N3aM_E_005921_006007_A_0025_0027.mp4,162
GbUQwE9N3aM_E_005921_006007_A_0059_0060.mp4,168
GbUQwE9N3aM_E_006303_006390_A_0027_0028.mp4,165
GbUQwE9N3aM_E_006303_006390_A_0029_0030.mp4,162
GbUQwE9N3aM_E_006716_006808_A_0016_0017.mp4,168
GbUQwE9N3aM_E_006716_006808_A_0062_0063.mp4,165
Gng3ezTNGog_E_001407_001502_A_0047_0048.mp4,165
Gng3ezTNGog_E_001407_001502_A_0077_0078.mp4,168
Gng3ezTNGog_E_003049_003171_A_0092_0093.mp4,165
Gng3ezTNGog_E_003049_003171_A_0099_0100.mp4,166
Gng3ezTNGog_E_003792_003888_A_0043_0044.mp4,165
Gng3ezTNGog_E_004003_004102_A_0034_0036.mp4,162
Gng3ezTNGog_E_004003_004102_A_0073_0074.mp4,165
Gng3ezTNGog_E_004253_004343_A_0070_0071.mp4,165
I1OMnMSk1Lg_E_001021_001113_A_0029_0030.mp4,165
I1OMnMSk1Lg_E_001021_001113_A_0030_0031.mp4,167
I1OMnMSk1Lg_E_001021_001113_A_0075_0076.mp4,168
I1OMnMSk1Lg_E_002700_002803_A_0016_0017.mp4,165
I1OMnMSk1Lg_E_002700_002803_A_0018_0019.mp4,162
I1OMnMSk1Lg_E_003913_004003_A_0048_0049.mp4,165
I1OMnMSk1Lg_E_003913_004003_A_0052_0053.mp4,162
I1OMnMSk1Lg_E_003913_004003_A_0071_0072.mp4,168
I1OMnMSk1Lg_E_004695_004794_A_0048_0049.mp4,168
I1OMnMSk1Lg_E_004695_004794_A_0058_0059.mp4,165
I1OMnMSk1Lg_E_004695_004794_A_0060_0061.mp4,162
IP96HTdCvWs_E_001014_001114_A_0041_0042.mp4,165
IP96HTdCvWs_E_003721_003812_A_0021_0022.mp4,164
IP96HTdCvWs_E_003942_004037_A_0040_0041.mp4,165
IP96HTdCvWs_E_003942_004037_A_0058_0059.mp4,166
IP96HTdCvWs_E_004409_004518_A_0068_0069.mp4,165
IWFgo-tEEs8_E_001345_001431_A_0014_0015.mp4,168
IWFgo-tEEs8_E_001491_001590_A_0010_0011.mp4,167
IWFgo-tEEs8_E_001491_001590_A_0028_0029.mp4,168
IWFgo-tEEs8_E_001703_001806_A_0040_0041.mp4,165
IWFgo-tEEs8_E_001703_001806_A_0042_0043.mp4,162
IWFgo-tEEs8_E_001703_001806_A_0070_0071.mp4,168
IWFgo-tEEs8_E_001703_001806_A_0080_0081.mp4,167
IWFgo-tEEs8_E_001895_002004_A_0062_0063.mp4,167
IWFgo-tEEs8_E_001895_002004_A_0087_0088.mp4,165
IWFgo-tEEs8_E_002114_002232_A_0085_0086.mp4,165
IWFgo-tEEs8_E_002341_002433_A_0030_0031.mp4,168
IZy40LwRdbM_E_001998_002122_A_0037_0038.mp4,168
IZy40LwRdbM_E_001998_002122_A_0088_0089.mp4,165
IZy40LwRdbM_E_002361_002435_A_0034_0035.mp4,165
IZy40LwRdbM_E_002566_002666_A_0012_0014.mp4,165
IZy40LwRdbM_E_002975_003051_A_0033_0034.mp4,162
IZy40LwRdbM_E_002975_003051_A_0051_0052.mp4,165
IZy40LwRdbM_E_003345_003434_A_0067_0068.mp4,165
IZy40LwRdbM_E_003559_003653_A_0020_0021.mp4,162
IZy40LwRdbM_E_003559_003653_A_0082_0083.mp4,165
ItBRb9LB-VI_E_000070_000159_A_0054_0055.mp4,165
ItBRb9LB-VI_E_000281_000370_A_0043_0044.mp4,165
ItBRb9LB-VI_E_000281_000370_A_0055_0056.mp4,168
ItBRb9LB-VI_E_000651_000746_A_0034_0035.mp4,165
ItBRb9LB-VI_E_000651_000746_A_0035_0036.mp4,162
ItBRb9LB-VI_E_000813_000901_A_0016_0017.mp4,165
ItBRb9LB-VI_E_000813_000901_A_0035_0036.mp4,168
ItBRb9LB-VI_E_001152_001247_A_0024_0025.mp4,165
ItBRb9LB-VI_E_001152_001247_A_0048_0049.mp4,168
ItBRb9LB-VI_E_001663_001750_A_0035_0036.mp4,168
ItBRb9LB-VI_E_001753_001844_A_0017_0018.mp4,162
ItBRb9LB-VI_E_001753_001844_A_0051_0052.mp4,164
ItBRb9LB-VI_E_001753_001844_A_0058_0059.mp4,165
ItBRb9LB-VI_E_001753_001844_A_0071_0072.mp4,166
ItBRb9LB-VI_E_001983_002081_A_0023_0024.mp4,167
ItBRb9LB-VI_E_001983_002081_A_0046_0047.mp4,165
ItBRb9LB-VI_E_001983_002081_A_0048_0049.mp4,162
ItBRb9LB-VI_E_001983_002081_A_0061_0062.mp4,163
ItBRb9LB-VI_E_002508_002602_A_0037_0038.mp4,165
ItBRb9LB-VI_E_002508_002602_A_0071_0072.mp4,166
JHqcbeKepSg_E_001145_001242_A_0022_0023.mp4,165
JHqcbeKepSg_E_001145_001242_A_0024_0025.mp4,162
JHqcbeKepSg_E_002734_002819_A_0034_0035.mp4,165
JHqcbeKepSg_E_002734_002819_A_0035_0036.mp4,162
JHqcbeKepSg_E_002946_003024_A_0042_0043.mp4,165
JHqcbeKepSg_E_002946_003024_A_0044_0045.mp4,162
JHqcbeKepSg_E_004573_004674_A_0060_0061.mp4,165
JHqcbeKepSg_E_004573_004674_A_0062_0063.mp4,162
JHqcbeKepSg_E_005864_005960_A_0061_0062.mp4,165
JHqcbeKepSg_E_006566_006653_A_0027_0028.mp4,165
JHqcbeKepSg_E_006566_006653_A_0029_0030.mp4,162
JHqcbeKepSg_E_008115_008204_A_0025_0026.mp4,165
JHqcbeKepSg_E_008115_008204_A_0072_0073.mp4,168
JHqcbeKepSg_E_008639_008734_A_0032_0033.mp4,165
JHqcbeKepSg_E_008830_008916_A_0016_0017.mp4,165
JHqcbeKepSg_E_008830_008916_A_0054_0056.mp4,164
JHqcbeKepSg_E_009504_009604_A_0047_0048.mp4,165
JHqcbeKepSg_E_009504_009604_A_0049_0050.mp4,162
JHqcbeKepSg_E_010724_010816_A_0069_0070.mp4,165
JHqcbeKepSg_E_010724_010816_A_0071_0072.mp4,162
LHZAh32EoC8_E_006164_006249_A_0066_0067.mp4,165
LHZAh32EoC8_E_006354_006428_A_0035_0036.mp4,165
LHZAh32EoC8_E_006354_006428_A_0049_0050.mp4,167
LHZAh32EoC8_E_006547_006635_A_0046_0047.mp4,165
LHZAh32EoC8_E_006547_006635_A_0048_0049.mp4,162
LHZAh32EoC8_E_006755_006845_A_0024_0025.mp4,165
LHZAh32EoC8_E_006755_006845_A_0025_0026.mp4,162
LHZAh32EoC8_E_007049_007136_A_0042_0043.mp4,167
LHZAh32EoC8_E_007049_007136_A_0068_0069.mp4,165
LHZAh32EoC8_E_007266_007361_A_0026_0028.mp4,165
LHZAh32EoC8_E_007464_007543_A_0058_0059.mp4,165
LHZAh32EoC8_E_007464_007543_A_0059_0060.mp4,167
LHZAh32EoC8_E_007663_007755_A_0022_0023.mp4,162
LHZAh32EoC8_E_007663_007755_A_0077_0078.mp4,168
Lt0HnPxdzHw_E_003265_003364_A_0015_0016.mp4,164
Lt0HnPxdzHw_E_003265_003364_A_0050_0051.mp4,162
Lt0HnPxdzHw_E_003265_003364_A_0059_0060.mp4,167
Lt0HnPxdzHw_E_003509_003589_A_0021_0022.mp4,165
Lt0HnPxdzHw_E_003691_003784_A_0047_0048.mp4,165
Lt0HnPxdzHw_E_003901_004001_A_0048_0049.mp4,165
Lt0HnPxdzHw_E_004143_004229_A_0062_0063.mp4,165
Lt0HnPxdzHw_E_004521_004673_A_0018_0019.mp4,165
Lt0HnPxdzHw_E_004712_004795_A_0039_0040.mp4,165
Lt0HnPxdzHw_E_004893_004985_A_0066_0067.mp4,165
Lt0HnPxdzHw_E_005075_005162_A_0018_0019.mp4,165
MDxIRDDWw1w_E_000957_001041_A_0061_0062.mp4,164
MDxIRDDWw1w_E_002906_003003_A_0018_0019.mp4,162
MDxIRDDWw1w_E_002906_003003_A_0052_0053.mp4,167
MDxIRDDWw1w_E_002906_003003_A_0073_0074.mp4,165
MDxIRDDWw1w_E_003563_003651_A_0016_0017.mp4,165
MDxIRDDWw1w_E_003563_003651_A_0072_0073.mp4,168
MDxIRDDWw1w_E_003934_004027_A_0015_0016.mp4,165
MVLZz2J6tcE_E_000338_000427_A_0031_0032.mp4,165
MVLZz2J6tcE_E_000338_000427_A_0033_0034.mp4,162
MVLZz2J6tcE_E_000622_000708_A_0059_0060.mp4,165
MVLZz2J6tcE_E_000622_000708_A_0061_0062.mp4,162
MVLZz2J6tcE_E_001047_001140_A_0072_0073.mp4,165
MVLZz2J6tcE_E_001399_001490_A_0064_0065.mp4,165
MVLZz2J6tcE_E_001399_001490_A_0066_0067.mp4,162
MVLZz2J6tcE_E_001862_001954_A_0024_0025.mp4,168
MVLZz2J6tcE_E_001862_001954_A_0070_0071.mp4,165
MVLZz2J6tcE_E_002123_002211_A_0022_0023.mp4,168
MVLZz2J6tcE_E_002123_002211_A_0036_0037.mp4,165
MVLZz2J6tcE_E_002123_002211_A_0038_0039.mp4,162
MVLZz2J6tcE_E_002837_002932_A_0027_0029.mp4,164
MVLZz2J6tcE_E_002837_002932_A_0075_0076.mp4,162
MyrqGZXxpsY_E_002280_002375_A_0045_0046.mp4,165
MyrqGZXxpsY_E_002280_002375_A_0046_0047.mp4,162
MyrqGZXxpsY_E_002640_002743_A_0033_0034.mp4,165
MyrqGZXxpsY_E_002640_002743_A_0034_0035.mp4,162
MyrqGZXxpsY_E_003126_003212_A_0052_0053.mp4,165
MyrqGZXxpsY_E_003126_003212_A_0054_0055.mp4,162
MyrqGZXxpsY_E_003126_003212_A_0061_0062.mp4,168
MyrqGZXxpsY_E_004561_004652_A_0060_0061.mp4,165
MyrqGZXxpsY_E_005250_005349_A_0069_0070.mp4,165
MyrqGZXxpsY_E_005250_005349_A_0070_0071.mp4,162
MyrqGZXxpsY_E_005250_005349_A_0081_0082.mp4,168
MyrqGZXxpsY_E_006010_006108_A_0022_0023.mp4,165
MyrqGZXxpsY_E_006010_006108_A_0079_0080.mp4,162
MyrqGZXxpsY_E_006214_006302_A_0064_0065.mp4,165
MyrqGZXxpsY_E_006957_007044_A_0042_0043.mp4,165
MyrqGZXxpsY_E_006957_007044_A_0070_0071.mp4,162
OIJe8fQw7Wo_E_000337_000434_A_0067_0068.mp4,162
OIJe8fQw7Wo_E_000337_000434_A_0075_0076.mp4,165
OIJe8fQw7Wo_E_000797_000886_A_0044_0045.mp4,165
OIJe8fQw7Wo_E_000797_000886_A_0073_0074.mp4,168
OIJe8fQw7Wo_E_002406_002490_A_0047_0048.mp4,165
OIJe8fQw7Wo_E_002406_002490_A_0049_0050.mp4,162
OIJe8fQw7Wo_E_002406_002490_A_0060_0061.mp4,166
OIJe8fQw7Wo_E_004323_004413_A_0049_0050.mp4,165
OIJe8fQw7Wo_E_004323_004413_A_0051_0052.mp4,162
OIJe8fQw7Wo_E_005117_005206_A_0023_0024.mp4,167
OIJe8fQw7Wo_E_005117_005206_A_0057_0058.mp4,165
OIJe8fQw7Wo_E_005117_005206_A_0059_0060.mp4,162
OIJe8fQw7Wo_E_005668_005755_A_0049_0050.mp4,165
OIJe8fQw7Wo_E_005668_005755_A_0050_0051.mp4,162
P31Ht3H76ok_E_002011_002112_A_0059_0060.mp4,167
P31Ht3H76ok_E_002269_002356_A_0031_0032.mp4,165
P31Ht3H76ok_E_002269_002356_A_0043_0044.mp4,166
P31Ht3H76ok_E_002490_002579_A_0016_0017.mp4,165
P31Ht3H76ok_E_002490_002579_A_0074_0075.mp4,168
P31Ht3H76ok_E_002736_002828_A_0030_0031.mp4,165
P31Ht3H76ok_E_002736_002828_A_0049_0050.mp4,167
P31Ht3H76ok_E_002956_003055_A_0016_0017.mp4,165
P31Ht3H76ok_E_003204_003293_A_0071_0072.mp4,165
P31Ht3H76ok_E_003204_003293_A_0073_0074.mp4,166
P31Ht3H76ok_E_003437_003523_A_0049_0050.mp4,165
P31Ht3H76ok_E_003437_003523_A_0051_0052.mp4,162
P31Ht3H76ok_E_003683_003771_A_0014_0015.mp4,168
P31Ht3H76ok_E_003683_003771_A_0044_0045.mp4,165
PgNRyuavbS4_E_001348_001446_A_0056_0057.mp4,165
PgNRyuavbS4_E_002234_002327_A_0043_0044.mp4,165
PgNRyuavbS4_E_002234_002327_A_0053_0054.mp4,162
PgNRyuavbS4_E_003313_003398_A_0068_0069.mp4,165
PgNRyuavbS4_E_004291_004380_A_0029_0030.mp4,165
PgNRyuavbS4_E_004291_004380_A_0068_0069.mp4,162
PgNRyuavbS4_E_004689_004775_A_0055_0056.mp4,165
PgNRyuavbS4_E_004926_005017_A_0053_0054.mp4,165
PgNRyuavbS4_E_004926_005017_A_0055_0056.mp4,162
PgNRyuavbS4_E_005362_005456_A_0016_0017.mp4,165
PgNRyuavbS4_E_005362_005456_A_0018_0019.mp4,162
PgNRyuavbS4_E_005362_005456_A_0061_0062.mp4,168
PgNRyuavbS4_E_005571_005666_A_0043_0044.mp4,165
PgNRyuavbS4_E_006631_006713_A_0019_0020.mp4,165
PgNRyuavbS4_E_006631_006713_A_0021_0022.mp4,162
PgNRyuavbS4_E_007289_007375_A_0019_0020.mp4,165
PgNRyuavbS4_E_007289_007375_A_0046_0047.mp4,162
PgNRyuavbS4_E_007809_007899_A_0039_0040.mp4,168
PgNRyuavbS4_E_007809_007899_A_0049_0050.mp4,162
PgNRyuavbS4_E_008037_008150_A_0032_0033.mp4,165
PgNRyuavbS4_E_008037_008150_A_0035_0036.mp4,162
PgNRyuavbS4_E_008252_008338_A_0026_0027.mp4,165
PgNRyuavbS4_E_008252_008338_A_0071_0072.mp4,168
PgNRyuavbS4_E_009160_009264_A_0069_0070.mp4,165
PgNRyuavbS4_E_009160_009264_A_0074_0075.mp4,162
PgNRyuavbS4_E_009343_009423_A_0040_0041.mp4,165
PgNRyuavbS4_E_009343_009423_A_0041_0042.mp4,162
PgNRyuavbS4_E_009878_009964_A_0072_0073.mp4,168
PgNRyuavbS4_E_010052_010146_A_0045_0046.mp4,165
PgNRyuavbS4_E_010052_010146_A_0047_0048.mp4,162
QUzsdG7jyj0_E_001135_001216_A_0025_0026.mp4,165
QUzsdG7jyj0_E_001135_001216_A_0026_0027.mp4,165
QUzsdG7jyj0_E_003456_003531_A_0040_0041.mp4,165
QUzsdG7jyj0_E_003456_003531_A_0042_0043.mp4,162
QUzsdG7jyj0_E_003843_003922_A_0051_0052.mp4,165
QUzsdG7jyj0_E_005825_005901_A_0030_0031.mp4,165
QUzsdG7jyj0_E_006783_006868_A_0040_0041.mp4,165
R9XUGR-VlTg_E_002895_002995_A_0025_0026.mp4,168
R9XUGR-VlTg_E_002895_002995_A_0081_0082.mp4,165
R9XUGR-VlTg_E_003163_003249_A_0061_0062.mp4,165
R9XUGR-VlTg_E_003163_003249_A_0063_0064.mp4,162
R9XUGR-VlTg_E_003405_003498_A_0040_0041.mp4,162
R9XUGR-VlTg_E_003405_003498_A_0075_0076.mp4,168
R9XUGR-VlTg_E_003633_003728_A_0055_0056.mp4,168
R9XUGR-VlTg_E_003633_003728_A_0075_0076.mp4,165
R9XUGR-VlTg_E_003842_003937_A_0069_0070.mp4,165
R9XUGR-VlTg_E_003842_003937_A_0070_0071.mp4,162
R9XUGR-VlTg_E_004045_004136_A_0050_0051.mp4,165
R9XUGR-VlTg_E_004045_004136_A_0052_0053.mp4,162
R9XUGR-VlTg_E_004249_004345_A_0076_0077.mp4,165
RLDjrhjikT4_E_007370_007466_A_0058_0059.mp4,165
RLDjrhjikT4_E_007566_007660_A_0030_0031.mp4,165
RLDjrhjikT4_E_007977_008068_A_0076_0077.mp4,165
RLDjrhjikT4_E_007977_008068_A_0078_0079.mp4,162
RLDjrhjikT4_E_008556_008641_A_0016_0017.mp4,162
RLDjrhjikT4_E_008793_008883_A_0047_0048.mp4,165
RLDjrhjikT4_E_009014_009108_A_0016_0017.mp4,165
RLDjrhjikT4_E_009014_009108_A_0074_0075.mp4,162
RLDjrhjikT4_E_009207_009286_A_0049_0050.mp4,165
RLDjrhjikT4_E_009207_009286_A_0051_0052.mp4,162
RjpOEHmTf7I_E_000340_000426_A_0053_0054.mp4,165
RjpOEHmTf7I_E_000433_000502_A_0053_0054.mp4,165
RjpOEHmTf7I_E_001773_001858_A_0012_0013.mp4,165
RjpOEHmTf7I_E_002636_002731_A_0062_0064.mp4,165
RjpOEHmTf7I_E_002845_002905_A_0019_0020.mp4,165
RjpOEHmTf7I_E_002845_002905_A_0020_0021.mp4,165
RjpOEHmTf7I_E_003565_003635_A_0027_0028.mp4,165
RjpOEHmTf7I_E_004374_004461_A_0068_0069.mp4,165
Ry5PFp-pRmA_E_000193_000277_A_0058_0059.mp4,165
Ry5PFp-pRmA_E_000479_000572_A_0033_0034.mp4,165
Ry5PFp-pRmA_E_000479_000572_A_0053_0054.mp4,162
Ry5PFp-pRmA_E_000479_000572_A_0078_0079.mp4,164
Ry5PFp-pRmA_E_000921_001011_A_0013_0014.mp4,162
Ry5PFp-pRmA_E_000921_001011_A_0040_0041.mp4,165
Ry5PFp-pRmA_E_001200_001292_A_0039_0040.mp4,165
Ry5PFp-pRmA_E_001200_001292_A_0051_0052.mp4,168
Ry5PFp-pRmA_E_001200_001292_A_0072_0073.mp4,162
Ry5PFp-pRmA_E_002957_003046_A_0034_0036.mp4,164
Ry5PFp-pRmA_E_002957_003046_A_0064_0065.mp4,165
Ry5PFp-pRmA_E_003092_003178_A_0013_0014.mp4,168
Ry5PFp-pRmA_E_003092_003178_A_0038_0039.mp4,165
Ry5PFp-pRmA_E_003378_003478_A_0032_0033.mp4,165
Ry5PFp-pRmA_E_003378_003478_A_0048_0049.mp4,162
Ry5PFp-pRmA_E_003378_003478_A_0073_0074.mp4,168
Ry5PFp-pRmA_E_003568_003658_A_0042_0043.mp4,168
Ry5PFp-pRmA_E_003718_003807_A_0035_0036.mp4,165
Ry5PFp-pRmA_E_004001_004096_A_0053_0054.mp4,168
Ry5PFp-pRmA_E_004001_004096_A_0072_0073.mp4,165
Ry5PFp-pRmA_E_004396_004488_A_0017_0018.mp4,168
Ry5PFp-pRmA_E_004396_004488_A_0058_0059.mp4,165
TBsWos4T4OE_E_000427_000527_A_0040_0041.mp4,164
TBsWos4T4OE_E_000427_000527_A_0057_0058.mp4,162
TBsWos4T4OE_E_000657_000753_A_0065_0066.mp4,165
TBsWos4T4OE_E_001327_001422_A_0010_0011.mp4,165
TBsWos4T4OE_E_001505_001589_A_0023_0024.mp4,165
TBsWos4T4OE_E_001505_001589_A_0046_0047.mp4,162
TBsWos4T4OE_E_002088_002181_A_0021_0022.mp4,165
TBsWos4T4OE_E_002088_002181_A_0039_0041.mp4,168
TBsWos4T4OE_E_002334_002422_A_0019_0020.mp4,165
TBsWos4T4OE_E_002334_002422_A_0064_0065.mp4,168
TBsWos4T4OE_E_003151_003253_A_0011_0012.mp4,162
TBsWos4T4OE_E_003151_003253_A_0067_0068.mp4,164
TBsWos4T4OE_E_004305_004403_A_0019_0020.mp4,165
TBsWos4T4OE_E_004305_004403_A_0041_0042.mp4,162
TBsWos4T4OE_E_004305_004403_A_0081_0082.mp4,168
TBsWos4T4OE_E_004568_004663_A_0019_0020.mp4,165
TBsWos4T4OE_E_004568_004663_A_0035_0036.mp4,162
TBsWos4T4OE_E_004568_004663_A_0059_0060.mp4,168
TBsWos4T4OE_E_004811_004905_A_0040_0042.mp4,165
TBsWos4T4OE_E_004811_004905_A_0053_0054.mp4,168
TBsWos4T4OE_E_004811_004905_A_0073_0074.mp4,162
TCiufCzMtDs_E_001366_001455_A_0019_0020.mp4,165
TCiufCzMtDs_E_001366_001455_A_0050_0051.mp4,168
TCiufCzMtDs_E_002260_002356_A_0018_0019.mp4,166
TCiufCzMtDs_E_002260_002356_A_0052_0053.mp4,165
TCiufCzMtDs_E_003064_003147_A_0023_0024.mp4,165
TCiufCzMtDs_E_003064_003147_A_0043_0044.mp4,162
TCiufCzMtDs_E_003733_003816_A_0013_0014.mp4,168
TCiufCzMtDs_E_003733_003816_A_0054_0056.mp4,165
TXpgPT5Jdiw_E_003773_003859_A_0057_0059.mp4,162
TXpgPT5Jdiw_E_004001_004092_A_0043_0045.mp4,164
TXpgPT5Jdiw_E_004001_004092_A_0076_0077.mp4,165
TXpgPT5Jdiw_E_004224_004309_A_0023_0024.mp4,168
TXpgPT5Jdiw_E_004224_004309_A_0060_0061.mp4,167
TXpgPT5Jdiw_E_004459_004543_A_0018_0019.mp4,165
TXpgPT5Jdiw_E_004459_004543_A_0021_0022.mp4,162
TXpgPT5Jdiw_E_004459_004543_A_0050_0051.mp4,168
TXpgPT5Jdiw_E_004666_004760_A_0069_0070.mp4,165
cSh74jSRht8_E_005257_005376_A_0100_0101.mp4,165
cSh74jSRht8_E_005490_005565_A_0049_0050.mp4,165
dqUNtY2GwW4_E_001860_001955_A_0076_0077.mp4,165
dqUNtY2GwW4_E_002272_002360_A_0061_0062.mp4,165
dqUNtY2GwW4_E_006634_006744_A_0028_0029.mp4,165
e3EsDlpNo0c_E_002003_002088_A_0063_0064.mp4,162
e3EsDlpNo0c_E_002003_002088_A_0071_0072.mp4,165
e3EsDlpNo0c_E_002738_002833_A_0037_0038.mp4,164
e3EsDlpNo0c_E_002738_002833_A_0056_0057.mp4,165
e3EsDlpNo0c_E_002738_002833_A_0057_0058.mp4,162
e3EsDlpNo0c_E_003189_003289_A_0029_0030.mp4,168
e3EsDlpNo0c_E_003189_003289_A_0083_0084.mp4,165
e3EsDlpNo0c_E_003857_003958_A_0019_0020.mp4,168
e3EsDlpNo0c_E_003857_003958_A_0052_0053.mp4,162
e3EsDlpNo0c_E_003857_003958_A_0083_0084.mp4,165
e3EsDlpNo0c_E_004207_004301_A_0068_0069.mp4,165
e3EsDlpNo0c_E_004207_004301_A_0070_0071.mp4,162
e3EsDlpNo0c_E_004571_004661_A_0052_0053.mp4,165
e3EsDlpNo0c_E_004571_004661_A_0054_0055.mp4,162
e3EsDlpNo0c_E_004848_004926_A_0024_0025.mp4,164
e3EsDlpNo0c_E_004848_004926_A_0045_0046.mp4,165
e3EsDlpNo0c_E_004848_004926_A_0047_0048.mp4,162
e3EsDlpNo0c_E_005030_005129_A_0039_0040.mp4,165
e3EsDlpNo0c_E_005030_005129_A_0058_0059.mp4,162
e3EsDlpNo0c_E_005562_005653_A_0038_0039.mp4,168
e3EsDlpNo0c_E_005562_005653_A_0064_0065.mp4,165
e3EsDlpNo0c_E_005562_005653_A_0066_0067.mp4,162
e3EsDlpNo0c_E_006000_006094_A_0043_0044.mp4,168
e3EsDlpNo0c_E_006000_006094_A_0073_0074.mp4,165
e3EsDlpNo0c_E_006296_006394_A_0059_0060.mp4,165
e3EsDlpNo0c_E_006565_006650_A_0035_0036.mp4,165
e3EsDlpNo0c_E_006565_006650_A_0037_0038.mp4,162
e3EsDlpNo0c_E_007447_007542_A_0054_0055.mp4,168
e3EsDlpNo0c_E_007447_007542_A_0074_0075.mp4,165
e3EsDlpNo0c_E_007745_007837_A_0053_0054.mp4,165
e3EsDlpNo0c_E_008034_008131_A_0040_0041.mp4,165
e3EsDlpNo0c_E_008427_008518_A_0048_0049.mp4,165
e3EsDlpNo0c_E_008642_008745_A_0032_0034.mp4,164
e3EsDlpNo0c_E_008642_008745_A_0082_0083.mp4,165
e3EsDlpNo0c_E_008642_008745_A_0083_0084.mp4,162
eH-ZgOT8ASM_E_005242_005335_A_0023_0024.mp4,164
eH-ZgOT8ASM_E_005865_005953_A_0043_0044.mp4,165
eH-ZgOT8ASM_E_005865_005953_A_0045_0046.mp4,162
eH-ZgOT8ASM_E_006076_006174_A_0052_0053.mp4,165
eH-ZgOT8ASM_E_006308_006401_A_0034_0035.mp4,167
eH-ZgOT8ASM_E_006308_006401_A_0051_0052.mp4,165
eH-ZgOT8ASM_E_006308_006401_A_0065_0066.mp4,168
eH-ZgOT8ASM_E_006539_006626_A_0034_0035.mp4,165
eH-ZgOT8ASM_E_006754_006845_A_0043_0044.mp4,165
eH-ZgOT8ASM_E_006754_006845_A_0064_0065.mp4,168
eH-ZgOT8ASM_E_006965_007066_A_0056_0057.mp4,164
esQQbBhuXbM_E_001555_001660_A_0036_0037.mp4,168
esQQbBhuXbM_E_001555_001660_A_0088_0089.mp4,165
esQQbBhuXbM_E_001729_001817_A_0045_0046.mp4,165
esQQbBhuXbM_E_001729_001817_A_0047_0048.mp4,162
esQQbBhuXbM_E_001983_002075_A_0040_0041.mp4,165
esQQbBhuXbM_E_001983_002075_A_0072_0073.mp4,168
esQQbBhuXbM_E_002839_002936_A_0009_0010.mp4,164
esQQbBhuXbM_E_002839_002936_A_0038_0039.mp4,165
esQQbBhuXbM_E_002839_002936_A_0054_0055.mp4,162
esQQbBhuXbM_E_003627_003707_A_0033_0034.mp4,165
esQQbBhuXbM_E_004023_004118_A_0022_0023.mp4,162
esQQbBhuXbM_E_004550_004643_A_0066_0067.mp4,165
esQQbBhuXbM_E_004550_004643_A_0068_0069.mp4,162
esQQbBhuXbM_E_005311_005396_A_0014_0015.mp4,165
esQQbBhuXbM_E_005524_005621_A_0069_0070.mp4,165
esQQbBhuXbM_E_005524_005621_A_0070_0071.mp4,162
esQQbBhuXbM_E_005743_005837_A_0044_0045.mp4,162
esQQbBhuXbM_E_005743_005837_A_0067_0068.mp4,168
esQQbBhuXbM_E_006050_006138_A_0056_0057.mp4,165
esQQbBhuXbM_E_006050_006138_A_0075_0076.mp4,162
esQQbBhuXbM_E_006621_006716_A_0071_0072.mp4,165
f-1FbFegbuQ_E_000659_000757_A_0042_0043.mp4,165
f-1FbFegbuQ_E_000659_000757_A_0063_0064.mp4,168
f-1FbFegbuQ_E_001393_001492_A_0080_0081.mp4,162
f-1FbFegbuQ_E_001909_001999_A_0047_0048.mp4,162
f-1FbFegbuQ_E_001909_001999_A_0065_0067.mp4,165
f-1FbFegbuQ_E_002967_003059_A_0039_0040.mp4,164
f-1FbFegbuQ_E_002967_003059_A_0074_0075.mp4,162
f-1FbFegbuQ_E_003205_003303_A_0014_0015.mp4,164
f-1FbFegbuQ_E_003205_003303_A_0078_0079.mp4,165
f-1FbFegbuQ_E_003671_003768_A_0073_0074.mp4,165
f-1FbFegbuQ_E_004010_004109_A_0027_0029.mp4,164
f-1FbFegbuQ_E_004010_004109_A_0062_0063.mp4,162
f-1FbFegbuQ_E_004010_004109_A_0078_0079.mp4,165
f-1FbFegbuQ_E_004501_004593_A_0023_0024.mp4,165
f6k7PBGgeb4_E_001423_001540_A_0080_0081.mp4,165
f6k7PBGgeb4_E_002492_002591_A_0040_0041.mp4,165
f6k7PBGgeb4_E_002713_002818_A_0039_0040.mp4,165
f6k7PBGgeb4_E_002713_002818_A_0041_0042.mp4,162
f6k7PBGgeb4_E_003078_003172_A_0035_0037.mp4,165
f6k7PBGgeb4_E_003078_003172_A_0062_0063.mp4,162
f6k7PBGgeb4_E_005003_005105_A_0043_0044.mp4,168
f6k7PBGgeb4_E_005622_005734_A_0038_0039.mp4,162
f6k7PBGgeb4_E_005916_006001_A_0020_0021.mp4,168
f6k7PBGgeb4_E_005916_006001_A_0067_0068.mp4,165
fDa0HpoXES4_E_001129_001227_A_0073_0074.mp4,165
fDa0HpoXES4_E_001378_001463_A_0044_0045.mp4,165
fDa0HpoXES4_E_001378_001463_A_0046_0047.mp4,162
fDa0HpoXES4_E_001830_001920_A_0051_0052.mp4,165
fDa0HpoXES4_E_001830_001920_A_0052_0053.mp4,162
fDa0HpoXES4_E_002365_002452_A_0022_0023.mp4,167
fDa0HpoXES4_E_002365_002452_A_0056_0057.mp4,165
fDa0HpoXES4_E_002928_003033_A_0052_0053.mp4,167
fDa0HpoXES4_E_002928_003033_A_0065_0066.mp4,168
fDa0HpoXES4_E_002928_003033_A_0086_0087.mp4,165
fDa0HpoXES4_E_003391_003478_A_0071_0072.mp4,168
fDa0HpoXES4_E_003661_003749_A_0057_0058.mp4,165
fDa0HpoXES4_E_004892_004976_A_0048_0049.mp4,162
fDa0HpoXES4_E_004892_004976_A_0059_0060.mp4,166
fH-VYYl9elA_E_000445_000541_A_0077_0079.mp4,165
fH-VYYl9elA_E_000770_000856_A_0031_0032.mp4,165
fH-VYYl9elA_E_000770_000856_A_0033_0034.mp4,162
fH-VYYl9elA_E_000770_000856_A_0057_0058.mp4,168
fH-VYYl9elA_E_001061_001152_A_0023_0024.mp4,168
fH-VYYl9elA_E_001061_001152_A_0036_0037.mp4,165
fH-VYYl9elA_E_001061_001152_A_0042_0043.mp4,162
fH-VYYl9elA_E_003964_004053_A_0030_0031.mp4,165
fH-VYYl9elA_E_003964_004053_A_0032_0033.mp4,162
fH-VYYl9elA_E_004491_004578_A_0056_0057.mp4,162
fH-VYYl9elA_E_004491_004578_A_0073_0074.mp4,165
fH-VYYl9elA_E_004722_004816_A_0055_0056.mp4,168
gDmmqalpisc_E_000884_000975_A_0015_0016.mp4,165
gDmmqalpisc_E_000884_000975_A_0063_0064.mp4,162
gDmmqalpisc_E_001159_001247_A_0008_0009.mp4,165
gDmmqalpisc_E_001159_001247_A_0025_0026.mp4,168
gDmmqalpisc_E_001433_001530_A_0024_0026.mp4,165
gDmmqalpisc_E_001433_001530_A_0045_0046.mp4,168
gDmmqalpisc_E_001687_001782_A_0025_0026.mp4,166
gDmmqalpisc_E_001993_002100_A_0024_0025.mp4,165
gDmmqalpisc_E_001993_002100_A_0050_0051.mp4,168
gDmmqalpisc_E_002620_002708_A_0038_0039.mp4,165
gDmmqalpisc_E_002882_002979_A_0023_0024.mp4,165
gDmmqalpisc_E_002882_002979_A_0049_0050.mp4,167
gMNCwgXtQIw_E_001359_001453_A_0044_0045.mp4,165
gMNCwgXtQIw_E_001359_001453_A_0046_0047.mp4,162
gMNCwgXtQIw_E_001359_001453_A_0068_0069.mp4,168
gMNCwgXtQIw_E_002105_002203_A_0071_0072.mp4,162
gMNCwgXtQIw_E_002440_002535_A_0054_0055.mp4,162
gMNCwgXtQIw_E_002440_002535_A_0077_0078.mp4,165
gRgndu5MZY4_E_000039_000122_A_0038_0039.mp4,167
gRgndu5MZY4_E_000039_000122_A_0061_0062.mp4,165
hibW8s4WQmQ_E_000362_000447_A_0062_0063.mp4,162
hibW8s4WQmQ_E_000840_000936_A_0074_0075.mp4,165
hibW8s4WQmQ_E_000840_000936_A_0075_0076.mp4,162
hibW8s4WQmQ_E_001114_001207_A_0025_0026.mp4,165
hibW8s4WQmQ_E_001114_001207_A_0053_0054.mp4,162
hibW8s4WQmQ_E_002483_002573_A_0055_0056.mp4,168
hibW8s4WQmQ_E_002483_002573_A_0072_0073.mp4,165
hibW8s4WQmQ_E_002847_002939_A_0025_0026.mp4,168
hibW8s4WQmQ_E_002847_002939_A_0072_0073.mp4,165
hibW8s4WQmQ_E_003382_003477_A_0042_0043.mp4,165
hibW8s4WQmQ_E_003382_003477_A_0045_0046.mp4,162
hibW8s4WQmQ_E_003382_003477_A_0069_0070.mp4,168
hibW8s4WQmQ_E_003895_003976_A_0033_0034.mp4,165
hibW8s4WQmQ_E_003895_003976_A_0035_0036.mp4,162
hibW8s4WQmQ_E_003895_003976_A_0048_0049.mp4,168
hibW8s4WQmQ_E_004285_004377_A_0021_0022.mp4,165
hibW8s4WQmQ_E_004912_005004_A_0068_0069.mp4,162
hibW8s4WQmQ_E_004912_005004_A_0077_0078.mp4,168
i87qMWsFbEI_E_001596_001696_A_0039_0040.mp4,162
i87qMWsFbEI_E_001596_001696_A_0081_0082.mp4,168
i87qMWsFbEI_E_002291_002387_A_0031_0032.mp4,165
i87qMWsFbEI_E_002291_002387_A_0058_0059.mp4,165
i87qMWsFbEI_E_002513_002613_A_0041_0042.mp4,162
i87qMWsFbEI_E_002513_002613_A_0084_0085.mp4,168
i87qMWsFbEI_E_003000_003086_A_0006_0007.mp4,165
jABvTCCWinA_E_001388_001445_A_0042_0043.mp4,168
jABvTCCWinA_E_001748_001836_A_0058_0059.mp4,165
jABvTCCWinA_E_001748_001836_A_0060_0061.mp4,162
jABvTCCWinA_E_004593_004684_A_0022_0024.mp4,165
jABvTCCWinA_E_004593_004684_A_0048_0049.mp4,162
jABvTCCWinA_E_005010_005080_A_0013_0014.mp4,168
ji4smBYYANs_E_002000_002087_A_0041_0042.mp4,168
ji4smBYYANs_E_002000_002087_A_0068_0070.mp4,165
ji4smBYYANs_E_002000_002087_A_0070_0071.mp4,166
ji4smBYYANs_E_002471_002560_A_0061_0062.mp4,165
ji4smBYYANs_E_002471_002560_A_0062_0063.mp4,162
ji4smBYYANs_E_003438_003542_A_0084_0085.mp4,165
ji4smBYYANs_E_004851_004944_A_0056_0057.mp4,168
ji4smBYYANs_E_004851_004944_A_0073_0074.mp4,165
ji4smBYYANs_E_005093_005168_A_0034_0035.mp4,168
ji4smBYYANs_E_005093_005168_A_0056_0057.mp4,165
ji4smBYYANs_E_005596_005687_A_0044_0045.mp4,162
ji4smBYYANs_E_005596_005687_A_0075_0076.mp4,165
jz594oTnl-k_E_001124_001218_A_0029_0030.mp4,168
jz594oTnl-k_E_001124_001218_A_0057_0058.mp4,165
jz594oTnl-k_E_002439_002537_A_0018_0019.mp4,164
jz594oTnl-k_E_002439_002537_A_0076_0077.mp4,165
jz594oTnl-k_E_002811_002904_A_0053_0054.mp4,165
jz594oTnl-k_E_003109_003201_A_0072_0073.mp4,165
jz594oTnl-k_E_003800_003894_A_0034_0036.mp4,165
jz594oTnl-k_E_004825_004924_A_0040_0041.mp4,162
jz594oTnl-k_E_004825_004924_A_0086_0087.mp4,168
jz594oTnl-k_E_005165_005257_A_0042_0043.mp4,165
k8zhOvRBjGo_E_002426_002518_A_0037_0038.mp4,165
k8zhOvRBjGo_E_002426_002518_A_0039_0041.mp4,162
k8zhOvRBjGo_E_002665_002759_A_0043_0044.mp4,165
k8zhOvRBjGo_E_002665_002759_A_0045_0047.mp4,162
k8zhOvRBjGo_E_002665_002759_A_0069_0070.mp4,168
k8zhOvRBjGo_E_003335_003429_A_0029_0030.mp4,168
k8zhOvRBjGo_E_003335_003429_A_0075_0076.mp4,165
k8zhOvRBjGo_E_003636_003732_A_0027_0028.mp4,165
k8zhOvRBjGo_E_003636_003732_A_0055_0057.mp4,162
k8zhOvRBjGo_E_004223_004305_A_0051_0052.mp4,168
k8zhOvRBjGo_E_004428_004514_A_0020_0021.mp4,165
k8zhOvRBjGo_E_004628_004724_A_0073_0074.mp4,165
k8zhOvRBjGo_E_004628_004724_A_0075_0076.mp4,162
k8zhOvRBjGo_E_004946_005037_A_0064_0065.mp4,165
k8zhOvRBjGo_E_004946_005037_A_0066_0067.mp4,162
k8zhOvRBjGo_E_005558_005650_A_0067_0068.mp4,165
k8zhOvRBjGo_E_005558_005650_A_0069_0070.mp4,162
k8zhOvRBjGo_E_005558_005650_A_0077_0078.mp4,168
lrwiYiFGQZE_E_000408_000509_A_0044_0045.mp4,165
lrwiYiFGQZE_E_000408_000509_A_0065_0066.mp4,168
lrwiYiFGQZE_E_000691_000791_A_0043_0044.mp4,165
lrwiYiFGQZE_E_000691_000791_A_0059_0060.mp4,162
lrwiYiFGQZE_E_000691_000791_A_0082_0083.mp4,168
lrwiYiFGQZE_E_000928_001022_A_0024_0025.mp4,162
lrwiYiFGQZE_E_000928_001022_A_0078_0079.mp4,168
lrwiYiFGQZE_E_001640_001728_A_0013_0014.mp4,168
lrwiYiFGQZE_E_001640_001728_A_0040_0041.mp4,165
lrwiYiFGQZE_E_001839_001929_A_0037_0038.mp4,165
lrwiYiFGQZE_E_002457_002551_A_0051_0053.mp4,162
lrwiYiFGQZE_E_002457_002551_A_0066_0067.mp4,165
lrwiYiFGQZE_E_003130_003224_A_0012_0014.mp4,164
lrwiYiFGQZE_E_003130_003224_A_0066_0067.mp4,165
mI7pLIDnTiQ_E_001556_001625_A_0049_0050.mp4,165
mI7pLIDnTiQ_E_002562_002633_A_0047_0048.mp4,165
mI7pLIDnTiQ_E_003211_003277_A_0050_0051.mp4,165
mI7pLIDnTiQ_E_003696_003774_A_0037_0038.mp4,165
mI7pLIDnTiQ_E_003973_004055_A_0050_0051.mp4,162
mI7pLIDnTiQ_E_004274_004345_A_0051_0052.mp4,165
mI7pLIDnTiQ_E_004528_004594_A_0016_0017.mp4,165
mI7pLIDnTiQ_E_004528_004594_A_0049_0050.mp4,168
mQ59PLtU4QA_E_003788_003881_A_0039_0040.mp4,165
mQ59PLtU4QA_E_004233_004327_A_0025_0026.mp4,165
mQ59PLtU4QA_E_004233_004327_A_0026_0027.mp4,162
mQ59PLtU4QA_E_004416_004508_A_0018_0019.mp4,168
mQ59PLtU4QA_E_004873_004973_A_0032_0033.mp4,164
mQ59PLtU4QA_E_004873_004973_A_0046_0047.mp4,165
mQ59PLtU4QA_E_004873_004973_A_0048_0049.mp4,162
mQ59PLtU4QA_E_005075_005173_A_0017_0018.mp4,165
mQ59PLtU4QA_E_005270_005363_A_0068_0069.mp4,165
mQ59PLtU4QA_E_005270_005363_A_0076_0077.mp4,162
mQ59PLtU4QA_E_005524_005611_A_0015_0016.mp4,168
mQ59PLtU4QA_E_005524_005611_A_0066_0067.mp4,165
n9-yxVGYMRw_E_000870_000969_A_0025_0026.mp4,168
n9-yxVGYMRw_E_000870_000969_A_0071_0072.mp4,165
n9-yxVGYMRw_E_001113_001212_A_0072_0073.mp4,165
n9-yxVGYMRw_E_002213_002303_A_0047_0048.mp4,165
n9-yxVGYMRw_E_002213_002303_A_0072_0073.mp4,168
n9-yxVGYMRw_E_002409_002497_A_0029_0030.mp4,165
n9-yxVGYMRw_E_002958_003051_A_0037_0038.mp4,165
n9-yxVGYMRw_E_003385_003494_A_0024_0025.mp4,165
n9-yxVGYMRw_E_003385_003494_A_0065_0066.mp4,168
n9-yxVGYMRw_E_003689_003767_A_0054_0055.mp4,165
nSDRagdrJ-A_E_001876_001972_A_0083_0084.mp4,162
nSDRagdrJ-A_E_002160_002259_A_0050_0051.mp4,165
nSDRagdrJ-A_E_002160_002259_A_0087_0088.mp4,162
nSDRagdrJ-A_E_003955_004034_A_0016_0017.mp4,165
nSDRagdrJ-A_E_003955_004034_A_0018_0019.mp4,162
nSDRagdrJ-A_E_003955_004034_A_0061_0062.mp4,168
nSDRagdrJ-A_E_004168_004249_A_0028_0029.mp4,165
nSDRagdrJ-A_E_004168_004249_A_0068_0069.mp4,162
nSDRagdrJ-A_E_004504_004608_A_0064_0065.mp4,162
nSDRagdrJ-A_E_004504_004608_A_0086_0087.mp4,165
nSDRagdrJ-A_E_004737_004824_A_0036_0037.mp4,165
nSDRagdrJ-A_E_004737_004824_A_0038_0039.mp4,162
nSDRagdrJ-A_E_004737_004824_A_0073_0074.mp4,168
om-qKQXxnH4_E_001536_001619_A_0037_0038.mp4,165
om-qKQXxnH4_E_001536_001619_A_0038_0039.mp4,162
om-qKQXxnH4_E_001536_001619_A_0051_0052.mp4,168
om-qKQXxnH4_E_001766_001855_A_0024_0025.mp4,165
om-qKQXxnH4_E_001766_001855_A_0051_0052.mp4,162
om-qKQXxnH4_E_002036_002137_A_0026_0027.mp4,168
om-qKQXxnH4_E_002036_002137_A_0076_0077.mp4,165
om-qKQXxnH4_E_002298_002384_A_0020_0021.mp4,165
om-qKQXxnH4_E_002517_002609_A_0058_0059.mp4,165
om-qKQXxnH4_E_002517_002609_A_0060_0061.mp4,162
om-qKQXxnH4_E_002717_002812_A_0072_0073.mp4,165
om-qKQXxnH4_E_002717_002812_A_0073_0074.mp4,162
om-qKQXxnH4_E_003936_004028_A_0037_0038.mp4,165
om-qKQXxnH4_E_003936_004028_A_0055_0056.mp4,162
om-qKQXxnH4_E_004624_004718_A_0042_0043.mp4,165
om-qKQXxnH4_E_004624_004718_A_0044_0045.mp4,162
om-qKQXxnH4_E_004624_004718_A_0068_0069.mp4,168
owZ2Fv4Li8M_E_001311_001398_A_0047_0048.mp4,165
owZ2Fv4Li8M_E_001311_001398_A_0070_0071.mp4,168
owZ2Fv4Li8M_E_001722_001812_A_0039_0040.mp4,167
owZ2Fv4Li8M_E_001722_001812_A_0052_0053.mp4,168
owZ2Fv4Li8M_E_001722_001812_A_0057_0058.mp4,162
owZ2Fv4Li8M_E_001722_001812_A_0072_0073.mp4,165
owZ2Fv4Li8M_E_001997_002085_A_0046_0047.mp4,165
owZ2Fv4Li8M_E_001997_002085_A_0048_0049.mp4,162
p42w02g4Ce4_E_000605_000700_A_0014_0015.mp4,168
p42w02g4Ce4_E_000605_000700_A_0052_0053.mp4,165
p42w02g4Ce4_E_001576_001662_A_0026_0027.mp4,165
p42w02g4Ce4_E_001576_001662_A_0066_0067.mp4,168
p42w02g4Ce4_E_003257_003351_A_0027_0028.mp4,165
p42w02g4Ce4_E_003257_003351_A_0044_0045.mp4,168
p42w02g4Ce4_E_004168_004253_A_0026_0027.mp4,165
p42w02g4Ce4_E_004601_004688_A_0046_0047.mp4,165
p42w02g4Ce4_E_004760_004855_A_0033_0034.mp4,165
p42w02g4Ce4_E_004760_004855_A_0035_0036.mp4,162
p42w02g4Ce4_E_004760_004855_A_0058_0059.mp4,168
p42w02g4Ce4_E_005153_005241_A_0014_0015.mp4,165
p42w02g4Ce4_E_005429_005518_A_0073_0074.mp4,165
p42w02g4Ce4_E_005602_005690_A_0031_0032.mp4,165
p42w02g4Ce4_E_005602_005690_A_0042_0043.mp4,162
p42w02g4Ce4_E_005832_005946_A_0040_0041.mp4,165
p42w02g4Ce4_E_005832_005946_A_0053_0054.mp4,168
p42w02g4Ce4_E_005832_005946_A_0088_0089.mp4,166
p42w02g4Ce4_E_006071_006166_A_0032_0033.mp4,165
p42w02g4Ce4_E_006380_006484_A_0037_0038.mp4,168
p42w02g4Ce4_E_006380_006484_A_0077_0078.mp4,165
pDymfQS91xI_E_000753_000849_A_0013_0014.mp4,164
pDymfQS91xI_E_000753_000849_A_0071_0072.mp4,165
pDymfQS91xI_E_001108_001187_A_0033_0034.mp4,162
pDymfQS91xI_E_001526_001622_A_0038_0039.mp4,164
pDymfQS91xI_E_001526_001622_A_0057_0058.mp4,168
pDymfQS91xI_E_001526_001622_A_0072_0073.mp4,165
pDymfQS91xI_E_003001_003095_A_0043_0044.mp4,162
pDymfQS91xI_E_003001_003095_A_0067_0068.mp4,165
pDymfQS91xI_E_003531_003628_A_0041_0042.mp4,165
pDymfQS91xI_E_003531_003628_A_0062_0063.mp4,168
pDymfQS91xI_E_005034_005137_A_0053_0054.mp4,165
pDymfQS91xI_E_005544_005642_A_0082_0083.mp4,165
qBlozVQ7NOc_E_004421_004516_A_0027_0028.mp4,168
qBlozVQ7NOc_E_004421_004516_A_0077_0078.mp4,165
qBlozVQ7NOc_E_004531_004582_A_0013_0015.mp4,168
qBlozVQ7NOc_E_004669_004785_A_0022_0023.mp4,162
qBlozVQ7NOc_E_004669_004785_A_0068_0069.mp4,167
qBlozVQ7NOc_E_004669_004785_A_0091_0092.mp4,165
qBlozVQ7NOc_E_004893_004990_A_0034_0035.mp4,165
qBlozVQ7NOc_E_004893_004990_A_0036_0037.mp4,162
qBlozVQ7NOc_E_004893_004990_A_0044_0045.mp4,167
qBlozVQ7NOc_E_005483_005583_A_0030_0031.mp4,165
qBlozVQ7NOc_E_005483_005583_A_0031_0032.mp4,162
qBlozVQ7NOc_E_005715_005797_A_0032_0033.mp4,165
qBlozVQ7NOc_E_005715_005797_A_0034_0035.mp4,162
qBlozVQ7NOc_E_005903_006002_A_0029_0030.mp4,167
qBlozVQ7NOc_E_005903_006002_A_0060_0061.mp4,165
qBlozVQ7NOc_E_005903_006002_A_0062_0063.mp4,162
qBlozVQ7NOc_E_006142_006247_A_0063_0064.mp4,168
qBlozVQ7NOc_E_006142_006247_A_0081_0082.mp4,165
qGvIwgHzCH8_E_001257_001343_A_0029_0030.mp4,166
qGvIwgHzCH8_E_001257_001343_A_0042_0043.mp4,165
qGvIwgHzCH8_E_001257_001343_A_0054_0055.mp4,162
qGvIwgHzCH8_E_001257_001343_A_0068_0069.mp4,168
qGvIwgHzCH8_E_001952_002047_A_0076_0077.mp4,165
qGvIwgHzCH8_E_003083_003171_A_0040_0041.mp4,165
qGvIwgHzCH8_E_003083_003171_A_0072_0073.mp4,168
qGvIwgHzCH8_E_003576_003657_A_0064_0065.mp4,165
qGvIwgHzCH8_E_004365_004458_A_0054_0055.mp4,168
qGvIwgHzCH8_E_004365_004458_A_0073_0074.mp4,165
qGvIwgHzCH8_E_004689_004777_A_0062_0063.mp4,165
qGvIwgHzCH8_E_004689_004777_A_0064_0065.mp4,162
qGvIwgHzCH8_E_005203_005288_A_0044_0045.mp4,168
qGvIwgHzCH8_E_005203_005288_A_0065_0066.mp4,165
qfgrzomg0nc_E_003127_003215_A_0041_0042.mp4,168
qfgrzomg0nc_E_004363_004458_A_0056_0057.mp4,165
qfgrzomg0nc_E_004363_004458_A_0058_0059.mp4,162
qfgrzomg0nc_E_005773_005869_A_0034_0035.mp4,165
qfgrzomg0nc_E_005963_006046_A_0054_0055.mp4,162
rrrgsW--AE8_E_000510_000574_A_0016_0017.mp4,165
rrrgsW--AE8_E_000683_000732_A_0028_0029.mp4,165
rrrgsW--AE8_E_000805_000856_A_0027_0029.mp4,165
rrrgsW--AE8_E_010356_010419_A_0018_0019.mp4,165
rrrgsW--AE8_E_011443_011514_A_0035_0037.mp4,166
rrrgsW--AE8_E_014738_014806_A_0048_0049.mp4,165
rrrgsW--AE8_E_020388_020434_A_0031_0032.mp4,165
rrrgsW--AE8_E_021362_021420_A_0032_0034.mp4,165
rrrgsW--AE8_E_021890_021971_A_0061_0062.mp4,165
rrrgsW--AE8_E_022683_022770_A_0067_0069.mp4,165
rrrgsW--AE8_E_022828_022884_A_0040_0041.mp4,165
rrrgsW--AE8_E_022955_023033_A_0063_0064.mp4,166
rrrgsW--AE8_E_025710_025802_A_0057_0058.mp4,165
rrrgsW--AE8_E_025710_025802_A_0058_0060.mp4,166
rrrgsW--AE8_E_025906_025990_A_0049_0050.mp4,165
rrrgsW--AE8_E_026788_026854_A_0053_0054.mp4,165
rrrgsW--AE8_E_026921_026985_A_0045_0046.mp4,165
rrrgsW--AE8_E_027065_027137_A_0043_0044.mp4,165
rrrgsW--AE8_E_027196_027275_A_0063_0064.mp4,165
rrrgsW--AE8_E_027911_027962_A_0028_0029.mp4,165
rrrgsW--AE8_E_028214_028280_A_0026_0028.mp4,165
rrrgsW--AE8_E_030228_030306_A_0021_0022.mp4,165
rrrgsW--AE8_E_030364_030454_A_0030_0031.mp4,165
rrrgsW--AE8_E_031283_031334_A_0026_0027.mp4,165
rrrgsW--AE8_E_031428_031498_A_0043_0044.mp4,165
rrrgsW--AE8_E_032090_032155_A_0041_0043.mp4,165
rrrgsW--AE8_E_032231_032318_A_0049_0050.mp4,165
rrrgsW--AE8_E_033257_033330_A_0045_0046.mp4,165
rrrgsW--AE8_E_033409_033479_A_0031_0032.mp4,165
rrrgsW--AE8_E_034219_034284_A_0017_0018.mp4,165
rrrgsW--AE8_E_034685_034749_A_0033_0035.mp4,165
rrrgsW--AE8_E_037893_037949_A_0036_0037.mp4,165
rrrgsW--AE8_E_038092_038153_A_0032_0033.mp4,165
rrrgsW--AE8_E_038248_038319_A_0031_0032.mp4,165
rrrgsW--AE8_E_038576_038651_A_0031_0032.mp4,165
rrrgsW--AE8_E_039202_039271_A_0043_0044.mp4,165
rrrgsW--AE8_E_039366_039440_A_0055_0056.mp4,165
rrrgsW--AE8_E_039562_039635_A_0037_0038.mp4,165
rrrgsW--AE8_E_040372_040422_A_0026_0027.mp4,165
rrrgsW--AE8_E_040611_040682_A_0028_0029.mp4,165
rrrgsW--AE8_E_040812_040868_A_0018_0020.mp4,165
rrrgsW--AE8_E_040979_041055_A_0058_0059.mp4,165
rrrgsW--AE8_E_041853_041932_A_0063_0065.mp4,165
rrrgsW--AE8_E_042029_042111_A_0036_0038.mp4,165
rrrgsW--AE8_E_042204_042277_A_0048_0049.mp4,165
s7pyZPf6fKU_E_002342_002437_A_0068_0069.mp4,165
s7pyZPf6fKU_E_002342_002437_A_0075_0076.mp4,166
s7pyZPf6fKU_E_002581_002679_A_0062_0063.mp4,167
s7pyZPf6fKU_E_002581_002679_A_0070_0071.mp4,165
s7pyZPf6fKU_E_003953_004025_A_0056_0057.mp4,165
s7pyZPf6fKU_E_004581_004676_A_0019_0020.mp4,168
s7pyZPf6fKU_E_004581_004676_A_0073_0074.mp4,165
s7pyZPf6fKU_E_004800_004901_A_0047_0048.mp4,165
s7pyZPf6fKU_E_004800_004901_A_0049_0050.mp4,162
s7pyZPf6fKU_E_004800_004901_A_0073_0074.mp4,168
s7pyZPf6fKU_E_005011_005098_A_0040_0041.mp4,168
s7pyZPf6fKU_E_005011_005098_A_0068_0069.mp4,165
s7pyZPf6fKU_E_005201_005284_A_0045_0046.mp4,165
s7pyZPf6fKU_E_005201_005284_A_0046_0047.mp4,162
s7pyZPf6fKU_E_005503_005595_A_0064_0065.mp4,165
s7pyZPf6fKU_E_005503_005595_A_0066_0067.mp4,162
t7Xgg9bejOM_E_002523_002623_A_0073_0074.mp4,165
t7Xgg9bejOM_E_002811_002915_A_0024_0025.mp4,165
t7Xgg9bejOM_E_002811_002915_A_0047_0048.mp4,162
t7Xgg9bejOM_E_002811_002915_A_0081_0082.mp4,166
t7Xgg9bejOM_E_003058_003151_A_0032_0033.mp4,165
t7Xgg9bejOM_E_003058_003151_A_0034_0035.mp4,162
t7Xgg9bejOM_E_003355_003450_A_0035_0036.mp4,165
t7Xgg9bejOM_E_003355_003450_A_0065_0066.mp4,162
t7Xgg9bejOM_E_003620_003694_A_0030_0031.mp4,165
t7Xgg9bejOM_E_003620_003694_A_0032_0033.mp4,162
t7Xgg9bejOM_E_003886_003985_A_0028_0029.mp4,168
t7Xgg9bejOM_E_004399_004493_A_0034_0035.mp4,165
t7Xgg9bejOM_E_004399_004493_A_0036_0037.mp4,162
0LtLS9wROrk_E_000217_000300_A_0034_0035.mp4,165
0LtLS9wROrk_E_000830_000909_A_0056_0057.mp4,165
0LtLS9wROrk_E_001140_001222_A_0062_0063.mp4,165
0LtLS9wROrk_E_001437_001520_A_0046_0047.mp4,165
0LtLS9wROrk_E_001750_001826_A_0045_0046.mp4,165
0jqn1vxdhls_E_001699_001781_A_0033_0034.mp4,162
0jqn1vxdhls_E_001699_001781_A_0052_0053.mp4,165
1Fdwuy2V9EY_E_005523_005614_A_0074_0075.mp4,168
1Fdwuy2V9EY_E_006683_006773_A_0039_0040.mp4,167
1JsRXIoR3C0_E_005725_005813_A_0042_0043.mp4,166
1sPWceVH4e8_E_004321_004413_A_0025_0026.mp4,163
1sPWceVH4e8_E_004513_004606_A_0054_0055.mp4,164
UcCTusldh6w_E_000752_000848_A_0019_0020.mp4,168
UcCTusldh6w_E_000752_000848_A_0048_0050.mp4,162
UcCTusldh6w_E_000752_000848_A_0079_0080.mp4,165
UcCTusldh6w_E_001200_001292_A_0064_0065.mp4,165
UcCTusldh6w_E_001200_001292_A_0066_0067.mp4,162
UcCTusldh6w_E_001469_001555_A_0041_0042.mp4,165
UcCTusldh6w_E_001469_001555_A_0044_0045.mp4,162
UcCTusldh6w_E_002237_002330_A_0040_0041.mp4,168
UcCTusldh6w_E_002237_002330_A_0066_0067.mp4,165
UcCTusldh6w_E_002237_002330_A_0068_0069.mp4,162
UcCTusldh6w_E_003693_003792_A_0011_0012.mp4,165
UcCTusldh6w_E_003693_003792_A_0063_0064.mp4,162
UcCTusldh6w_E_004592_004686_A_0030_0031.mp4,164
UcCTusldh6w_E_004592_004686_A_0053_0054.mp4,162
UcCTusldh6w_E_005030_005127_A_0054_0055.mp4,168
Uo7ubem-G9I_E_002678_002775_A_0057_0058.mp4,165
Uo7ubem-G9I_E_002678_002775_A_0059_0060.mp4,162
Uo7ubem-G9I_E_003006_003098_A_0029_0030.mp4,165
Uo7ubem-G9I_E_003006_003098_A_0030_0031.mp4,167
Uo7ubem-G9I_E_003006_003098_A_0075_0076.mp4,168
Uo7ubem-G9I_E_003773_003860_A_0045_0046.mp4,165
Uo7ubem-G9I_E_003773_003860_A_0048_0050.mp4,164
Uo7ubem-G9I_E_006233_006331_A_0054_0055.mp4,168
Uo7ubem-G9I_E_006522_006626_A_0045_0046.mp4,164
Uo7ubem-G9I_E_006522_006626_A_0083_0084.mp4,165
Uo7ubem-G9I_E_006522_006626_A_0084_0086.mp4,162
Uo7ubem-G9I_E_008069_008168_A_0048_0049.mp4,168
Uo7ubem-G9I_E_008069_008168_A_0058_0059.mp4,165
Uo7ubem-G9I_E_008069_008168_A_0060_0061.mp4,162
VWsVUnoyUoA_E_004371_004456_A_0022_0023.mp4,165
VWsVUnoyUoA_E_004371_004456_A_0071_0072.mp4,162
VWsVUnoyUoA_E_004575_004675_A_0034_0035.mp4,168
VWsVUnoyUoA_E_004575_004675_A_0050_0051.mp4,165
VWsVUnoyUoA_E_004859_004968_A_0040_0041.mp4,165
VWsVUnoyUoA_E_004859_004968_A_0045_0046.mp4,162
VWsVUnoyUoA_E_004859_004968_A_0077_0078.mp4,168
VWsVUnoyUoA_E_004859_004968_A_0087_0088.mp4,167
VWsVUnoyUoA_E_005081_005184_A_0059_0060.mp4,165
VWsVUnoyUoA_E_005081_005184_A_0076_0077.mp4,168
VWsVUnoyUoA_E_005539_005631_A_0023_0024.mp4,165
VWsVUnoyUoA_E_005752_005856_A_0018_0019.mp4,165
VWsVUnoyUoA_E_005752_005856_A_0024_0025.mp4,167
VWsVUnoyUoA_E_006230_006317_A_0027_0028.mp4,167
Vq-w0Jk7y7g_E_002855_002918_A_0051_0052.mp4,165
Vq-w0Jk7y7g_E_002855_002918_A_0053_0054.mp4,166
Vq-w0Jk7y7g_E_003056_003153_A_0035_0036.mp4,165
Vq-w0Jk7y7g_E_003446_003545_A_0054_0055.mp4,165
Vq-w0Jk7y7g_E_003446_003545_A_0056_0057.mp4,166
Vq-w0Jk7y7g_E_003665_003740_A_0010_0011.mp4,165
Vq-w0Jk7y7g_E_004564_004659_A_0020_0021.mp4,166
Vq-w0Jk7y7g_E_004564_004659_A_0076_0077.mp4,165
Vq-w0Jk7y7g_E_004564_004659_A_0083_0084.mp4,162
Vq-w0Jk7y7g_E_004846_004942_A_0078_0079.mp4,165
Vq-w0Jk7y7g_E_005077_005151_A_0059_0060.mp4,165
Vq-w0Jk7y7g_E_005681_005767_A_0028_0029.mp4,165
Vq-w0Jk7y7g_E_005681_005767_A_0056_0057.mp4,167
Vq-w0Jk7y7g_E_005924_006014_A_0060_0061.mp4,165
Vq-w0Jk7y7g_E_005924_006014_A_0061_0062.mp4,166
Vq-w0Jk7y7g_E_006190_006284_A_0026_0027.mp4,165
Vq-w0Jk7y7g_E_006462_006530_A_0034_0035.mp4,165
Vq-w0Jk7y7g_E_006688_006776_A_0037_0038.mp4,162
Vq-w0Jk7y7g_E_007200_007297_A_0021_0022.mp4,165
Vq-w0Jk7y7g_E_007200_007297_A_0080_0081.mp4,168
Vq-w0Jk7y7g_E_007519_007603_A_0018_0019.mp4,165
Vq-w0Jk7y7g_E_007519_007603_A_0020_0021.mp4,162
Vq-w0Jk7y7g_E_008072_008164_A_0041_0042.mp4,167
Vq-w0Jk7y7g_E_008072_008164_A_0067_0069.mp4,165
WCcSXjsCVMA_E_001087_001177_A_0054_0055.mp4,165
WCcSXjsCVMA_E_001460_001539_A_0051_0052.mp4,165
WCcSXjsCVMA_E_001460_001539_A_0056_0057.mp4,162
WCcSXjsCVMA_E_002135_002228_A_0047_0048.mp4,165
WCcSXjsCVMA_E_002135_002228_A_0050_0051.mp4,162
WCcSXjsCVMA_E_002345_002437_A_0066_0067.mp4,165
WCcSXjsCVMA_E_002345_002437_A_0077_0078.mp4,165
WCcSXjsCVMA_E_004426_004534_A_0040_0041.mp4,165
WCcSXjsCVMA_E_004426_004534_A_0049_0051.mp4,164
WCcSXjsCVMA_E_005541_005634_A_0051_0052.mp4,165
WCcSXjsCVMA_E_005906_005982_A_0013_0014.mp4,165
WCcSXjsCVMA_E_005906_005982_A_0014_0015.mp4,162
WCcSXjsCVMA_E_006812_006921_A_0052_0053.mp4,165
WCcSXjsCVMA_E_006964_007056_A_0029_0030.mp4,168
WCcSXjsCVMA_E_006964_007056_A_0051_0052.mp4,165
WCcSXjsCVMA_E_007680_007770_A_0077_0078.mp4,165
WCcSXjsCVMA_E_007876_007956_A_0062_0063.mp4,165
WCcSXjsCVMA_E_007876_007956_A_0064_0065.mp4,162
Wu1gxxpbF2o_E_001024_001119_A_0061_0062.mp4,165
Wu1gxxpbF2o_E_001466_001554_A_0042_0043.mp4,168
Wu1gxxpbF2o_E_001466_001554_A_0065_0066.mp4,165
Wu1gxxpbF2o_E_001565_001654_A_0039_0040.mp4,165
Wu1gxxpbF2o_E_001565_001654_A_0060_0061.mp4,168
Wu1gxxpbF2o_E_003020_003101_A_0038_0039.mp4,165
Wu1gxxpbF2o_E_003020_003101_A_0064_0065.mp4,168
Wu1gxxpbF2o_E_003225_003314_A_0060_0061.mp4,165
Wu1gxxpbF2o_E_003225_003314_A_0062_0063.mp4,162
Wu1gxxpbF2o_E_003637_003722_A_0055_0056.mp4,162
Wu1gxxpbF2o_E_003900_004001_A_0018_0019.mp4,168
Wu1gxxpbF2o_E_003900_004001_A_0074_0075.mp4,165
Wu1gxxpbF2o_E_004173_004253_A_0029_0030.mp4,162
Wu1gxxpbF2o_E_004173_004253_A_0057_0058.mp4,168
Wu1gxxpbF2o_E_004366_004445_A_0044_0045.mp4,165
Wu1gxxpbF2o_E_004366_004445_A_0046_0047.mp4,162
Wu1gxxpbF2o_E_004620_004720_A_0082_0083.mp4,168
Wu1gxxpbF2o_E_004902_004998_A_0065_0066.mp4,165
X4ajWw8L19s_E_002198_002303_A_0050_0051.mp4,165
X4ajWw8L19s_E_002198_002303_A_0078_0079.mp4,162
X4ajWw8L19s_E_002405_002487_A_0050_0051.mp4,165
X4ajWw8L19s_E_005176_005276_A_0033_0034.mp4,165
X4ajWw8L19s_E_005176_005276_A_0045_0046.mp4,162
X4ajWw8L19s_E_005403_005500_A_0024_0025.mp4,168
X4ajWw8L19s_E_005403_005500_A_0044_0045.mp4,165
X4ajWw8L19s_E_005403_005500_A_0050_0051.mp4,162
X4ajWw8L19s_E_006041_006129_A_0034_0035.mp4,165
X4ajWw8L19s_E_006475_006568_A_0021_0022.mp4,165
X4ajWw8L19s_E_006475_006568_A_0023_0024.mp4,162
X4ajWw8L19s_E_006475_006568_A_0071_0073.mp4,164
X4ajWw8L19s_E_007284_007379_A_0025_0026.mp4,165
X4ajWw8L19s_E_007284_007379_A_0047_0048.mp4,168
X6sggzI0mw8_E_002211_002301_A_0047_0048.mp4,165
X6sggzI0mw8_E_002538_002632_A_0051_0052.mp4,165
X6sggzI0mw8_E_002538_002632_A_0053_0054.mp4,162
X6sggzI0mw8_E_003193_003276_A_0019_0020.mp4,162
X6sggzI0mw8_E_003751_003848_A_0053_0054.mp4,168
X6sggzI0mw8_E_004724_004820_A_0077_0078.mp4,165
X6sggzI0mw8_E_005491_005589_A_0039_0040.mp4,164
X6sggzI0mw8_E_005491_005589_A_0076_0077.mp4,165
X6sggzI0mw8_E_005491_005589_A_0077_0078.mp4,162
Xw1UvouxVLk_E_000327_000414_A_0044_0045.mp4,162
Xw1UvouxVLk_E_000327_000414_A_0063_0064.mp4,165
Xw1UvouxVLk_E_000536_000628_A_0022_0023.mp4,165
Xw1UvouxVLk_E_000907_000999_A_0036_0037.mp4,164
Xw1UvouxVLk_E_000907_000999_A_0055_0056.mp4,165
Xw1UvouxVLk_E_000907_000999_A_0072_0073.mp4,162
Xw1UvouxVLk_E_001117_001219_A_0086_0087.mp4,162
Xw1UvouxVLk_E_001391_001489_A_0017_0018.mp4,162
Xw1UvouxVLk_E_001391_001489_A_0055_0056.mp4,165
Xw1UvouxVLk_E_001391_001489_A_0080_0081.mp4,168
Xw1UvouxVLk_E_001873_001978_A_0081_0082.mp4,165
Xw1UvouxVLk_E_002214_002309_A_0014_0015.mp4,164
Xw1UvouxVLk_E_002214_002309_A_0072_0073.mp4,165
Xw1UvouxVLk_E_002559_002657_A_0025_0026.mp4,164
Xw1UvouxVLk_E_002559_002657_A_0055_0056.mp4,162
Xw1UvouxVLk_E_002559_002657_A_0070_0071.mp4,165
Xw1UvouxVLk_E_002816_002919_A_0043_0044.mp4,165
Xw1UvouxVLk_E_002816_002919_A_0045_0046.mp4,164
Xw1UvouxVLk_E_003502_003604_A_0074_0075.mp4,165
Xw1UvouxVLk_E_003942_004027_A_0043_0044.mp4,165
YUKvzPL5nok_E_002184_002254_A_0023_0024.mp4,168
YUKvzPL5nok_E_002184_002254_A_0054_0055.mp4,165
YUKvzPL5nok_E_002607_002661_A_0031_0033.mp4,168
YUKvzPL5nok_E_002815_002873_A_0023_0024.mp4,168
YUKvzPL5nok_E_004012_004117_A_0085_0086.mp4,165
YUKvzPL5nok_E_004736_004824_A_0063_0064.mp4,165
YesOPAkCA40_E_009210_009283_A_0015_0016.mp4,166
YesOPAkCA40_E_009210_009283_A_0035_0036.mp4,165
YesOPAkCA40_E_009397_009482_A_0033_0034.mp4,165
YesOPAkCA40_E_009776_009866_A_0075_0076.mp4,165
YesOPAkCA40_E_009972_010075_A_0030_0031.mp4,165
YesOPAkCA40_E_010477_010557_A_0012_0013.mp4,165
YesOPAkCA40_E_010477_010557_A_0014_0015.mp4,162
YesOPAkCA40_E_010477_010557_A_0039_0040.mp4,168
YesOPAkCA40_E_010675_010793_A_0044_0045.mp4,165
Z0bBRwAzKe0_E_000703_000796_A_0067_0068.mp4,162
Z0bBRwAzKe0_E_000703_000796_A_0076_0077.mp4,165
Z0bBRwAzKe0_E_001894_001992_A_0030_0031.mp4,168
Z0bBRwAzKe0_E_001894_001992_A_0077_0078.mp4,165
Z0bBRwAzKe0_E_002714_002810_A_0017_0018.mp4,165
Z0bBRwAzKe0_E_002714_002810_A_0036_0037.mp4,165
Z0bBRwAzKe0_E_002714_002810_A_0077_0078.mp4,162
Z0bBRwAzKe0_E_003422_003517_A_0051_0052.mp4,165
Z0bBRwAzKe0_E_004266_004354_A_0062_0064.mp4,165
Z0bBRwAzKe0_E_004266_004354_A_0064_0065.mp4,162
Z0bBRwAzKe0_E_004531_004619_A_0028_0029.mp4,165
Z0bBRwAzKe0_E_004531_004619_A_0030_0031.mp4,162
Z0bBRwAzKe0_E_005215_005310_A_0055_0056.mp4,168
Z0bBRwAzKe0_E_005215_005310_A_0073_0074.mp4,165
ZHpME-SbKdQ_E_001595_001676_A_0025_0026.mp4,168
ZHpME-SbKdQ_E_002510_002595_A_0035_0036.mp4,162
ZHpME-SbKdQ_E_002510_002595_A_0057_0058.mp4,165
ZHpME-SbKdQ_E_002776_002869_A_0033_0034.mp4,168
ZHpME-SbKdQ_E_002776_002869_A_0045_0046.mp4,165
ZHpME-SbKdQ_E_002776_002869_A_0047_0048.mp4,162
ZHpME-SbKdQ_E_003051_003149_A_0035_0036.mp4,168
ZHpME-SbKdQ_E_003051_003149_A_0064_0065.mp4,165
ZHpME-SbKdQ_E_003524_003618_A_0045_0046.mp4,162
ZHpME-SbKdQ_E_003714_003808_A_0075_0076.mp4,168
ZHpME-SbKdQ_E_003955_004050_A_0032_0033.mp4,165
ZHpME-SbKdQ_E_003955_004050_A_0063_0064.mp4,168
ZHpME-SbKdQ_E_004143_004246_A_0030_0031.mp4,165
ZHpME-SbKdQ_E_004143_004246_A_0079_0080.mp4,168
u6tU91r1Szo_E_003906_004008_A_0017_0019.mp4,165
uDZVn-K4GE4_E_000344_000430_A_0018_0019.mp4,165
uDZVn-K4GE4_E_000344_000430_A_0025_0026.mp4,162
uDZVn-K4GE4_E_000550_000645_A_0013_0014.mp4,164
uDZVn-K4GE4_E_000550_000645_A_0036_0037.mp4,165
uDZVn-K4GE4_E_000807_000903_A_0042_0043.mp4,165
uDZVn-K4GE4_E_000807_000903_A_0043_0044.mp4,162
uDZVn-K4GE4_E_001015_001114_A_0024_0025.mp4,165
uDZVn-K4GE4_E_001255_001341_A_0044_0045.mp4,165
uDZVn-K4GE4_E_001255_001341_A_0072_0073.mp4,168
uDZVn-K4GE4_E_002832_002930_A_0026_0027.mp4,165
uDZVn-K4GE4_E_005720_005817_A_0050_0051.mp4,168
uDZVn-K4GE4_E_005720_005817_A_0059_0060.mp4,165
uDZVn-K4GE4_E_005720_005817_A_0060_0062.mp4,166
uDZVn-K4GE4_E_005931_006032_A_0047_0048.mp4,165
uDZVn-K4GE4_E_005931_006032_A_0058_0059.mp4,168
upaJ16I0zmQ_E_002670_002754_A_0044_0045.mp4,165
upaJ16I0zmQ_E_002670_002754_A_0046_0047.mp4,162
upaJ16I0zmQ_E_002844_002931_A_0045_0047.mp4,168
upaJ16I0zmQ_E_004555_004637_A_0037_0038.mp4,165
upaJ16I0zmQ_E_004555_004637_A_0044_0045.mp4,162
upaJ16I0zmQ_E_007580_007656_A_0020_0021.mp4,165
upaJ16I0zmQ_E_007971_008030_A_0045_0046.mp4,162
v3mISBmwrUM_E_001309_001389_A_0051_0052.mp4,165
v3mISBmwrUM_E_001309_001389_A_0068_0069.mp4,163
v3mISBmwrUM_E_002898_002988_A_0038_0039.mp4,165
v3mISBmwrUM_E_002898_002988_A_0040_0041.mp4,162
v3mISBmwrUM_E_003066_003150_A_0043_0044.mp4,165
v3mISBmwrUM_E_003066_003150_A_0058_0059.mp4,168
v3mISBmwrUM_E_003066_003150_A_0063_0064.mp4,162
v3mISBmwrUM_E_003897_003991_A_0032_0034.mp4,165
v3mISBmwrUM_E_003897_003991_A_0034_0035.mp4,162
v3mISBmwrUM_E_004828_004911_A_0035_0036.mp4,165
v3mISBmwrUM_E_004828_004911_A_0041_0042.mp4,162
v3mISBmwrUM_E_004828_004911_A_0052_0053.mp4,166
v3mISBmwrUM_E_005610_005684_A_0032_0033.mp4,165
v3mISBmwrUM_E_005610_005684_A_0063_0064.mp4,162
vMn2UWFmMDY_E_002088_002184_A_0025_0026.mp4,165
vMn2UWFmMDY_E_002088_002184_A_0078_0079.mp4,168
vMn2UWFmMDY_E_002308_002395_A_0018_0019.mp4,165
vMn2UWFmMDY_E_002308_002395_A_0019_0020.mp4,162
vMn2UWFmMDY_E_002308_002395_A_0048_0049.mp4,168
vMn2UWFmMDY_E_002495_002575_A_0039_0040.mp4,165
vMn2UWFmMDY_E_002495_002575_A_0041_0042.mp4,162
vMn2UWFmMDY_E_002495_002575_A_0061_0062.mp4,168
vMn2UWFmMDY_E_002717_002811_A_0030_0031.mp4,168
vMn2UWFmMDY_E_002717_002811_A_0067_0068.mp4,166
vMn2UWFmMDY_E_002932_003034_A_0049_0050.mp4,168
vMn2UWFmMDY_E_003138_003227_A_0056_0057.mp4,167
vMn2UWFmMDY_E_003138_003227_A_0063_0064.mp4,165
vMn2UWFmMDY_E_003327_003413_A_0040_0042.mp4,164
vMn2UWFmMDY_E_003327_003413_A_0071_0072.mp4,165
vY-jPM995Gk_E_000332_000430_A_0058_0059.mp4,164
vY-jPM995Gk_E_000332_000430_A_0075_0076.mp4,168
vY-jPM995Gk_E_000652_000744_A_0013_0014.mp4,168
vY-jPM995Gk_E_000652_000744_A_0061_0062.mp4,165
vY-jPM995Gk_E_001002_001092_A_0024_0025.mp4,165
vY-jPM995Gk_E_001002_001092_A_0060_0061.mp4,168
vY-jPM995Gk_E_001549_001634_A_0053_0054.mp4,165
vY-jPM995Gk_E_001549_001634_A_0054_0055.mp4,162
vY-jPM995Gk_E_001898_001996_A_0022_0023.mp4,166
vY-jPM995Gk_E_001898_001996_A_0052_0053.mp4,165
vY-jPM995Gk_E_001898_001996_A_0055_0056.mp4,162
vY-jPM995Gk_E_002480_002566_A_0024_0025.mp4,168
vY-jPM995Gk_E_003493_003582_A_0016_0017.mp4,168
vY-jPM995Gk_E_003493_003582_A_0050_0051.mp4,165
vY-jPM995Gk_E_003493_003582_A_0065_0066.mp4,162
wWZry3-5sF0_E_000675_000767_A_0066_0067.mp4,165
wWZry3-5sF0_E_000675_000767_A_0068_0069.mp4,162
wWZry3-5sF0_E_001033_001129_A_0020_0021.mp4,168
wWZry3-5sF0_E_001033_001129_A_0051_0052.mp4,162
wWZry3-5sF0_E_001033_001129_A_0081_0082.mp4,165
wWZry3-5sF0_E_001506_001598_A_0037_0038.mp4,168
wWZry3-5sF0_E_001506_001598_A_0064_0065.mp4,165
wWZry3-5sF0_E_001506_001598_A_0066_0067.mp4,162
wWZry3-5sF0_E_002269_002356_A_0068_0069.mp4,165
wWZry3-5sF0_E_003355_003450_A_0073_0074.mp4,165
wWZry3-5sF0_E_003967_004062_A_0021_0022.mp4,168
wWZry3-5sF0_E_003967_004062_A_0075_0076.mp4,165
wWZry3-5sF0_E_004333_004421_A_0028_0029.mp4,164
wWZry3-5sF0_E_004333_004421_A_0048_0049.mp4,165
wWZry3-5sF0_E_004333_004421_A_0049_0050.mp4,162
wWwc2BbO598_E_001285_001386_A_0034_0035.mp4,165
wWwc2BbO598_E_001285_001386_A_0035_0036.mp4,162
wWwc2BbO598_E_001409_001512_A_0081_0082.mp4,165
wWwc2BbO598_E_001531_001632_A_0019_0020.mp4,168
wWwc2BbO598_E_001666_001752_A_0017_0018.mp4,165
wWwc2BbO598_E_001906_002001_A_0061_0062.mp4,167
wWwc2BbO598_E_001906_002001_A_0070_0071.mp4,165
wWwc2BbO598_E_002032_002128_A_0028_0029.mp4,165
wWwc2BbO598_E_002032_002128_A_0082_0083.mp4,168
wWwc2BbO598_E_002159_002246_A_0015_0016.mp4,165
wWwc2BbO598_E_002159_002246_A_0027_0028.mp4,166
wYbfwx93VXk_E_005895_005976_A_0024_0025.mp4,165
wYbfwx93VXk_E_005895_005976_A_0025_0026.mp4,167
wYbfwx93VXk_E_006120_006229_A_0040_0042.mp4,165
wYbfwx93VXk_E_006120_006229_A_0090_0091.mp4,162
wYbfwx93VXk_E_006349_006450_A_0016_0017.mp4,165
wYbfwx93VXk_E_006562_006657_A_0016_0018.mp4,165
wYbfwx93VXk_E_006562_006657_A_0018_0019.mp4,162
wYbfwx93VXk_E_006772_006856_A_0035_0036.mp4,165
wYbfwx93VXk_E_006965_007080_A_0065_0066.mp4,165
wolPuHKrX9o_E_001362_001456_A_0044_0045.mp4,168
wolPuHKrX9o_E_001362_001456_A_0075_0076.mp4,165
wolPuHKrX9o_E_001808_001898_A_0061_0062.mp4,165
wolPuHKrX9o_E_001808_001898_A_0062_0063.mp4,162
wolPuHKrX9o_E_002082_002177_A_0032_0033.mp4,162
wolPuHKrX9o_E_002082_002177_A_0050_0051.mp4,165
wolPuHKrX9o_E_002661_002770_A_0024_0025.mp4,165
xHBUIt-airA_E_001122_001209_A_0018_0019.mp4,166
xHBUIt-airA_E_001122_001209_A_0067_0068.mp4,165
xHBUIt-airA_E_001882_001970_A_0068_0069.mp4,166
xHBUIt-airA_E_002548_002634_A_0035_0036.mp4,168
xHBUIt-airA_E_002548_002634_A_0067_0068.mp4,165
xHBUIt-airA_E_002895_003000_A_0035_0036.mp4,168
xHBUIt-airA_E_002895_003000_A_0087_0088.mp4,165
xHBUIt-airA_E_003631_003726_A_0042_0043.mp4,165
xHBUIt-airA_E_003631_003726_A_0044_0045.mp4,162
xHBUIt-airA_E_004509_004598_A_0049_0050.mp4,165
xHBUIt-airA_E_004509_004598_A_0050_0051.mp4,162
xHBUIt-airA_E_004737_004825_A_0062_0063.mp4,165
xHBUIt-airA_E_004737_004825_A_0064_0065.mp4,162
xHBUIt-airA_E_005253_005341_A_0043_0044.mp4,165
xHBUIt-airA_E_005253_005341_A_0053_0054.mp4,168
xHBUIt-airA_E_005253_005341_A_0058_0059.mp4,162
yIDi18JlgsQ_E_001991_002078_A_0022_0023.mp4,165
yIDi18JlgsQ_E_005546_005619_A_0028_0029.mp4,165
yvZPHJu3kb0_E_002241_002335_A_0039_0040.mp4,165
yvZPHJu3kb0_E_002241_002335_A_0072_0073.mp4,168
yvZPHJu3kb0_E_002444_002529_A_0019_0020.mp4,165
yvZPHJu3kb0_E_004316_004406_A_0008_0009.mp4,165
yvZPHJu3kb0_E_004730_004818_A_0024_0025.mp4,165
yvZPHJu3kb0_E_004730_004818_A_0067_0068.mp4,168
yvZPHJu3kb0_E_004922_005007_A_0024_0025.mp4,162
yvZPHJu3kb0_E_004922_005007_A_0052_0053.mp4,165
yvZPHJu3kb0_E_004922_005007_A_0062_0063.mp4,168
yvZPHJu3kb0_E_005142_005232_A_0044_0045.mp4,165
yvZPHJu3kb0_E_005142_005232_A_0055_0056.mp4,168
yz-uNJgIhk4_E_001909_002017_A_0041_0042.mp4,165
yz-uNJgIhk4_E_001909_002017_A_0072_0073.mp4,168
yz-uNJgIhk4_E_002763_002851_A_0010_0011.mp4,168
yz-uNJgIhk4_E_002763_002851_A_0052_0053.mp4,163
yz-uNJgIhk4_E_002763_002851_A_0060_0061.mp4,165
yz-uNJgIhk4_E_003357_003456_A_0036_0037.mp4,163
yz-uNJgIhk4_E_003838_003941_A_0055_0056.mp4,162
yz-uNJgIhk4_E_003838_003941_A_0077_0079.mp4,165
yz-uNJgIhk4_E_004204_004302_A_0044_0045.mp4,163
yz-uNJgIhk4_E_004204_004302_A_0062_0063.mp4,165
yz-uNJgIhk4_E_004204_004302_A_0078_0079.mp4,162
yz-uNJgIhk4_E_005049_005151_A_0077_0078.mp4,165
yz-uNJgIhk4_E_005270_005387_A_0052_0053.mp4,165
yz-uNJgIhk4_E_005270_005387_A_0064_0065.mp4,162
yz-uNJgIhk4_E_005270_005387_A_0088_0089.mp4,168
yz-uNJgIhk4_E_005472_005567_A_0013_0014.mp4,163
zNL3kn3UBmg_E_000232_000303_A_0027_0028.mp4,162
zNL3kn3UBmg_E_000559_000637_A_0060_0061.mp4,165
zNL3kn3UBmg_E_000873_000931_A_0027_0028.mp4,165
zNL3kn3UBmg_E_001158_001206_A_0035_0036.mp4,165
zNL3kn3UBmg_E_001753_001819_A_0045_0046.mp4,165
zNL3kn3UBmg_E_002290_002363_A_0057_0058.mp4,165
zNL3kn3UBmg_E_002906_002982_A_0056_0057.mp4,165
zNL3kn3UBmg_E_003233_003303_A_0052_0053.mp4,165
zNL3kn3UBmg_E_003548_003630_A_0063_0064.mp4,165
zNL3kn3UBmg_E_003846_003929_A_0052_0053.mp4,165
zNL3kn3UBmg_E_004383_004447_A_0042_0043.mp4,165
zNL3kn3UBmg_E_004383_004447_A_0043_0044.mp4,165
zNL3kn3UBmg_E_004694_004765_A_0052_0053.mp4,165
zNL3kn3UBmg_E_005329_005388_A_0035_0036.mp4,168
zNL3kn3UBmg_E_005637_005697_A_0027_0028.mp4,168
zNL3kn3UBmg_E_006480_006561_A_0042_0043.mp4,165
zNL3kn3UBmg_E_007119_007209_A_0045_0046.mp4,162
zNL3kn3UBmg_E_007775_007855_A_0027_0028.mp4,165
zNL3kn3UBmg_E_008111_008200_A_0049_0050.mp4,165
