CUuRl0Bwbbc_E_003247_003355_A_0089_0090.mp4,167
CUuRl0Bwbbc_E_004433_004533_A_0067_0068.mp4,167
DG7upbhB1bI_E_003248_003346_A_0038_0039.mp4,167
DyZ2qj6x1UE_E_002913_003008_A_0064_0065.mp4,167
E3AHJ6-QS8M_E_005168_005260_A_0057_0058.mp4,167
E3AHJ6-QS8M_E_006496_006600_A_0055_0056.mp4,167
EKb2MMJSoeI_E_001913_002012_A_0038_0039.mp4,165
EKb2MMJSoeI_E_002610_002709_A_0045_0046.mp4,165
EKb2MMJSoeI_E_002952_003052_A_0038_0039.mp4,165
EizeIkrDtQk_E_009411_009512_A_0030_0031.mp4,167
EizeIkrDtQk_E_009622_009726_A_0066_0067.mp4,165
FEWTGYiWEaQ_E_001405_001501_A_0028_0029.mp4,167
FEWTGYiWEaQ_E_001405_001501_A_0069_0070.mp4,167
FEWTGYiWEaQ_E_002492_002595_A_0053_0054.mp4,162
FEWTGYiWEaQ_E_002492_002595_A_0074_0075.mp4,165
FEWTGYiWEaQ_E_004306_004411_A_0098_0099.mp4,162
FEWTGYiWEaQ_E_004548_004646_A_0019_0020.mp4,166
FEWTGYiWEaQ_E_004548_004646_A_0052_0053.mp4,163
FEWTGYiWEaQ_E_004548_004646_A_0081_0082.mp4,165
FNEeMvHmuEw_E_000197_000292_A_0041_0042.mp4,163
FNEeMvHmuEw_E_000197_000292_A_0076_0077.mp4,165
FNEeMvHmuEw_E_000450_000551_A_0044_0045.mp4,166
FNEeMvHmuEw_E_000450_000551_A_0078_0079.mp4,162
FNEeMvHmuEw_E_001274_001372_A_0041_0042.mp4,166
FNEeMvHmuEw_E_001274_001372_A_0075_0076.mp4,162
FNEeMvHmuEw_E_002265_002366_A_0039_0041.mp4,166
FNEeMvHmuEw_E_004223_004323_A_0030_0031.mp4,165
FNEeMvHmuEw_E_004223_004323_A_0078_0079.mp4,163
FNEeMvHmuEw_E_004460_004564_A_0046_0047.mp4,165
FNEeMvHmuEw_E_004460_004564_A_0066_0067.mp4,162
GEjRXo8Dvwc_E_000362_000460_A_0058_0059.mp4,163
GEjRXo8Dvwc_E_000703_000803_A_0073_0074.mp4,162
GEjRXo8Dvwc_E_000878_000982_A_0046_0047.mp4,165
GEjRXo8Dvwc_E_000878_000982_A_0070_0071.mp4,162
GEjRXo8Dvwc_E_002042_002142_A_0043_0044.mp4,162
GEjRXo8Dvwc_E_003163_003263_A_0045_0046.mp4,163
GEjRXo8Dvwc_E_003163_003263_A_0063_0064.mp4,165
GEjRXo8Dvwc_E_003557_003660_A_0031_0032.mp4,165
GEjRXo8Dvwc_E_003557_003660_A_0079_0080.mp4,163
GEjRXo8Dvwc_E_004679_004783_A_0044_0045.mp4,169
GEjRXo8Dvwc_E_005254_005358_A_0017_0018.mp4,163
GEjRXo8Dvwc_E_005254_005358_A_0076_0077.mp4,166
GF8D7Dx2mhs_E_001921_002019_A_0029_0030.mp4,167
GF8D7Dx2mhs_E_001921_002019_A_0071_0072.mp4,167
GF8D7Dx2mhs_E_004396_004497_A_0054_0055.mp4,162
GF8D7Dx2mhs_E_004533_004634_A_0055_0056.mp4,166
GF8D7Dx2mhs_E_004533_004634_A_0080_0081.mp4,163
GF8D7Dx2mhs_E_006198_006304_A_0014_0015.mp4,163
GF8D7Dx2mhs_E_006198_006304_A_0077_0078.mp4,165
GF8D7Dx2mhs_E_006616_006719_A_0042_0043.mp4,169
GF8D7Dx2mhs_E_006840_006940_A_0032_0033.mp4,165
GF8D7Dx2mhs_E_006840_006940_A_0093_0094.mp4,162
GF8D7Dx2mhs_E_007072_007176_A_0015_0016.mp4,167
GF8D7Dx2mhs_E_007072_007176_A_0050_0051.mp4,165
GF8D7Dx2mhs_E_007811_007923_A_0085_0086.mp4,166
GbUQwE9N3aM_E_001342_001444_A_0047_0048.mp4,162
GbUQwE9N3aM_E_001342_001444_A_0087_0088.mp4,165
GbUQwE9N3aM_E_001645_001748_A_0036_0037.mp4,166
GbUQwE9N3aM_E_001645_001748_A_0069_0070.mp4,163
GbUQwE9N3aM_E_002460_002563_A_0040_0041.mp4,165
GbUQwE9N3aM_E_002460_002563_A_0053_0054.mp4,166
GbUQwE9N3aM_E_002460_002563_A_0072_0073.mp4,167
GbUQwE9N3aM_E_002757_002858_A_0025_0027.mp4,166
GbUQwE9N3aM_E_002757_002858_A_0052_0053.mp4,163
GbUQwE9N3aM_E_002757_002858_A_0059_0061.mp4,167
GbUQwE9N3aM_E_004224_004323_A_0014_0016.mp4,166
GbUQwE9N3aM_E_004224_004323_A_0076_0077.mp4,163
Gng3ezTNGog_E_005044_005153_A_0051_0052.mp4,165
Gng3ezTNGog_E_005699_005797_A_0038_0039.mp4,165
Gng3ezTNGog_E_005916_006011_A_0035_0036.mp4,163
I1OMnMSk1Lg_E_000770_000873_A_0032_0033.mp4,165
I1OMnMSk1Lg_E_000770_000873_A_0079_0080.mp4,163
I1OMnMSk1Lg_E_002151_002256_A_0043_0044.mp4,169
I1OMnMSk1Lg_E_003022_003122_A_0038_0039.mp4,166
I1OMnMSk1Lg_E_003022_003122_A_0058_0059.mp4,163
I1OMnMSk1Lg_E_003448_003549_A_0068_0069.mp4,162
I1OMnMSk1Lg_E_004236_004336_A_0043_0044.mp4,162
I1OMnMSk1Lg_E_005064_005173_A_0063_0064.mp4,166
I1OMnMSk1Lg_E_005064_005173_A_0086_0087.mp4,163
IP96HTdCvWs_E_005003_005107_A_0051_0052.mp4,165
IP96HTdCvWs_E_005209_005311_A_0059_0060.mp4,162
IWFgo-tEEs8_E_002732_002840_A_0034_0035.mp4,162
IWFgo-tEEs8_E_002732_002840_A_0097_0098.mp4,165
IWFgo-tEEs8_E_002921_003025_A_0079_0080.mp4,165
IWFgo-tEEs8_E_003091_003195_A_0043_0044.mp4,165
IWFgo-tEEs8_E_003091_003195_A_0078_0079.mp4,163
IWFgo-tEEs8_E_003363_003461_A_0050_0051.mp4,163
IWFgo-tEEs8_E_003363_003461_A_0091_0092.mp4,165
ItBRb9LB-VI_E_000174_000269_A_0012_0013.mp4,166
ItBRb9LB-VI_E_000174_000269_A_0073_0074.mp4,165
ItBRb9LB-VI_E_000388_000490_A_0040_0041.mp4,165
ItBRb9LB-VI_E_000388_000490_A_0079_0080.mp4,163
ItBRb9LB-VI_E_001400_001506_A_0043_0044.mp4,166
ItBRb9LB-VI_E_001400_001506_A_0053_0054.mp4,163
ItBRb9LB-VI_E_001506_001607_A_0016_0017.mp4,166
ItBRb9LB-VI_E_001506_001607_A_0053_0054.mp4,163
ItBRb9LB-VI_E_002611_002713_A_0048_0049.mp4,163
ItBRb9LB-VI_E_002611_002713_A_0069_0070.mp4,165
ItBRb9LB-VI_E_003035_003135_A_0035_0037.mp4,163
ItBRb9LB-VI_E_003035_003135_A_0058_0059.mp4,165
JHqcbeKepSg_E_001435_001540_A_0080_0081.mp4,167
JHqcbeKepSg_E_001703_001805_A_0083_0084.mp4,165
JHqcbeKepSg_E_002828_002929_A_0054_0055.mp4,162
JHqcbeKepSg_E_002828_002929_A_0093_0094.mp4,165
JHqcbeKepSg_E_003052_003139_A_0043_0044.mp4,165
JHqcbeKepSg_E_007399_007499_A_0044_0045.mp4,163
JHqcbeKepSg_E_008231_008337_A_0059_0060.mp4,162
JHqcbeKepSg_E_009959_010058_A_0039_0040.mp4,165
LHZAh32EoC8_E_008754_008861_A_0056_0057.mp4,162
LHZAh32EoC8_E_008947_009049_A_0040_0041.mp4,162
LHZAh32EoC8_E_009404_009511_A_0044_0045.mp4,165
LHZAh32EoC8_E_009404_009511_A_0087_0088.mp4,162
LHZAh32EoC8_E_009913_010014_A_0042_0043.mp4,165
LHZAh32EoC8_E_009913_010014_A_0063_0064.mp4,162
LHZAh32EoC8_E_010129_010234_A_0071_0072.mp4,163
MDxIRDDWw1w_E_004706_004795_A_0032_0033.mp4,162
MDxIRDDWw1w_E_004706_004795_A_0052_0053.mp4,165
MVLZz2J6tcE_E_001986_002085_A_0039_0040.mp4,162
MVLZz2J6tcE_E_001986_002085_A_0045_0046.mp4,167
MVLZz2J6tcE_E_002259_002354_A_0041_0042.mp4,162
MVLZz2J6tcE_E_002259_002354_A_0071_0072.mp4,165
MVLZz2J6tcE_E_002666_002765_A_0047_0048.mp4,166
MVLZz2J6tcE_E_002666_002765_A_0073_0074.mp4,162
MVLZz2J6tcE_E_003013_003114_A_0061_0062.mp4,162
MVLZz2J6tcE_E_003013_003114_A_0080_0081.mp4,166
MVLZz2J6tcE_E_003346_003442_A_0039_0040.mp4,165
MVLZz2J6tcE_E_003346_003442_A_0080_0081.mp4,162
MVLZz2J6tcE_E_003600_003667_A_0052_0053.mp4,168
MVLZz2J6tcE_E_003976_004081_A_0026_0027.mp4,165
MVLZz2J6tcE_E_003976_004081_A_0045_0046.mp4,163
MVLZz2J6tcE_E_003976_004081_A_0063_0064.mp4,165
MyrqGZXxpsY_E_002451_002554_A_0066_0067.mp4,162
MyrqGZXxpsY_E_004151_004253_A_0058_0059.mp4,162
MyrqGZXxpsY_E_004339_004440_A_0050_0051.mp4,162
MyrqGZXxpsY_E_004339_004440_A_0082_0084.mp4,165
MyrqGZXxpsY_E_004910_005009_A_0047_0048.mp4,165
MyrqGZXxpsY_E_006806_006907_A_0042_0043.mp4,162
MyrqGZXxpsY_E_006806_006907_A_0066_0067.mp4,166
OIJe8fQw7Wo_E_000477_000573_A_0075_0076.mp4,165
OIJe8fQw7Wo_E_000948_001047_A_0043_0044.mp4,166
OIJe8fQw7Wo_E_002201_002303_A_0040_0041.mp4,166
OIJe8fQw7Wo_E_002543_002643_A_0015_0016.mp4,163
OIJe8fQw7Wo_E_002543_002643_A_0074_0075.mp4,166
OIJe8fQw7Wo_E_002778_002879_A_0010_0011.mp4,166
OIJe8fQw7Wo_E_002778_002879_A_0045_0046.mp4,162
OIJe8fQw7Wo_E_003754_003856_A_0031_0032.mp4,165
OIJe8fQw7Wo_E_003754_003856_A_0079_0080.mp4,163
OIJe8fQw7Wo_E_004129_004231_A_0041_0042.mp4,166
OIJe8fQw7Wo_E_004129_004231_A_0061_0062.mp4,163
OIJe8fQw7Wo_E_005494_005598_A_0045_0046.mp4,165
OIJe8fQw7Wo_E_005494_005598_A_0066_0067.mp4,163
P31Ht3H76ok_E_004892_004992_A_0046_0047.mp4,165
P31Ht3H76ok_E_004892_004992_A_0086_0087.mp4,162
P31Ht3H76ok_E_005126_005230_A_0043_0044.mp4,165
P31Ht3H76ok_E_005609_005754_A_0087_0088.mp4,162
P31Ht3H76ok_E_005609_005754_A_0109_0110.mp4,165
PgNRyuavbS4_E_000780_000878_A_0046_0048.mp4,166
PgNRyuavbS4_E_000780_000878_A_0078_0079.mp4,163
PgNRyuavbS4_E_001457_001550_A_0041_0042.mp4,165
PgNRyuavbS4_E_006059_006157_A_0028_0029.mp4,166
PgNRyuavbS4_E_006059_006157_A_0064_0065.mp4,162
PgNRyuavbS4_E_006817_006922_A_0073_0074.mp4,162
PgNRyuavbS4_E_006817_006922_A_0096_0097.mp4,165
PgNRyuavbS4_E_008687_008786_A_0044_0045.mp4,162
PgNRyuavbS4_E_008687_008786_A_0081_0082.mp4,165
PgNRyuavbS4_E_009003_009105_A_0048_0049.mp4,165
PgNRyuavbS4_E_009003_009105_A_0082_0083.mp4,165
PgNRyuavbS4_E_010527_010625_A_0045_0046.mp4,162
PgNRyuavbS4_E_010527_010625_A_0059_0060.mp4,165
QUzsdG7jyj0_E_000848_000951_A_0085_0086.mp4,166
QUzsdG7jyj0_E_001340_001441_A_0052_0054.mp4,165
QUzsdG7jyj0_E_001495_001594_A_0078_0079.mp4,165
QUzsdG7jyj0_E_002469_002570_A_0052_0053.mp4,162
QUzsdG7jyj0_E_004527_004628_A_0065_0066.mp4,165
QUzsdG7jyj0_E_005151_005232_A_0037_0038.mp4,162
QUzsdG7jyj0_E_005498_005599_A_0081_0082.mp4,162
QUzsdG7jyj0_E_006522_006621_A_0073_0075.mp4,165
QUzsdG7jyj0_E_007029_007130_A_0036_0037.mp4,165
R9XUGR-VlTg_E_008011_008108_A_0050_0051.mp4,166
R9XUGR-VlTg_E_008658_008760_A_0070_0071.mp4,169
R9XUGR-VlTg_E_008658_008760_A_0078_0079.mp4,166
R9XUGR-VlTg_E_008869_008972_A_0062_0063.mp4,163
R9XUGR-VlTg_E_008869_008972_A_0082_0083.mp4,166
R9XUGR-VlTg_E_009112_009218_A_0046_0047.mp4,162
R9XUGR-VlTg_E_009112_009218_A_0082_0083.mp4,165
R9XUGR-VlTg_E_009330_009428_A_0049_0050.mp4,162
R9XUGR-VlTg_E_009537_009640_A_0088_0089.mp4,162
RLDjrhjikT4_E_009687_009789_A_0057_0058.mp4,165
RLDjrhjikT4_E_009888_009989_A_0042_0043.mp4,165
RLDjrhjikT4_E_010282_010384_A_0035_0036.mp4,165
RLDjrhjikT4_E_010282_010384_A_0076_0077.mp4,162
RLDjrhjikT4_E_010956_011056_A_0020_0021.mp4,165
RLDjrhjikT4_E_010956_011056_A_0045_0046.mp4,162
RLDjrhjikT4_E_011418_011510_A_0036_0037.mp4,165
RLDjrhjikT4_E_011418_011510_A_0068_0069.mp4,162
RjpOEHmTf7I_E_000800_000906_A_0068_0069.mp4,162
RjpOEHmTf7I_E_001147_001248_A_0043_0044.mp4,162
RjpOEHmTf7I_E_001348_001449_A_0052_0053.mp4,162
RjpOEHmTf7I_E_002404_002503_A_0045_0046.mp4,162
RjpOEHmTf7I_E_003956_004060_A_0053_0054.mp4,162
RjpOEHmTf7I_E_004223_004322_A_0066_0067.mp4,165
RjpOEHmTf7I_E_005019_005115_A_0054_0055.mp4,165
RjpOEHmTf7I_E_005447_005547_A_0037_0038.mp4,165
Ry5PFp-pRmA_E_001307_001412_A_0079_0080.mp4,162
Ry5PFp-pRmA_E_002212_002311_A_0035_0036.mp4,167
Ry5PFp-pRmA_E_002212_002311_A_0063_0064.mp4,165
Ry5PFp-pRmA_E_002605_002708_A_0085_0086.mp4,165
Ry5PFp-pRmA_E_002806_002912_A_0083_0084.mp4,165
Ry5PFp-pRmA_E_003863_003962_A_0044_0045.mp4,163
Ry5PFp-pRmA_E_003863_003962_A_0073_0074.mp4,166
Ry5PFp-pRmA_E_004120_004229_A_0055_0056.mp4,167
Ry5PFp-pRmA_E_004120_004229_A_0073_0074.mp4,165
Ry5PFp-pRmA_E_004259_004360_A_0063_0064.mp4,162
Ry5PFp-pRmA_E_004259_004360_A_0083_0084.mp4,165
TBsWos4T4OE_E_002570_002671_A_0056_0057.mp4,165
TBsWos4T4OE_E_002570_002671_A_0059_0060.mp4,162
TBsWos4T4OE_E_002570_002671_A_0076_0077.mp4,166
TBsWos4T4OE_E_003633_003731_A_0042_0043.mp4,165
TBsWos4T4OE_E_003633_003731_A_0080_0081.mp4,163
TBsWos4T4OE_E_003911_004006_A_0022_0023.mp4,163
TCiufCzMtDs_E_000851_000946_A_0030_0031.mp4,162
TCiufCzMtDs_E_000851_000946_A_0069_0070.mp4,165
TCiufCzMtDs_E_001807_001906_A_0080_0081.mp4,165
TCiufCzMtDs_E_002004_002111_A_0053_0054.mp4,162
TCiufCzMtDs_E_002004_002111_A_0076_0077.mp4,165
TCiufCzMtDs_E_003503_003612_A_0055_0056.mp4,164
TCiufCzMtDs_E_003503_003612_A_0097_0098.mp4,162
TCiufCzMtDs_E_004115_004218_A_0055_0056.mp4,165
TCiufCzMtDs_E_004115_004218_A_0065_0066.mp4,163
TXpgPT5Jdiw_E_005718_005816_A_0009_0010.mp4,165
TXpgPT5Jdiw_E_005718_005816_A_0042_0043.mp4,162
TXpgPT5Jdiw_E_005905_006003_A_0092_0093.mp4,162
UcCTusldh6w_E_002671_002775_A_0075_0076.mp4,162
UcCTusldh6w_E_005149_005253_A_0051_0052.mp4,166
UcCTusldh6w_E_006011_006116_A_0031_0032.mp4,163
UcCTusldh6w_E_006011_006116_A_0081_0082.mp4,165
UcCTusldh6w_E_006445_006547_A_0046_0047.mp4,162
UcCTusldh6w_E_006445_006547_A_0077_0078.mp4,165
Uo7ubem-G9I_E_003961_004064_A_0017_0018.mp4,163
Uo7ubem-G9I_E_003961_004064_A_0075_0077.mp4,166
Uo7ubem-G9I_E_004309_004405_A_0023_0024.mp4,165
Uo7ubem-G9I_E_004309_004405_A_0054_0055.mp4,162
Uo7ubem-G9I_E_004607_004710_A_0043_0044.mp4,169
Uo7ubem-G9I_E_004852_004955_A_0045_0046.mp4,165
Uo7ubem-G9I_E_005769_005869_A_0038_0039.mp4,166
Uo7ubem-G9I_E_005769_005869_A_0058_0059.mp4,163
Uo7ubem-G9I_E_006378_006478_A_0068_0069.mp4,162
Uo7ubem-G9I_E_007820_007925_A_0044_0045.mp4,165
Uo7ubem-G9I_E_007820_007925_A_0056_0057.mp4,163
VWsVUnoyUoA_E_006942_007051_A_0062_0063.mp4,162
VWsVUnoyUoA_E_007154_007246_A_0054_0055.mp4,165
VWsVUnoyUoA_E_007154_007246_A_0086_0087.mp4,162
VWsVUnoyUoA_E_008301_008403_A_0048_0049.mp4,162
VWsVUnoyUoA_E_008301_008403_A_0086_0087.mp4,166
VWsVUnoyUoA_E_008543_008646_A_0039_0040.mp4,163
VWsVUnoyUoA_E_008543_008646_A_0078_0079.mp4,168
VWsVUnoyUoA_E_008767_008866_A_0092_0093.mp4,165
Vq-w0Jk7y7g_E_005802_005902_A_0062_0063.mp4,165
Vq-w0Jk7y7g_E_005802_005902_A_0078_0079.mp4,162
Vq-w0Jk7y7g_E_006075_006172_A_0028_0030.mp4,163
Vq-w0Jk7y7g_E_006075_006172_A_0074_0075.mp4,165
Vq-w0Jk7y7g_E_006327_006431_A_0058_0060.mp4,165
Vq-w0Jk7y7g_E_006327_006431_A_0082_0083.mp4,162
Vq-w0Jk7y7g_E_007076_007181_A_0048_0049.mp4,162
Vq-w0Jk7y7g_E_007371_007465_A_0039_0040.mp4,163
Vq-w0Jk7y7g_E_007371_007465_A_0086_0087.mp4,165
Vq-w0Jk7y7g_E_007645_007746_A_0034_0035.mp4,165
Vq-w0Jk7y7g_E_007645_007746_A_0052_0053.mp4,164
Vq-w0Jk7y7g_E_007645_007746_A_0074_0075.mp4,162
Vq-w0Jk7y7g_E_007924_008027_A_0042_0043.mp4,165
Vq-w0Jk7y7g_E_008817_008917_A_0027_0028.mp4,162
Vq-w0Jk7y7g_E_008817_008917_A_0083_0084.mp4,165
Vq-w0Jk7y7g_E_009015_009114_A_0048_0049.mp4,165
Vq-w0Jk7y7g_E_009015_009114_A_0091_0092.mp4,162
Vq-w0Jk7y7g_E_009209_009310_A_0051_0052.mp4,165
Vq-w0Jk7y7g_E_009413_009515_A_0043_0044.mp4,163
Vq-w0Jk7y7g_E_010335_010440_A_0043_0044.mp4,162
Vq-w0Jk7y7g_E_010575_010678_A_0050_0051.mp4,165
Vq-w0Jk7y7g_E_010575_010678_A_0086_0087.mp4,162
WCcSXjsCVMA_E_000917_001012_A_0041_0042.mp4,162
WCcSXjsCVMA_E_001293_001387_A_0048_0049.mp4,165
WCcSXjsCVMA_E_001801_001899_A_0046_0047.mp4,162
WCcSXjsCVMA_E_001801_001899_A_0079_0080.mp4,166
WCcSXjsCVMA_E_004569_004664_A_0049_0050.mp4,167
WCcSXjsCVMA_E_004569_004664_A_0067_0069.mp4,166
WCcSXjsCVMA_E_006206_006308_A_0044_0045.mp4,165
WCcSXjsCVMA_E_006206_006308_A_0086_0087.mp4,167
WCcSXjsCVMA_E_007294_007391_A_0054_0055.mp4,165
WCcSXjsCVMA_E_008136_008237_A_0032_0033.mp4,163
WCcSXjsCVMA_E_008136_008237_A_0059_0061.mp4,165
WCcSXjsCVMA_E_008518_008614_A_0067_0069.mp4,163
WCcSXjsCVMA_E_009116_009211_A_0024_0025.mp4,167
Wu1gxxpbF2o_E_000309_000411_A_0047_0048.mp4,165
Wu1gxxpbF2o_E_000309_000411_A_0073_0074.mp4,162
Wu1gxxpbF2o_E_001671_001773_A_0077_0078.mp4,168
Wu1gxxpbF2o_E_003766_003869_A_0052_0053.mp4,163
Wu1gxxpbF2o_E_003766_003869_A_0071_0072.mp4,169
Wu1gxxpbF2o_E_003766_003869_A_0079_0080.mp4,166
Wu1gxxpbF2o_E_004057_004157_A_0085_0086.mp4,162
Wu1gxxpbF2o_E_005847_005951_A_0041_0042.mp4,163
Wu1gxxpbF2o_E_005847_005951_A_0064_0065.mp4,166
Wu1gxxpbF2o_E_006092_006193_A_0080_0081.mp4,162
Wu1gxxpbF2o_E_006328_006425_A_0043_0044.mp4,162
Wu1gxxpbF2o_E_006328_006425_A_0063_0064.mp4,169
Wu1gxxpbF2o_E_006328_006425_A_0081_0082.mp4,165
X4ajWw8L19s_E_001083_001181_A_0018_0019.mp4,165
X4ajWw8L19s_E_001272_001371_A_0029_0030.mp4,167
X4ajWw8L19s_E_001821_001922_A_0053_0054.mp4,162
X4ajWw8L19s_E_003808_003911_A_0035_0036.mp4,165
X4ajWw8L19s_E_003808_003911_A_0076_0077.mp4,162
X4ajWw8L19s_E_004690_004794_A_0018_0019.mp4,162
X4ajWw8L19s_E_004690_004794_A_0046_0047.mp4,164
X4ajWw8L19s_E_004908_005012_A_0080_0081.mp4,162
X4ajWw8L19s_E_007072_007176_A_0026_0027.mp4,165
X4ajWw8L19s_E_007072_007176_A_0054_0055.mp4,162
X4ajWw8L19s_E_007434_007534_A_0021_0022.mp4,165
X4ajWw8L19s_E_007434_007534_A_0069_0070.mp4,162
X4ajWw8L19s_E_007629_007732_A_0016_0017.mp4,162
X4ajWw8L19s_E_007629_007732_A_0046_0047.mp4,163
X4ajWw8L19s_E_009605_009712_A_0053_0054.mp4,162
X4ajWw8L19s_E_009605_009712_A_0085_0086.mp4,165
X6sggzI0mw8_E_000540_000638_A_0039_0040.mp4,163
X6sggzI0mw8_E_000540_000638_A_0076_0077.mp4,166
X6sggzI0mw8_E_004133_004237_A_0043_0044.mp4,169
X6sggzI0mw8_E_004985_005085_A_0044_0045.mp4,162
Xw1UvouxVLk_E_001690_001791_A_0044_0045.mp4,165
Xw1UvouxVLk_E_001690_001791_A_0067_0068.mp4,167
Xw1UvouxVLk_E_001690_001791_A_0081_0082.mp4,162
Xw1UvouxVLk_E_002076_002181_A_0042_0043.mp4,166
Xw1UvouxVLk_E_002076_002181_A_0076_0077.mp4,163
Xw1UvouxVLk_E_002076_002181_A_0081_0082.mp4,167
Xw1UvouxVLk_E_002682_002786_A_0038_0039.mp4,165
Xw1UvouxVLk_E_002682_002786_A_0082_0083.mp4,162
Xw1UvouxVLk_E_003061_003161_A_0051_0052.mp4,166
Xw1UvouxVLk_E_003061_003161_A_0079_0080.mp4,167
Xw1UvouxVLk_E_003306_003412_A_0057_0058.mp4,165
Xw1UvouxVLk_E_003306_003412_A_0088_0089.mp4,162
Xw1UvouxVLk_E_003749_003861_A_0066_0067.mp4,162
Xw1UvouxVLk_E_003749_003861_A_0081_0082.mp4,165
YUKvzPL5nok_E_002057_002151_A_0060_0061.mp4,169
YUKvzPL5nok_E_004144_004240_A_0036_0037.mp4,169
YesOPAkCA40_E_011563_011663_A_0030_0031.mp4,165
YesOPAkCA40_E_011563_011663_A_0033_0034.mp4,167
YesOPAkCA40_E_011789_011885_A_0052_0053.mp4,165
YesOPAkCA40_E_012260_012359_A_0047_0048.mp4,162
YesOPAkCA40_E_012260_012359_A_0066_0067.mp4,165
YesOPAkCA40_E_012446_012552_A_0056_0057.mp4,165
YesOPAkCA40_E_012446_012552_A_0060_0061.mp4,162
YesOPAkCA40_E_012699_012800_A_0052_0053.mp4,163
YesOPAkCA40_E_012699_012800_A_0070_0071.mp4,165
YesOPAkCA40_E_012953_013059_A_0061_0063.mp4,166
YesOPAkCA40_E_013220_013321_A_0061_0062.mp4,162
YesOPAkCA40_E_013220_013321_A_0077_0078.mp4,166
Z0bBRwAzKe0_E_000819_000917_A_0044_0045.mp4,162
Z0bBRwAzKe0_E_000819_000917_A_0075_0076.mp4,165
Z0bBRwAzKe0_E_001217_001319_A_0050_0051.mp4,166
Z0bBRwAzKe0_E_001217_001319_A_0075_0076.mp4,162
Z0bBRwAzKe0_E_001487_001589_A_0059_0060.mp4,162
Z0bBRwAzKe0_E_001487_001589_A_0078_0079.mp4,165
Z0bBRwAzKe0_E_002034_002136_A_0045_0046.mp4,165
Z0bBRwAzKe0_E_002034_002136_A_0072_0074.mp4,163
Z0bBRwAzKe0_E_002595_002690_A_0069_0070.mp4,163
Z0bBRwAzKe0_E_004863_004962_A_0028_0029.mp4,167
Z0bBRwAzKe0_E_004863_004962_A_0067_0068.mp4,165
ZHpME-SbKdQ_E_003821_003924_A_0053_0054.mp4,165
ZHpME-SbKdQ_E_003821_003924_A_0083_0084.mp4,162
ZHpME-SbKdQ_E_005626_005740_A_0081_0082.mp4,165
ZHpME-SbKdQ_E_005873_005980_A_0101_0102.mp4,162
ZHpME-SbKdQ_E_006120_006231_A_0098_0099.mp4,162
cSh74jSRht8_E_003069_003166_A_0067_0068.mp4,167
cSh74jSRht8_E_003847_003941_A_0042_0043.mp4,167
e3EsDlpNo0c_E_002096_002195_A_0077_0078.mp4,167
e3EsDlpNo0c_E_006659_006760_A_0059_0060.mp4,165
e3EsDlpNo0c_E_007845_007946_A_0052_0053.mp4,165
e3EsDlpNo0c_E_007845_007946_A_0080_0081.mp4,165
e3EsDlpNo0c_E_008138_008242_A_0042_0043.mp4,165
e3EsDlpNo0c_E_008527_008631_A_0083_0084.mp4,165
eH-ZgOT8ASM_E_007289_007400_A_0053_0054.mp4,165
eH-ZgOT8ASM_E_007496_007602_A_0052_0053.mp4,165
eH-ZgOT8ASM_E_008334_008443_A_0046_0047.mp4,165
eH-ZgOT8ASM_E_009071_009171_A_0038_0039.mp4,165
esQQbBhuXbM_E_001856_001954_A_0043_0044.mp4,162
esQQbBhuXbM_E_001856_001954_A_0085_0086.mp4,165
esQQbBhuXbM_E_002103_002211_A_0019_0020.mp4,166
esQQbBhuXbM_E_002103_002211_A_0049_0050.mp4,167
esQQbBhuXbM_E_003205_003304_A_0063_0064.mp4,165
esQQbBhuXbM_E_003875_003979_A_0049_0050.mp4,166
esQQbBhuXbM_E_004424_004529_A_0056_0057.mp4,165
esQQbBhuXbM_E_004880_004980_A_0076_0077.mp4,162
esQQbBhuXbM_E_005908_006008_A_0036_0037.mp4,166
esQQbBhuXbM_E_005908_006008_A_0065_0066.mp4,162
esQQbBhuXbM_E_006962_007058_A_0041_0042.mp4,165
esQQbBhuXbM_E_007679_007783_A_0047_0048.mp4,166
esQQbBhuXbM_E_007679_007783_A_0076_0077.mp4,162
f-1FbFegbuQ_E_000356_000459_A_0052_0053.mp4,165
f-1FbFegbuQ_E_000356_000459_A_0073_0075.mp4,167
f-1FbFegbuQ_E_002035_002134_A_0072_0073.mp4,165
f-1FbFegbuQ_E_002655_002759_A_0048_0049.mp4,165
f-1FbFegbuQ_E_003369_003472_A_0039_0040.mp4,165
f-1FbFegbuQ_E_003369_003472_A_0082_0083.mp4,162
f-1FbFegbuQ_E_004245_004347_A_0053_0054.mp4,166
f-1FbFegbuQ_E_004245_004347_A_0080_0081.mp4,167
f-1FbFegbuQ_E_004729_004836_A_0058_0059.mp4,165
f-1FbFegbuQ_E_004729_004836_A_0089_0090.mp4,162
f-1FbFegbuQ_E_004879_004987_A_0044_0045.mp4,165
f-1FbFegbuQ_E_004879_004987_A_0086_0087.mp4,167
f6k7PBGgeb4_E_000350_000458_A_0082_0083.mp4,162
f6k7PBGgeb4_E_000779_000876_A_0072_0073.mp4,162
f6k7PBGgeb4_E_001021_001127_A_0088_0089.mp4,162
fDa0HpoXES4_E_000304_000408_A_0032_0033.mp4,165
fDa0HpoXES4_E_000961_001062_A_0060_0061.mp4,163
fDa0HpoXES4_E_002679_002785_A_0046_0047.mp4,166
fDa0HpoXES4_E_002679_002785_A_0068_0069.mp4,163
fDa0HpoXES4_E_003787_003883_A_0041_0042.mp4,163
fDa0HpoXES4_E_003787_003883_A_0075_0076.mp4,165
fDa0HpoXES4_E_004339_004438_A_0042_0043.mp4,166
fDa0HpoXES4_E_004339_004438_A_0077_0078.mp4,162
fDa0HpoXES4_E_004724_004824_A_0058_0059.mp4,162
fDa0HpoXES4_E_004724_004824_A_0073_0074.mp4,165
fH-VYYl9elA_E_000264_000365_A_0047_0048.mp4,166
fH-VYYl9elA_E_000264_000365_A_0074_0075.mp4,162
fH-VYYl9elA_E_000607_000705_A_0041_0042.mp4,166
fH-VYYl9elA_E_000607_000705_A_0067_0069.mp4,163
fH-VYYl9elA_E_000904_000999_A_0042_0043.mp4,162
fH-VYYl9elA_E_000904_000999_A_0072_0073.mp4,165
fH-VYYl9elA_E_001216_001318_A_0080_0081.mp4,163
fH-VYYl9elA_E_001866_001961_A_0039_0040.mp4,165
fH-VYYl9elA_E_002127_002231_A_0043_0044.mp4,163
fH-VYYl9elA_E_002127_002231_A_0061_0062.mp4,165
gDmmqalpisc_E_004445_004551_A_0054_0055.mp4,165
gDmmqalpisc_E_006229_006328_A_0041_0042.mp4,165
gDmmqalpisc_E_006229_006328_A_0044_0045.mp4,162
gMNCwgXtQIw_E_003278_003381_A_0036_0037.mp4,165
gMNCwgXtQIw_E_003278_003381_A_0092_0093.mp4,162
gMNCwgXtQIw_E_003736_003840_A_0017_0018.mp4,162
gMNCwgXtQIw_E_003736_003840_A_0054_0055.mp4,165
gMNCwgXtQIw_E_004258_004363_A_0056_0057.mp4,165
gMNCwgXtQIw_E_004258_004363_A_0084_0085.mp4,162
gMNCwgXtQIw_E_004514_004617_A_0045_0046.mp4,162
gMNCwgXtQIw_E_004514_004617_A_0059_0060.mp4,165
gMNCwgXtQIw_E_004801_004902_A_0050_0051.mp4,166
gMNCwgXtQIw_E_004801_004902_A_0080_0081.mp4,169
gRgndu5MZY4_E_008610_008713_A_0066_0067.mp4,165
gRgndu5MZY4_E_008850_008952_A_0063_0064.mp4,162
gRgndu5MZY4_E_009311_009415_A_0051_0052.mp4,165
gRgndu5MZY4_E_009311_009415_A_0087_0088.mp4,162
gRgndu5MZY4_E_009602_009702_A_0026_0027.mp4,165
gRgndu5MZY4_E_009808_009910_A_0052_0053.mp4,165
gRgndu5MZY4_E_010248_010361_A_0078_0079.mp4,165
hibW8s4WQmQ_E_000212_000315_A_0050_0051.mp4,165
hibW8s4WQmQ_E_000212_000315_A_0063_0064.mp4,162
hibW8s4WQmQ_E_000534_000635_A_0046_0047.mp4,166
hibW8s4WQmQ_E_000534_000635_A_0068_0069.mp4,167
hibW8s4WQmQ_E_001706_001811_A_0059_0060.mp4,166
hibW8s4WQmQ_E_001706_001811_A_0082_0083.mp4,163
hibW8s4WQmQ_E_002302_002410_A_0033_0034.mp4,165
hibW8s4WQmQ_E_002302_002410_A_0081_0082.mp4,163
hibW8s4WQmQ_E_004459_004564_A_0058_0059.mp4,165
i87qMWsFbEI_E_000315_000413_A_0031_0032.mp4,167
i87qMWsFbEI_E_000315_000413_A_0040_0041.mp4,165
i87qMWsFbEI_E_000496_000598_A_0080_0081.mp4,167
i87qMWsFbEI_E_002693_002797_A_0050_0051.mp4,165
i87qMWsFbEI_E_002693_002797_A_0077_0078.mp4,162
i87qMWsFbEI_E_002862_002964_A_0019_0020.mp4,162
i87qMWsFbEI_E_002862_002964_A_0069_0070.mp4,165
i87qMWsFbEI_E_003129_003235_A_0054_0055.mp4,165
i87qMWsFbEI_E_003129_003235_A_0071_0072.mp4,162
i87qMWsFbEI_E_003295_003400_A_0051_0052.mp4,165
i87qMWsFbEI_E_003295_003400_A_0086_0087.mp4,162
jABvTCCWinA_E_001483_001582_A_0046_0047.mp4,165
jABvTCCWinA_E_002487_002584_A_0050_0051.mp4,165
jABvTCCWinA_E_002487_002584_A_0074_0075.mp4,162
jABvTCCWinA_E_005875_005977_A_0049_0050.mp4,165
jABvTCCWinA_E_005875_005977_A_0068_0069.mp4,162
jABvTCCWinA_E_006488_006584_A_0042_0043.mp4,165
ji4smBYYANs_E_002250_002348_A_0036_0037.mp4,169
ji4smBYYANs_E_003210_003307_A_0014_0015.mp4,166
ji4smBYYANs_E_003210_003307_A_0048_0049.mp4,165
ji4smBYYANs_E_003210_003307_A_0051_0052.mp4,162
ji4smBYYANs_E_004450_004547_A_0074_0075.mp4,162
ji4smBYYANs_E_006099_006200_A_0052_0053.mp4,163
ji4smBYYANs_E_006099_006200_A_0070_0071.mp4,169
ji4smBYYANs_E_006342_006438_A_0043_0044.mp4,162
ji4smBYYANs_E_006342_006438_A_0073_0074.mp4,165
ji4smBYYANs_E_006549_006659_A_0087_0088.mp4,162
ji4smBYYANs_E_006808_006911_A_0042_0043.mp4,165
ji4smBYYANs_E_006808_006911_A_0065_0066.mp4,163
ji4smBYYANs_E_007328_007430_A_0048_0050.mp4,166
ji4smBYYANs_E_007328_007430_A_0074_0075.mp4,162
jz594oTnl-k_E_000343_000446_A_0034_0035.mp4,165
jz594oTnl-k_E_000343_000446_A_0042_0043.mp4,167
jz594oTnl-k_E_001315_001417_A_0050_0051.mp4,165
jz594oTnl-k_E_001315_001417_A_0085_0086.mp4,162
jz594oTnl-k_E_001928_002032_A_0051_0052.mp4,165
jz594oTnl-k_E_001928_002032_A_0070_0071.mp4,162
jz594oTnl-k_E_001928_002032_A_0076_0077.mp4,165
jz594oTnl-k_E_003385_003487_A_0040_0041.mp4,167
jz594oTnl-k_E_003385_003487_A_0060_0061.mp4,165
jz594oTnl-k_E_003385_003487_A_0086_0087.mp4,166
jz594oTnl-k_E_003944_004044_A_0076_0077.mp4,165
jz594oTnl-k_E_004504_004606_A_0039_0040.mp4,165
jz594oTnl-k_E_004994_005094_A_0030_0031.mp4,162
jz594oTnl-k_E_004994_005094_A_0038_0039.mp4,167
jz594oTnl-k_E_004994_005094_A_0062_0063.mp4,165
k8zhOvRBjGo_E_000229_000337_A_0060_0061.mp4,166
k8zhOvRBjGo_E_000229_000337_A_0084_0085.mp4,163
k8zhOvRBjGo_E_000624_000728_A_0050_0051.mp4,166
k8zhOvRBjGo_E_000624_000728_A_0072_0073.mp4,167
k8zhOvRBjGo_E_000624_000728_A_0093_0094.mp4,163
k8zhOvRBjGo_E_001034_001136_A_0043_0044.mp4,162
k8zhOvRBjGo_E_001034_001136_A_0058_0059.mp4,165
k8zhOvRBjGo_E_001234_001337_A_0041_0042.mp4,165
k8zhOvRBjGo_E_001234_001337_A_0061_0062.mp4,163
k8zhOvRBjGo_E_003899_004002_A_0056_0057.mp4,166
k8zhOvRBjGo_E_003899_004002_A_0073_0074.mp4,169
k8zhOvRBjGo_E_005146_005246_A_0026_0027.mp4,166
k8zhOvRBjGo_E_005146_005246_A_0074_0075.mp4,163
lrwiYiFGQZE_E_001358_001461_A_0044_0045.mp4,165
lrwiYiFGQZE_E_002576_002678_A_0064_0065.mp4,162
lrwiYiFGQZE_E_002576_002678_A_0085_0086.mp4,165
lrwiYiFGQZE_E_003405_003507_A_0082_0083.mp4,165
lrwiYiFGQZE_E_004003_004107_A_0047_0048.mp4,166
lrwiYiFGQZE_E_004003_004107_A_0075_0076.mp4,163
lrwiYiFGQZE_E_004330_004436_A_0058_0059.mp4,166
lrwiYiFGQZE_E_004330_004436_A_0088_0089.mp4,163
mI7pLIDnTiQ_E_001349_001443_A_0057_0058.mp4,162
mQ59PLtU4QA_E_006002_006109_A_0053_0054.mp4,165
mQ59PLtU4QA_E_006002_006109_A_0095_0096.mp4,162
mQ59PLtU4QA_E_006208_006308_A_0048_0049.mp4,162
mQ59PLtU4QA_E_006406_006510_A_0036_0037.mp4,162
mQ59PLtU4QA_E_006406_006510_A_0064_0065.mp4,165
mQ59PLtU4QA_E_006993_007099_A_0067_0068.mp4,163
mQ59PLtU4QA_E_006993_007099_A_0085_0086.mp4,165
mQ59PLtU4QA_E_007427_007528_A_0011_0012.mp4,166
n9-yxVGYMRw_E_000341_000440_A_0071_0072.mp4,165
n9-yxVGYMRw_E_002755_002859_A_0050_0051.mp4,165
n9-yxVGYMRw_E_002755_002859_A_0052_0053.mp4,167
n9-yxVGYMRw_E_003258_003358_A_0047_0048.mp4,167
n9-yxVGYMRw_E_003258_003358_A_0066_0067.mp4,165
n9-yxVGYMRw_E_003518_003620_A_0050_0051.mp4,162
n9-yxVGYMRw_E_003518_003620_A_0072_0073.mp4,165
n9-yxVGYMRw_E_003785_003894_A_0052_0053.mp4,165
n9-yxVGYMRw_E_003785_003894_A_0089_0090.mp4,162
nSDRagdrJ-A_E_000198_000305_A_0048_0049.mp4,165
nSDRagdrJ-A_E_000198_000305_A_0050_0052.mp4,167
nSDRagdrJ-A_E_000671_000772_A_0046_0047.mp4,165
nSDRagdrJ-A_E_000671_000772_A_0079_0080.mp4,163
nSDRagdrJ-A_E_002813_002917_A_0046_0047.mp4,166
nSDRagdrJ-A_E_002813_002917_A_0080_0081.mp4,165
nSDRagdrJ-A_E_003038_003146_A_0062_0063.mp4,165
nSDRagdrJ-A_E_003239_003339_A_0066_0067.mp4,165
nSDRagdrJ-A_E_003449_003565_A_0066_0067.mp4,165
nSDRagdrJ-A_E_003449_003565_A_0069_0070.mp4,162
nSDRagdrJ-A_E_003449_003565_A_0107_0108.mp4,163
om-qKQXxnH4_E_001025_001123_A_0049_0051.mp4,166
om-qKQXxnH4_E_001398_001495_A_0039_0040.mp4,165
om-qKQXxnH4_E_001398_001495_A_0072_0073.mp4,162
om-qKQXxnH4_E_003085_003192_A_0032_0033.mp4,166
om-qKQXxnH4_E_003085_003192_A_0079_0080.mp4,163
om-qKQXxnH4_E_003775_003879_A_0080_0081.mp4,162
om-qKQXxnH4_E_004830_004929_A_0072_0073.mp4,162
owZ2Fv4Li8M_E_002479_002583_A_0043_0044.mp4,166
owZ2Fv4Li8M_E_002479_002583_A_0074_0075.mp4,169
owZ2Fv4Li8M_E_003088_003188_A_0043_0044.mp4,166
owZ2Fv4Li8M_E_003803_003905_A_0064_0065.mp4,165
p42w02g4Ce4_E_005706_005813_A_0097_0098.mp4,162
pDymfQS91xI_E_001208_001304_A_0061_0062.mp4,165
pDymfQS91xI_E_002320_002424_A_0053_0054.mp4,165
pDymfQS91xI_E_002320_002424_A_0089_0090.mp4,162
pDymfQS91xI_E_002634_002731_A_0046_0047.mp4,163
pDymfQS91xI_E_002634_002731_A_0078_0079.mp4,165
pDymfQS91xI_E_002847_002947_A_0077_0078.mp4,167
pDymfQS91xI_E_003149_003248_A_0050_0051.mp4,165
pDymfQS91xI_E_005326_005420_A_0044_0045.mp4,165
qBlozVQ7NOc_E_006813_006915_A_0044_0045.mp4,162
qBlozVQ7NOc_E_007044_007147_A_0071_0072.mp4,165
qBlozVQ7NOc_E_007306_007406_A_0055_0056.mp4,166
qBlozVQ7NOc_E_007306_007406_A_0092_0093.mp4,163
qBlozVQ7NOc_E_007526_007628_A_0050_0051.mp4,163
qBlozVQ7NOc_E_008042_008148_A_0059_0060.mp4,162
qBlozVQ7NOc_E_008251_008356_A_0087_0088.mp4,167
qBlozVQ7NOc_E_008457_008562_A_0047_0048.mp4,165
qBlozVQ7NOc_E_008457_008562_A_0083_0085.mp4,163
qGvIwgHzCH8_E_002101_002205_A_0044_0045.mp4,162
qGvIwgHzCH8_E_002101_002205_A_0080_0081.mp4,165
qGvIwgHzCH8_E_002286_002387_A_0042_0043.mp4,166
qGvIwgHzCH8_E_002286_002387_A_0064_0065.mp4,163
qGvIwgHzCH8_E_003934_004037_A_0053_0054.mp4,163
qGvIwgHzCH8_E_003934_004037_A_0072_0073.mp4,169
qGvIwgHzCH8_E_003934_004037_A_0080_0081.mp4,166
qGvIwgHzCH8_E_004139_004237_A_0040_0041.mp4,165
qGvIwgHzCH8_E_004574_004675_A_0088_0089.mp4,162
qGvIwgHzCH8_E_004981_005085_A_0050_0051.mp4,165
qGvIwgHzCH8_E_005498_005593_A_0048_0049.mp4,166
qGvIwgHzCH8_E_006097_006197_A_0080_0081.mp4,162
qGvIwgHzCH8_E_006661_006756_A_0042_0043.mp4,162
qGvIwgHzCH8_E_006661_006756_A_0072_0073.mp4,165
qGvIwgHzCH8_E_006961_007064_A_0062_0063.mp4,163
qGvIwgHzCH8_E_006961_007064_A_0082_0083.mp4,166
qfgrzomg0nc_E_003946_004044_A_0062_0063.mp4,165
s7pyZPf6fKU_E_000355_000459_A_0054_0055.mp4,166
s7pyZPf6fKU_E_000355_000459_A_0084_0085.mp4,169
s7pyZPf6fKU_E_000601_000717_A_0095_0096.mp4,165
s7pyZPf6fKU_E_000863_000973_A_0054_0055.mp4,163
s7pyZPf6fKU_E_000863_000973_A_0087_0088.mp4,165
s7pyZPf6fKU_E_001094_001198_A_0031_0032.mp4,163
s7pyZPf6fKU_E_001360_001463_A_0046_0048.mp4,166
s7pyZPf6fKU_E_005654_005754_A_0060_0061.mp4,162
s7pyZPf6fKU_E_005654_005754_A_0070_0071.mp4,162
t7Xgg9bejOM_E_007664_007762_A_0035_0037.mp4,166
t7Xgg9bejOM_E_007664_007762_A_0075_0076.mp4,162
t7Xgg9bejOM_E_007868_007979_A_0089_0090.mp4,166
t7Xgg9bejOM_E_008151_008251_A_0048_0049.mp4,166
t7Xgg9bejOM_E_008151_008251_A_0052_0053.mp4,164
t7Xgg9bejOM_E_008151_008251_A_0080_0082.mp4,163
t7Xgg9bejOM_E_008481_008581_A_0050_0051.mp4,165
t7Xgg9bejOM_E_008481_008581_A_0080_0081.mp4,162
t7Xgg9bejOM_E_008852_008950_A_0011_0012.mp4,165
t7Xgg9bejOM_E_008852_008950_A_0064_0065.mp4,162
t7Xgg9bejOM_E_009086_009187_A_0022_0023.mp4,165
t7Xgg9bejOM_E_009086_009187_A_0048_0049.mp4,162
t7Xgg9bejOM_E_009319_009419_A_0021_0022.mp4,166
t7Xgg9bejOM_E_009319_009419_A_0039_0040.mp4,163
t7Xgg9bejOM_E_009319_009419_A_0057_0058.mp4,165
u6tU91r1Szo_E_000740_000839_A_0033_0034.mp4,163
u6tU91r1Szo_E_000740_000839_A_0087_0088.mp4,162
u6tU91r1Szo_E_002524_002629_A_0024_0025.mp4,163
u6tU91r1Szo_E_002524_002629_A_0043_0044.mp4,165
u6tU91r1Szo_E_002524_002629_A_0077_0078.mp4,166
u6tU91r1Szo_E_004893_004996_A_0070_0071.mp4,165
u6tU91r1Szo_E_004893_004996_A_0080_0081.mp4,162
uDZVn-K4GE4_E_001726_001830_A_0040_0041.mp4,166
uDZVn-K4GE4_E_001726_001830_A_0069_0070.mp4,162
uDZVn-K4GE4_E_002173_002275_A_0054_0055.mp4,162
uDZVn-K4GE4_E_002173_002275_A_0088_0089.mp4,165
uDZVn-K4GE4_E_002405_002511_A_0058_0059.mp4,165
uDZVn-K4GE4_E_002405_002511_A_0086_0087.mp4,162
uDZVn-K4GE4_E_002615_002719_A_0030_0031.mp4,166
uDZVn-K4GE4_E_002615_002719_A_0078_0079.mp4,165
uDZVn-K4GE4_E_004139_004241_A_0039_0040.mp4,165
uDZVn-K4GE4_E_004139_004241_A_0045_0046.mp4,162
upaJ16I0zmQ_E_000334_000443_A_0087_0088.mp4,162
upaJ16I0zmQ_E_000558_000656_A_0048_0049.mp4,163
upaJ16I0zmQ_E_001062_001164_A_0040_0041.mp4,167
upaJ16I0zmQ_E_002150_002245_A_0067_0068.mp4,165
upaJ16I0zmQ_E_004147_004244_A_0060_0061.mp4,162
upaJ16I0zmQ_E_005091_005186_A_0044_0045.mp4,162
upaJ16I0zmQ_E_006322_006430_A_0051_0052.mp4,165
v3mISBmwrUM_E_000925_001031_A_0017_0018.mp4,166
v3mISBmwrUM_E_000925_001031_A_0047_0048.mp4,167
v3mISBmwrUM_E_000925_001031_A_0081_0082.mp4,162
v3mISBmwrUM_E_001150_001246_A_0023_0024.mp4,162
v3mISBmwrUM_E_001150_001246_A_0056_0057.mp4,165
v3mISBmwrUM_E_001406_001501_A_0027_0028.mp4,167
v3mISBmwrUM_E_001406_001501_A_0051_0052.mp4,162
v3mISBmwrUM_E_001628_001728_A_0037_0038.mp4,165
v3mISBmwrUM_E_002241_002343_A_0058_0059.mp4,165
v3mISBmwrUM_E_002241_002343_A_0071_0072.mp4,166
v3mISBmwrUM_E_002708_002806_A_0015_0016.mp4,166
v3mISBmwrUM_E_002708_002806_A_0060_0062.mp4,165
v3mISBmwrUM_E_002708_002806_A_0064_0065.mp4,162
v3mISBmwrUM_E_003428_003531_A_0030_0031.mp4,166
v3mISBmwrUM_E_003428_003531_A_0069_0070.mp4,165
v3mISBmwrUM_E_003428_003531_A_0077_0078.mp4,162
v3mISBmwrUM_E_004107_004205_A_0052_0053.mp4,162
v3mISBmwrUM_E_004107_004205_A_0075_0076.mp4,165
v3mISBmwrUM_E_004320_004418_A_0079_0080.mp4,162
v3mISBmwrUM_E_004589_004688_A_0025_0026.mp4,166
v3mISBmwrUM_E_004589_004688_A_0075_0076.mp4,165
v3mISBmwrUM_E_006006_006104_A_0045_0046.mp4,165
v3mISBmwrUM_E_006006_006104_A_0051_0052.mp4,163
v3mISBmwrUM_E_006480_006578_A_0042_0043.mp4,166
v3mISBmwrUM_E_006480_006578_A_0070_0071.mp4,162
vMn2UWFmMDY_E_004225_004323_A_0039_0040.mp4,162
vMn2UWFmMDY_E_004423_004532_A_0065_0066.mp4,162
vMn2UWFmMDY_E_004423_004532_A_0102_0103.mp4,165
vMn2UWFmMDY_E_004618_004717_A_0031_0032.mp4,165
vMn2UWFmMDY_E_004618_004717_A_0092_0093.mp4,162
vMn2UWFmMDY_E_004850_004948_A_0009_0010.mp4,165
vMn2UWFmMDY_E_004850_004948_A_0042_0043.mp4,162
vMn2UWFmMDY_E_005541_005648_A_0017_0019.mp4,163
vMn2UWFmMDY_E_005541_005648_A_0055_0056.mp4,165
vMn2UWFmMDY_E_005769_005870_A_0041_0042.mp4,165
vMn2UWFmMDY_E_005769_005870_A_0086_0087.mp4,162
vY-jPM995Gk_E_001682_001785_A_0036_0037.mp4,166
vY-jPM995Gk_E_001682_001785_A_0070_0071.mp4,163
vY-jPM995Gk_E_001682_001785_A_0081_0082.mp4,169
vY-jPM995Gk_E_002620_002720_A_0054_0055.mp4,165
vY-jPM995Gk_E_002620_002720_A_0082_0083.mp4,162
vY-jPM995Gk_E_003332_003435_A_0040_0041.mp4,165
vY-jPM995Gk_E_003332_003435_A_0053_0054.mp4,166
vY-jPM995Gk_E_003332_003435_A_0071_0072.mp4,167
vY-jPM995Gk_E_003691_003795_A_0070_0071.mp4,166
vY-jPM995Gk_E_003691_003795_A_0090_0091.mp4,167
vY-jPM995Gk_E_004572_004672_A_0015_0016.mp4,166
vY-jPM995Gk_E_004572_004672_A_0061_0062.mp4,169
vY-jPM995Gk_E_004572_004672_A_0076_0077.mp4,163
wWZry3-5sF0_E_000808_000908_A_0028_0029.mp4,163
wWZry3-5sF0_E_000808_000908_A_0076_0077.mp4,165
wWZry3-5sF0_E_001634_001737_A_0045_0046.mp4,166
wWZry3-5sF0_E_002697_002801_A_0063_0064.mp4,162
wWZry3-5sF0_E_003003_003099_A_0039_0040.mp4,163
wWZry3-5sF0_E_003003_003099_A_0071_0072.mp4,166
wWZry3-5sF0_E_003493_003597_A_0051_0052.mp4,166
wWZry3-5sF0_E_004473_004574_A_0048_0049.mp4,162
wWZry3-5sF0_E_004473_004574_A_0079_0080.mp4,165
wWwc2BbO598_E_002444_002541_A_0039_0040.mp4,162
wWwc2BbO598_E_002685_002773_A_0036_0037.mp4,162
wWwc2BbO598_E_002794_002897_A_0046_0047.mp4,165
wWwc2BbO598_E_002915_003019_A_0050_0051.mp4,162
wWwc2BbO598_E_002915_003019_A_0082_0083.mp4,165
wWwc2BbO598_E_003035_003140_A_0041_0042.mp4,165
wWwc2BbO598_E_003035_003140_A_0080_0081.mp4,163
wYbfwx93VXk_E_008337_008438_A_0057_0058.mp4,166
wYbfwx93VXk_E_008570_008672_A_0061_0062.mp4,167
wYbfwx93VXk_E_008826_008923_A_0063_0064.mp4,165
wYbfwx93VXk_E_009057_009158_A_0052_0053.mp4,163
wYbfwx93VXk_E_009057_009158_A_0070_0071.mp4,165
wYbfwx93VXk_E_009281_009385_A_0054_0055.mp4,165
wYbfwx93VXk_E_009281_009385_A_0059_0060.mp4,162
wYbfwx93VXk_E_009554_009654_A_0034_0035.mp4,163
wYbfwx93VXk_E_009813_009909_A_0048_0049.mp4,165
wYbfwx93VXk_E_009813_009909_A_0052_0053.mp4,163
wYbfwx93VXk_E_010073_010175_A_0058_0059.mp4,163
wYbfwx93VXk_E_010310_010415_A_0057_0058.mp4,166
wolPuHKrX9o_E_003177_003283_A_0052_0053.mp4,162
wolPuHKrX9o_E_003381_003480_A_0060_0061.mp4,165
wolPuHKrX9o_E_003606_003705_A_0026_0027.mp4,165
wolPuHKrX9o_E_004453_004551_A_0045_0046.mp4,165
wolPuHKrX9o_E_004453_004551_A_0051_0052.mp4,163
wolPuHKrX9o_E_004741_004844_A_0050_0052.mp4,166
wolPuHKrX9o_E_004741_004844_A_0077_0078.mp4,162
wolPuHKrX9o_E_005084_005190_A_0042_0043.mp4,165
wolPuHKrX9o_E_005084_005190_A_0062_0063.mp4,162
xHBUIt-airA_E_001244_001340_A_0041_0042.mp4,165
xHBUIt-airA_E_002027_002127_A_0019_0020.mp4,165
xHBUIt-airA_E_004032_004131_A_0045_0046.mp4,165
xHBUIt-airA_E_004258_004360_A_0086_0087.mp4,162
xHBUIt-airA_E_004870_004974_A_0030_0031.mp4,166
xHBUIt-airA_E_004870_004974_A_0078_0079.mp4,165
xHBUIt-airA_E_005112_005214_A_0082_0083.mp4,162
xHBUIt-airA_E_005632_005734_A_0077_0078.mp4,162
xHBUIt-airA_E_006080_006183_A_0071_0072.mp4,165
xHBUIt-airA_E_007025_007127_A_0047_0048.mp4,162
xHBUIt-airA_E_007025_007127_A_0080_0081.mp4,165
xHBUIt-airA_E_007256_007361_A_0031_0032.mp4,163
xHBUIt-airA_E_007256_007361_A_0079_0080.mp4,165
yIDi18JlgsQ_E_003760_003860_A_0047_0048.mp4,165
yIDi18JlgsQ_E_003760_003860_A_0080_0081.mp4,162
yIDi18JlgsQ_E_007917_007999_A_0009_0010.mp4,162
yIDi18JlgsQ_E_007917_007999_A_0030_0031.mp4,165
yvZPHJu3kb0_E_000262_000365_A_0072_0073.mp4,165
yvZPHJu3kb0_E_002828_002925_A_0040_0041.mp4,165
yvZPHJu3kb0_E_002828_002925_A_0042_0043.mp4,163
yvZPHJu3kb0_E_004098_004200_A_0031_0032.mp4,169
yvZPHJu3kb0_E_004098_004200_A_0055_0057.mp4,165
yvZPHJu3kb0_E_004098_004200_A_0076_0077.mp4,165
yvZPHJu3kb0_E_004098_004200_A_0091_0092.mp4,162
yvZPHJu3kb0_E_005851_005948_A_0031_0032.mp4,165
yvZPHJu3kb0_E_005851_005948_A_0048_0049.mp4,162
yz-uNJgIhk4_E_000372_000470_A_0038_0039.mp4,162
yz-uNJgIhk4_E_000372_000470_A_0064_0065.mp4,166
yz-uNJgIhk4_E_000523_000623_A_0051_0052.mp4,166
yz-uNJgIhk4_E_000523_000623_A_0077_0078.mp4,167
yz-uNJgIhk4_E_000834_000945_A_0045_0046.mp4,166
yz-uNJgIhk4_E_000834_000945_A_0082_0083.mp4,163
yz-uNJgIhk4_E_000834_000945_A_0087_0088.mp4,167
yz-uNJgIhk4_E_001095_001199_A_0057_0058.mp4,165
yz-uNJgIhk4_E_001095_001199_A_0089_0090.mp4,162
yz-uNJgIhk4_E_001693_001795_A_0050_0051.mp4,165
yz-uNJgIhk4_E_001693_001795_A_0072_0073.mp4,167
yz-uNJgIhk4_E_001693_001795_A_0078_0079.mp4,170
yz-uNJgIhk4_E_003134_003234_A_0058_0059.mp4,162
yz-uNJgIhk4_E_003134_003234_A_0074_0075.mp4,165
yz-uNJgIhk4_E_004334_004430_A_0040_0041.mp4,165
yz-uNJgIhk4_E_004334_004430_A_0077_0078.mp4,162
yz-uNJgIhk4_E_004820_004924_A_0039_0040.mp4,166
yz-uNJgIhk4_E_004820_004924_A_0082_0083.mp4,162
zNL3kn3UBmg_E_000334_000434_A_0070_0071.mp4,165
zNL3kn3UBmg_E_000946_001044_A_0074_0075.mp4,165
zNL3kn3UBmg_E_001223_001318_A_0072_0073.mp4,165
zNL3kn3UBmg_E_002703_002797_A_0061_0062.mp4,166
zNL3kn3UBmg_E_003321_003420_A_0064_0065.mp4,162
zNL3kn3UBmg_E_003646_003743_A_0053_0054.mp4,165
zNL3kn3UBmg_E_005408_005505_A_0037_0038.mp4,163
zNL3kn3UBmg_E_006046_006148_A_0046_0047.mp4,166
zNL3kn3UBmg_E_007228_007322_A_0036_0037.mp4,169
zNL3kn3UBmg_E_007548_007646_A_0066_0067.mp4,165
zNL3kn3UBmg_E_007869_007962_A_0064_0065.mp4,165
0LtLS9wROrk_E_000322_000417_A_0045_0046.mp4,167
0LtLS9wROrk_E_002250_002351_A_0038_0039.mp4,165
0jqn1vxdhls_E_003284_003383_A_0042_0043.mp4,165
0jqn1vxdhls_E_004354_004453_A_0047_0048.mp4,167
0jqn1vxdhls_E_004597_004705_A_0059_0060.mp4,166
0jqn1vxdhls_E_004597_004705_A_0089_0090.mp4,162
1Fdwuy2V9EY_E_008072_008172_A_0078_0079.mp4,163
1Fdwuy2V9EY_E_008621_008722_A_0072_0073.mp4,169
aEZbP-Yephw_E_001131_001234_A_0057_0058.mp4,164
eH-ZgOT8ASM_E_009071_009171_A_0086_0087.mp4,168
uDZVn-K4GE4_E_001726_001830_A_0049_0050.mp4,170
