50228.mp4,120
112551.mp4,120
3846.mp4,120
68077.mp4,119
106497.mp4,120
13569.mp4,119
8249.mp4,119
98671.mp4,119
40960.mp4,119
39036.mp4,119
39269.mp4,119
65409.mp4,120
96691.mp4,119
32356.mp4,119
139346.mp4,120
26579.mp4,120
212599.mp4,119
153319.mp4,119
92206.mp4,119
217791.mp4,119
9789.mp4,119
185860.mp4,120
95465.mp4,119
111604.mp4,119
48034.mp4,119
211903.mp4,119
69213.mp4,120
75340.mp4,120
134501.mp4,120
169931.mp4,120
213919.mp4,120
77990.mp4,119
179656.mp4,119
197146.mp4,120
59375.mp4,119
55398.mp4,120
146642.mp4,120
54990.mp4,119
177656.mp4,119
107143.mp4,119
117126.mp4,120
56444.mp4,119
204894.mp4,120
84519.mp4,119
167525.mp4,119
197985.mp4,119
6948.mp4,120
181760.mp4,119
48378.mp4,119
77236.mp4,119
191061.mp4,120
88835.mp4,119
59029.mp4,120
162448.mp4,119
23572.mp4,119
179545.mp4,119
196426.mp4,120
19292.mp4,120
57628.mp4,120
