113667.mp4,122
149540.mp4,122
157471.mp4,121
148644.mp4,121
50093.mp4,121
192120.mp4,121
178793.mp4,122
35243.mp4,122
16930.mp4,122
190504.mp4,121
81883.mp4,122
114119.mp4,122
155746.mp4,122
34582.mp4,121
59318.mp4,122
101715.mp4,122
6002.mp4,121
50972.mp4,122
217563.mp4,122
70615.mp4,122
4837.mp4,122
142665.mp4,122
65551.mp4,122
179123.mp4,122
31721.mp4,122
47253.mp4,122
102262.mp4,122
178464.mp4,122
175449.mp4,121
213497.mp4,122
45286.mp4,122
37676.mp4,121
193225.mp4,121
55194.mp4,121
208246.mp4,121
17791.mp4,122
68361.mp4,122
179262.mp4,122
210000.mp4,122
58964.mp4,122
98484.mp4,122
206184.mp4,122
146433.mp4,122
60632.mp4,121
196697.mp4,122
70320.mp4,122
86187.mp4,122
119035.mp4,122
4732.mp4,122
22288.mp4,121
182980.mp4,121
172917.mp4,122
93969.mp4,122
119327.mp4,121
212967.mp4,122
113957.mp4,121
210784.mp4,121
75892.mp4,121
40576.mp4,122
209289.mp4,122
40273.mp4,122
104696.mp4,121
211860.mp4,122
108957.mp4,122
93612.mp4,121
24848.mp4,121
210766.mp4,122
1854.mp4,121
159890.mp4,122
182758.mp4,121
149493.mp4,122
162012.mp4,122
51700.mp4,122
104301.mp4,121
41799.mp4,122
14937.mp4,121
98381.mp4,122
196171.mp4,122
37868.mp4,122
153901.mp4,121
47965.mp4,122
125889.mp4,122
123355.mp4,122
158736.mp4,122
84671.mp4,122
130028.mp4,122
153104.mp4,122
39910.mp4,121
5623.mp4,121
140112.mp4,121
107402.mp4,122
166101.mp4,122
78481.mp4,121
162704.mp4,122
160953.mp4,121
212392.mp4,122
59782.mp4,122
157446.mp4,122
95763.mp4,121
45814.mp4,121
210803.mp4,122
148624.mp4,122
35184.mp4,122
88288.mp4,121
2708.mp4,122
3105.mp4,122
198197.mp4,122
8685.mp4,122
36072.mp4,122
148664.mp4,122
40105.mp4,121
90228.mp4,122
2579.mp4,122
45538.mp4,122
195076.mp4,121
208468.mp4,122
94700.mp4,121
164407.mp4,122
152871.mp4,121
27527.mp4,122
36845.mp4,121
94887.mp4,121
220254.mp4,122
117209.mp4,122
75439.mp4,122
116815.mp4,121
165905.mp4,122
155152.mp4,121
10228.mp4,122
92294.mp4,122
177882.mp4,122
7828.mp4,122
117995.mp4,122
99131.mp4,121
89001.mp4,122
20650.mp4,122
160018.mp4,122
53623.mp4,122
42300.mp4,121
25346.mp4,122
187216.mp4,122
27295.mp4,122
32008.mp4,122
76900.mp4,122
85866.mp4,122
152270.mp4,122
100721.mp4,121
19965.mp4,122
219415.mp4,121
128007.mp4,121
68375.mp4,121
41909.mp4,122
41577.mp4,122
88650.mp4,122
138742.mp4,122
57496.mp4,122
100184.mp4,122
126357.mp4,121
179033.mp4,122
198763.mp4,122
106703.mp4,122
191207.mp4,122
112807.mp4,121
126564.mp4,122
207075.mp4,121
133.mp4,122
15141.mp4,122
197990.mp4,122
198571.mp4,122
185130.mp4,121
10490.mp4,122
52822.mp4,122
52359.mp4,122
105536.mp4,121
179136.mp4,121
56467.mp4,121
9548.mp4,121
56182.mp4,122
170065.mp4,122
90628.mp4,121
162212.mp4,122
60292.mp4,121
148599.mp4,122
8519.mp4,121
4153.mp4,122
164878.mp4,121
5314.mp4,122
202396.mp4,122
18694.mp4,122
188427.mp4,122
51580.mp4,121
47861.mp4,121
202765.mp4,122
40690.mp4,122
108821.mp4,122
120674.mp4,122
47930.mp4,121
78297.mp4,122
164593.mp4,122
149752.mp4,121
107318.mp4,121
11189.mp4,121
34606.mp4,122
94671.mp4,121
61503.mp4,122
148444.mp4,121
133728.mp4,122
68687.mp4,121
94552.mp4,122
90914.mp4,122
121161.mp4,122
161113.mp4,121
153958.mp4,121
39763.mp4,121
102324.mp4,121
64194.mp4,122
193141.mp4,122
76191.mp4,122
196816.mp4,121
153860.mp4,122
31140.mp4,121
218794.mp4,122
53344.mp4,121
144447.mp4,122
164707.mp4,121
6329.mp4,122
146311.mp4,122
217229.mp4,122
15203.mp4,121
53101.mp4,122
178696.mp4,121
199672.mp4,122
121810.mp4,121
120096.mp4,122
35026.mp4,122
106747.mp4,122
125920.mp4,121
28977.mp4,121
3123.mp4,121
167277.mp4,122
39996.mp4,122
16473.mp4,122
156495.mp4,121
163757.mp4,122
96751.mp4,121
210263.mp4,122
166216.mp4,121
112770.mp4,121
40169.mp4,121
124572.mp4,121
154168.mp4,121
185358.mp4,121
109212.mp4,122
80902.mp4,121
65555.mp4,122
176540.mp4,121
158473.mp4,121
108144.mp4,122
158452.mp4,122
154410.mp4,121
219515.mp4,122
25215.mp4,122
131901.mp4,121
116387.mp4,122
145461.mp4,122
108925.mp4,121
161760.mp4,122
189340.mp4,121
180329.mp4,122
133395.mp4,122
25294.mp4,122
95675.mp4,122
57357.mp4,121
167558.mp4,121
24276.mp4,121
15440.mp4,122
185370.mp4,122
41139.mp4,121
144195.mp4,121
193902.mp4,122
139018.mp4,121
114352.mp4,122
181916.mp4,121
50718.mp4,121
71157.mp4,121
156376.mp4,122
17059.mp4,122
98873.mp4,122
55068.mp4,121
202013.mp4,122
105488.mp4,122
23425.mp4,122
37941.mp4,121
59275.mp4,121
88868.mp4,122
27641.mp4,121
202321.mp4,122
47071.mp4,121
217661.mp4,122
51003.mp4,121
40816.mp4,122
186478.mp4,122
55219.mp4,122
107783.mp4,121
31948.mp4,122
40911.mp4,122
35279.mp4,121
50241.mp4,122
144652.mp4,122
101079.mp4,122
45568.mp4,121
167480.mp4,122
104590.mp4,122
64584.mp4,121
137853.mp4,122
146211.mp4,121
204126.mp4,122
91356.mp4,122
142320.mp4,122
153019.mp4,121
88730.mp4,122
173816.mp4,122
84522.mp4,122
147510.mp4,121
106224.mp4,122
131263.mp4,122
145235.mp4,121
124240.mp4,121
151602.mp4,122
138704.mp4,121
49351.mp4,121
31805.mp4,121
70235.mp4,121
163485.mp4,122
164232.mp4,121
56110.mp4,122
87596.mp4,122
54340.mp4,122
111603.mp4,122
79633.mp4,122
119578.mp4,122
37914.mp4,122
33368.mp4,122
66303.mp4,122
182293.mp4,121
3528.mp4,121
24381.mp4,122
147216.mp4,121
78026.mp4,121
203703.mp4,122
151872.mp4,122
159791.mp4,122
136419.mp4,122
147527.mp4,122
134954.mp4,122
95360.mp4,122
67380.mp4,122
85190.mp4,121
143443.mp4,122
49816.mp4,121
45394.mp4,121
214735.mp4,122
68691.mp4,121
6078.mp4,122
174384.mp4,122
38233.mp4,122
189154.mp4,122
166122.mp4,122
17427.mp4,121
83350.mp4,121
140067.mp4,121
25931.mp4,122
120221.mp4,122
13731.mp4,122
91957.mp4,122
5964.mp4,121
199314.mp4,121
147371.mp4,122
216858.mp4,121
47263.mp4,122
92278.mp4,122
168283.mp4,122
134192.mp4,122
9517.mp4,121
179589.mp4,122
184813.mp4,121
106278.mp4,122
126326.mp4,122
16807.mp4,122
4962.mp4,122
103721.mp4,122
187039.mp4,121
16775.mp4,122
4597.mp4,121
118980.mp4,122
173612.mp4,122
32041.mp4,122
185297.mp4,122
144957.mp4,122
44424.mp4,121
171484.mp4,122
2437.mp4,122
120017.mp4,121
12962.mp4,122
199396.mp4,122
162327.mp4,122
3593.mp4,122
34030.mp4,122
183228.mp4,122
119366.mp4,122
167617.mp4,122
30744.mp4,122
146692.mp4,121
113276.mp4,121
83879.mp4,121
185417.mp4,122
150750.mp4,121
149259.mp4,122
46366.mp4,121
136680.mp4,121
17781.mp4,122
18930.mp4,122
180321.mp4,122
184704.mp4,122
159878.mp4,122
9490.mp4,121
191069.mp4,122
158170.mp4,122
134323.mp4,122
106593.mp4,122
24162.mp4,122
52933.mp4,121
138008.mp4,122
26387.mp4,121
38445.mp4,121
43795.mp4,122
13688.mp4,121
212926.mp4,122
175366.mp4,122
141447.mp4,122
106479.mp4,121
59655.mp4,122
180343.mp4,121
40614.mp4,122
177773.mp4,121
153385.mp4,121
57735.mp4,121
90111.mp4,122
121910.mp4,121
158349.mp4,122
12872.mp4,122
20267.mp4,122
86274.mp4,122
52738.mp4,122
57479.mp4,122
183672.mp4,121
59498.mp4,121
183940.mp4,122
120720.mp4,121
195767.mp4,121
37456.mp4,122
155259.mp4,122
114133.mp4,122
23057.mp4,122
75845.mp4,122
19677.mp4,122
55340.mp4,121
137865.mp4,122
82218.mp4,121
153218.mp4,121
89787.mp4,121
19572.mp4,122
55264.mp4,122
118494.mp4,122
90021.mp4,122
112081.mp4,121
116991.mp4,121
86340.mp4,122
30240.mp4,122
134818.mp4,122
172760.mp4,122
63340.mp4,121
108934.mp4,122
17455.mp4,122
68914.mp4,121
77014.mp4,121
111373.mp4,121
73851.mp4,122
57509.mp4,122
178794.mp4,121
118187.mp4,122
10621.mp4,121
219590.mp4,122
31615.mp4,121
115148.mp4,121
187903.mp4,122
118721.mp4,122
40698.mp4,122
42047.mp4,122
54574.mp4,121
41969.mp4,122
127908.mp4,121
136122.mp4,122
18921.mp4,121
152833.mp4,122
151328.mp4,122
44335.mp4,121
38261.mp4,122
93972.mp4,122
183296.mp4,122
200074.mp4,122
180869.mp4,122
121941.mp4,122
35161.mp4,122
111851.mp4,122
147247.mp4,122
179112.mp4,122
32727.mp4,122
129997.mp4,122
119392.mp4,121
93388.mp4,121
146158.mp4,121
162762.mp4,121
175744.mp4,121
198616.mp4,122
193103.mp4,121
61704.mp4,122
27496.mp4,121
69622.mp4,121
101089.mp4,122
128253.mp4,122
109828.mp4,121
190211.mp4,122
213437.mp4,122
71422.mp4,122
5664.mp4,121
73862.mp4,122
45251.mp4,122
66032.mp4,121
182064.mp4,122
24648.mp4,122
20695.mp4,121
142954.mp4,121
88074.mp4,122
169004.mp4,122
117374.mp4,121
202357.mp4,122
63419.mp4,122
101236.mp4,122
54198.mp4,121
132734.mp4,121
23722.mp4,122
93852.mp4,122
11929.mp4,122
135105.mp4,122
156205.mp4,122
40720.mp4,122
214055.mp4,122
187017.mp4,122
211365.mp4,122
135093.mp4,122
124208.mp4,122
57458.mp4,122
135288.mp4,121
216589.mp4,122
73432.mp4,122
35737.mp4,122
149840.mp4,121
131282.mp4,122
170600.mp4,122
104466.mp4,122
80421.mp4,122
112085.mp4,121
100435.mp4,121
116660.mp4,122
139010.mp4,121
107258.mp4,122
136934.mp4,122
103526.mp4,122
102919.mp4,122
160110.mp4,122
93655.mp4,122
2045.mp4,122
176857.mp4,122
137005.mp4,121
13165.mp4,121
4293.mp4,121
134684.mp4,121
91522.mp4,122
48801.mp4,122
9299.mp4,122
51322.mp4,122
101469.mp4,122
200319.mp4,121
9873.mp4,121
84739.mp4,122
195134.mp4,122
125017.mp4,122
199025.mp4,122
162177.mp4,122
131828.mp4,122
114704.mp4,122
167323.mp4,122
69761.mp4,121
96667.mp4,121
106374.mp4,122
15900.mp4,122
214124.mp4,121
99060.mp4,122
220077.mp4,122
138976.mp4,122
201817.mp4,121
177682.mp4,122
151093.mp4,121
70253.mp4,121
21005.mp4,122
72883.mp4,122
57249.mp4,121
13305.mp4,122
186621.mp4,122
63718.mp4,122
17604.mp4,122
120044.mp4,121
209166.mp4,121
129593.mp4,122
26306.mp4,121
142286.mp4,122
109615.mp4,122
8315.mp4,121
99568.mp4,122
154203.mp4,121
8186.mp4,121
187022.mp4,122
123759.mp4,122
30798.mp4,122
6011.mp4,121
140549.mp4,122
106437.mp4,122
10299.mp4,122
14488.mp4,122
9189.mp4,122
104031.mp4,122
30544.mp4,122
84849.mp4,122
198769.mp4,121
176846.mp4,122
73232.mp4,122
215355.mp4,121
118702.mp4,121
192480.mp4,122
73161.mp4,121
116191.mp4,122
41980.mp4,121
28650.mp4,121
100395.mp4,122
200603.mp4,122
24554.mp4,122
33553.mp4,122
149398.mp4,122
210675.mp4,122
22182.mp4,122
124078.mp4,121
52302.mp4,122
194449.mp4,122
13477.mp4,122
177223.mp4,122
86857.mp4,122
195740.mp4,121
113333.mp4,122
30446.mp4,121
70569.mp4,122
149024.mp4,122
50585.mp4,122
75465.mp4,121
62895.mp4,121
192819.mp4,122
184302.mp4,122
144865.mp4,121
6821.mp4,122
138973.mp4,122
68275.mp4,122
99727.mp4,122
21346.mp4,122
37484.mp4,122
209384.mp4,121
164799.mp4,121
6554.mp4,122
165965.mp4,122
86846.mp4,122
14694.mp4,121
600.mp4,121
148941.mp4,122
131401.mp4,122
61360.mp4,122
18653.mp4,122
218460.mp4,121
201345.mp4,121
78050.mp4,121
87531.mp4,121
72504.mp4,122
80509.mp4,122
193718.mp4,121
125664.mp4,122
190290.mp4,121
203791.mp4,121
192988.mp4,121
160485.mp4,122
83674.mp4,122
97485.mp4,122
133864.mp4,122
15125.mp4,122
16460.mp4,121
97393.mp4,122
33565.mp4,121
78104.mp4,121
115119.mp4,121
61193.mp4,122
186697.mp4,122
190650.mp4,122
134657.mp4,121
68976.mp4,122
166091.mp4,121
132135.mp4,121
193185.mp4,121
126408.mp4,121
158188.mp4,122
56422.mp4,122
75749.mp4,121
213314.mp4,122
63283.mp4,121
108450.mp4,122
175965.mp4,121
71098.mp4,122
99737.mp4,122
68270.mp4,122
167299.mp4,122
139688.mp4,121
70619.mp4,122
139422.mp4,122
4948.mp4,122
8821.mp4,121
84162.mp4,121
140086.mp4,121
65289.mp4,122
136286.mp4,121
197867.mp4,122
171636.mp4,122
210179.mp4,122
116151.mp4,121
120823.mp4,122
180498.mp4,121
161529.mp4,122
65999.mp4,122
116925.mp4,121
109552.mp4,121
137444.mp4,122
212292.mp4,121
60335.mp4,122
46562.mp4,121
161038.mp4,122
218362.mp4,122
165619.mp4,121
17971.mp4,122
31273.mp4,122
126420.mp4,121
184899.mp4,122
125240.mp4,121
2707.mp4,122
148442.mp4,121
12847.mp4,122
123612.mp4,121
109193.mp4,121
178752.mp4,121
131205.mp4,121
9791.mp4,121
81611.mp4,122
203821.mp4,122
122460.mp4,121
204047.mp4,121
199381.mp4,122
90196.mp4,122
132484.mp4,121
133660.mp4,122
161132.mp4,122
185536.mp4,121
62793.mp4,122
220126.mp4,122
85551.mp4,122
84101.mp4,122
22226.mp4,122
27372.mp4,121
80537.mp4,122
182498.mp4,121
133939.mp4,122
97700.mp4,121
66041.mp4,121
101555.mp4,122
174197.mp4,121
188512.mp4,121
92237.mp4,122
167157.mp4,122
196562.mp4,122
149696.mp4,122
93366.mp4,122
127655.mp4,122
39992.mp4,121
28256.mp4,121
129606.mp4,122
207135.mp4,122
208892.mp4,122
54272.mp4,121
199762.mp4,122
216576.mp4,122
167425.mp4,122
191527.mp4,122
89799.mp4,122
53536.mp4,122
121149.mp4,122
62453.mp4,122
146841.mp4,122
93043.mp4,122
130100.mp4,122
48528.mp4,122
193691.mp4,122
201880.mp4,122
36013.mp4,121
118627.mp4,121
33738.mp4,121
101340.mp4,121
13524.mp4,122
107936.mp4,121
64150.mp4,121
109284.mp4,121
147581.mp4,121
96857.mp4,122
33092.mp4,122
181920.mp4,121
94507.mp4,122
101116.mp4,121
35699.mp4,122
20423.mp4,122
161275.mp4,121
102183.mp4,122
149477.mp4,122
98130.mp4,121
175015.mp4,122
51431.mp4,121
86221.mp4,121
28087.mp4,121
215961.mp4,122
83724.mp4,121
50302.mp4,122
199473.mp4,122
27875.mp4,122
125915.mp4,122
113604.mp4,121
14276.mp4,122
199123.mp4,122
204185.mp4,121
86790.mp4,121
148916.mp4,121
6910.mp4,121
148186.mp4,121
39201.mp4,122
184232.mp4,121
215874.mp4,122
180987.mp4,121
182479.mp4,122
103093.mp4,122
162578.mp4,121
76949.mp4,122
195685.mp4,122
178928.mp4,122
219700.mp4,122
44498.mp4,122
153770.mp4,122
31039.mp4,122
190687.mp4,122
151049.mp4,122
197496.mp4,121
83339.mp4,122
185819.mp4,121
76678.mp4,122
186259.mp4,122
79188.mp4,121
143572.mp4,122
155868.mp4,121
148352.mp4,121
218327.mp4,121
163690.mp4,121
153724.mp4,121
5825.mp4,121
60489.mp4,122
204626.mp4,121
139940.mp4,122
125081.mp4,122
113749.mp4,122
144248.mp4,122
176606.mp4,122
128189.mp4,122
186828.mp4,121
147116.mp4,121
19256.mp4,122
87957.mp4,122
20184.mp4,121
12551.mp4,121
207045.mp4,121
74668.mp4,122
202906.mp4,122
137752.mp4,121
172518.mp4,122
111112.mp4,122
114012.mp4,121
96599.mp4,122
39139.mp4,121
113554.mp4,122
46149.mp4,122
20931.mp4,121
63464.mp4,122
127588.mp4,121
139230.mp4,122
509.mp4,122
150664.mp4,122
76431.mp4,122
167611.mp4,122
134363.mp4,122
90448.mp4,122
32589.mp4,122
147222.mp4,122
93440.mp4,121
102932.mp4,122
126319.mp4,122
130370.mp4,121
72672.mp4,122
129715.mp4,121
7814.mp4,121
212857.mp4,122
17754.mp4,122
115942.mp4,121
116886.mp4,122
110919.mp4,121
217127.mp4,122
33003.mp4,122
197529.mp4,122
145013.mp4,122
82498.mp4,122
18553.mp4,122
111839.mp4,122
51554.mp4,122
217796.mp4,122
127293.mp4,122
172618.mp4,122
200450.mp4,122
174406.mp4,122
201110.mp4,122
217516.mp4,122
202645.mp4,121
129256.mp4,121
4623.mp4,122
73581.mp4,122
25217.mp4,122
209898.mp4,122
177698.mp4,122
50995.mp4,121
169524.mp4,122
103977.mp4,121
127687.mp4,121
198526.mp4,121
46989.mp4,122
74092.mp4,121
81682.mp4,122
191258.mp4,121
134778.mp4,121
92483.mp4,122
194308.mp4,122
203426.mp4,121
165370.mp4,121
26297.mp4,122
171452.mp4,122
94116.mp4,121
149501.mp4,121
197317.mp4,121
150132.mp4,121
41844.mp4,121
25611.mp4,122
166149.mp4,122
67609.mp4,122
183731.mp4,121
75676.mp4,121
192017.mp4,122
71711.mp4,122
217430.mp4,122
54115.mp4,122
79425.mp4,122
22908.mp4,121
29952.mp4,121
37700.mp4,122
61005.mp4,122
214706.mp4,121
136371.mp4,121
106847.mp4,122
24145.mp4,121
110317.mp4,122
181911.mp4,122
58792.mp4,122
68864.mp4,122
7154.mp4,122
99518.mp4,122
44408.mp4,121
38722.mp4,122
187686.mp4,121
188658.mp4,122
121451.mp4,121
67030.mp4,122
133401.mp4,121
109188.mp4,122
194670.mp4,121
203763.mp4,122
23841.mp4,122
51977.mp4,122
179759.mp4,122
54409.mp4,122
6802.mp4,122
129288.mp4,122
157071.mp4,122
212744.mp4,121
93406.mp4,122
130182.mp4,121
210683.mp4,122
158373.mp4,122
57029.mp4,122
205512.mp4,121
60843.mp4,122
100785.mp4,122
164898.mp4,121
156020.mp4,122
170398.mp4,121
96379.mp4,122
85804.mp4,122
179934.mp4,122
147313.mp4,122
73815.mp4,122
930.mp4,121
8644.mp4,122
123351.mp4,122
112029.mp4,122
24111.mp4,122
114863.mp4,122
44266.mp4,122
73530.mp4,121
172658.mp4,121
106769.mp4,122
97552.mp4,122
63877.mp4,121
109627.mp4,122
159101.mp4,122
188535.mp4,122
711.mp4,122
114724.mp4,122
212233.mp4,122
46916.mp4,121
192364.mp4,121
110364.mp4,122
1935.mp4,122
146494.mp4,122
151134.mp4,121
89245.mp4,121
14140.mp4,122
165990.mp4,121
220286.mp4,121
89991.mp4,121
181052.mp4,122
149860.mp4,122
18521.mp4,122
121843.mp4,122
191145.mp4,122
35819.mp4,121
209291.mp4,121
113231.mp4,122
47839.mp4,121
78251.mp4,121
63084.mp4,122
32725.mp4,121
52592.mp4,122
112089.mp4,122
147324.mp4,122
220465.mp4,121
163366.mp4,121
174794.mp4,122
33433.mp4,122
29730.mp4,122
7016.mp4,121
106287.mp4,121
160325.mp4,121
160209.mp4,122
75936.mp4,122
151476.mp4,121
180557.mp4,121
22844.mp4,122
55912.mp4,122
8876.mp4,121
75663.mp4,121
154672.mp4,122
219675.mp4,122
5866.mp4,122
30344.mp4,122
108532.mp4,122
89880.mp4,122
21805.mp4,121
173836.mp4,121
9534.mp4,122
112548.mp4,122
121914.mp4,121
45796.mp4,122
205037.mp4,121
117222.mp4,122
90397.mp4,122
148469.mp4,122
2504.mp4,121
123647.mp4,122
173977.mp4,122
147001.mp4,121
152422.mp4,122
65323.mp4,122
66268.mp4,122
163251.mp4,122
210536.mp4,122
154916.mp4,122
77349.mp4,122
75479.mp4,122
124653.mp4,121
217681.mp4,122
56791.mp4,122
199646.mp4,122
74623.mp4,122
160661.mp4,122
70407.mp4,122
57733.mp4,121
195560.mp4,122
168587.mp4,121
85068.mp4,122
184525.mp4,122
86611.mp4,122
139714.mp4,121
43258.mp4,121
192500.mp4,121
21477.mp4,122
66893.mp4,122
47499.mp4,122
183519.mp4,121
96789.mp4,121
48425.mp4,122
69199.mp4,122
63987.mp4,122
139443.mp4,122
7926.mp4,122
87249.mp4,122
179228.mp4,122
76565.mp4,122
138387.mp4,122
68430.mp4,121
12525.mp4,121
53356.mp4,122
134514.mp4,122
82487.mp4,122
208796.mp4,122
14570.mp4,122
74584.mp4,122
29014.mp4,122
212585.mp4,122
180466.mp4,121
121536.mp4,121
197312.mp4,122
155550.mp4,122
85951.mp4,121
19193.mp4,122
142123.mp4,121
193852.mp4,122
92642.mp4,122
21099.mp4,121
103088.mp4,122
212314.mp4,122
4880.mp4,122
139732.mp4,122
64444.mp4,121
104163.mp4,122
100975.mp4,122
177947.mp4,122
202155.mp4,122
148670.mp4,122
212446.mp4,122
179719.mp4,122
138715.mp4,121
8467.mp4,122
205986.mp4,122
53959.mp4,122
202175.mp4,122
5291.mp4,122
109530.mp4,121
54232.mp4,121
140710.mp4,121
196023.mp4,122
10083.mp4,121
114424.mp4,121
105753.mp4,121
80486.mp4,121
2430.mp4,122
34828.mp4,122
182376.mp4,122
66575.mp4,121
41583.mp4,122
206704.mp4,122
90733.mp4,122
174206.mp4,122
32273.mp4,122
131503.mp4,121
82792.mp4,121
153030.mp4,122
172564.mp4,121
87839.mp4,122
23752.mp4,122
104966.mp4,121
14107.mp4,122
168873.mp4,121
125530.mp4,121
86358.mp4,121
100232.mp4,121
141899.mp4,122
36376.mp4,122
172797.mp4,122
38303.mp4,122
43197.mp4,122
36439.mp4,122
95161.mp4,122
190347.mp4,122
62540.mp4,122
131526.mp4,122
43972.mp4,121
218924.mp4,121
188134.mp4,122
154983.mp4,122
140923.mp4,122
178122.mp4,122
190358.mp4,122
35688.mp4,121
40751.mp4,122
61502.mp4,121
101137.mp4,121
202164.mp4,122
167601.mp4,122
163232.mp4,121
194027.mp4,121
61027.mp4,122
152079.mp4,121
138740.mp4,122
67311.mp4,121
35441.mp4,121
150059.mp4,122
84883.mp4,122
6787.mp4,122
194073.mp4,121
24811.mp4,121
135753.mp4,121
26975.mp4,122
100668.mp4,122
136188.mp4,122
60640.mp4,122
67635.mp4,122
18938.mp4,122
98333.mp4,121
62729.mp4,122
104591.mp4,122
110917.mp4,122
162353.mp4,121
158474.mp4,121
37449.mp4,122
131472.mp4,122
166581.mp4,122
25257.mp4,122
102158.mp4,121
160535.mp4,121
160732.mp4,121
94606.mp4,121
99203.mp4,121
91230.mp4,122
211259.mp4,121
137102.mp4,122
51257.mp4,122
28377.mp4,122
40185.mp4,121
44415.mp4,122
114928.mp4,122
111351.mp4,121
66227.mp4,121
117024.mp4,122
52790.mp4,121
109843.mp4,122
113855.mp4,122
194098.mp4,122
166470.mp4,122
123748.mp4,121
154774.mp4,121
45685.mp4,121
15385.mp4,122
195505.mp4,122
21497.mp4,122
83998.mp4,122
78650.mp4,121
67072.mp4,122
123905.mp4,121
161587.mp4,122
62166.mp4,122
46313.mp4,122
62235.mp4,122
202753.mp4,121
140998.mp4,121
151649.mp4,122
149080.mp4,121
199901.mp4,122
147923.mp4,122
189734.mp4,122
104773.mp4,121
218542.mp4,121
29780.mp4,122
79529.mp4,122
161241.mp4,121
10176.mp4,122
70317.mp4,121
37293.mp4,122
75443.mp4,122
4134.mp4,122
54363.mp4,122
77296.mp4,122
112767.mp4,122
94607.mp4,121
124354.mp4,121
14779.mp4,122
210205.mp4,121
112760.mp4,121
168067.mp4,122
182823.mp4,122
99935.mp4,122
65687.mp4,122
68036.mp4,122
88025.mp4,122
176227.mp4,122
42524.mp4,122
84707.mp4,122
93607.mp4,121
132384.mp4,122
217949.mp4,121
187450.mp4,121
161591.mp4,122
5441.mp4,121
99054.mp4,122
206076.mp4,122
5482.mp4,121
152920.mp4,121
3024.mp4,122
149854.mp4,122
75887.mp4,122
186648.mp4,122
55415.mp4,122
23214.mp4,122
193347.mp4,122
164374.mp4,122
136743.mp4,122
388.mp4,122
148797.mp4,122
35299.mp4,121
100679.mp4,122
148144.mp4,122
82675.mp4,122
144181.mp4,122
202991.mp4,122
215473.mp4,122
116910.mp4,122
177335.mp4,122
91808.mp4,122
68671.mp4,122
216159.mp4,122
35170.mp4,122
197455.mp4,122
112351.mp4,122
144037.mp4,122
99692.mp4,122
111476.mp4,122
33823.mp4,122
97659.mp4,121
67594.mp4,121
69485.mp4,121
112411.mp4,122
163134.mp4,121
164952.mp4,122
15663.mp4,122
37838.mp4,121
172639.mp4,122
172219.mp4,121
84048.mp4,121
173619.mp4,121
167469.mp4,122
193699.mp4,121
59700.mp4,121
97038.mp4,122
112574.mp4,122
123932.mp4,122
157034.mp4,122
169145.mp4,121
86.mp4,122
97461.mp4,122
48585.mp4,122
191015.mp4,122
97016.mp4,122
32480.mp4,121
96724.mp4,122
86562.mp4,121
181359.mp4,121
187317.mp4,122
122270.mp4,121
139502.mp4,121
120540.mp4,122
69660.mp4,121
148590.mp4,122
218598.mp4,122
157949.mp4,122
107881.mp4,121
139108.mp4,122
208531.mp4,121
38567.mp4,122
48876.mp4,121
59792.mp4,121
212648.mp4,121
56428.mp4,122
70250.mp4,121
56855.mp4,122
23098.mp4,122
95715.mp4,122
31808.mp4,122
197058.mp4,122
155350.mp4,121
215838.mp4,121
156810.mp4,122
172836.mp4,122
148424.mp4,121
157424.mp4,122
207955.mp4,122
164576.mp4,122
22237.mp4,121
38465.mp4,122
136914.mp4,121
42991.mp4,122
124142.mp4,122
132799.mp4,122
32786.mp4,122
31177.mp4,121
119415.mp4,122
208820.mp4,122
26267.mp4,122
38807.mp4,121
101144.mp4,121
144390.mp4,122
148650.mp4,121
121961.mp4,122
37324.mp4,122
24855.mp4,121
91064.mp4,122
60754.mp4,122
148329.mp4,122
115214.mp4,122
218943.mp4,121
73296.mp4,121
22400.mp4,122
151092.mp4,122
13552.mp4,122
211940.mp4,122
175966.mp4,122
29909.mp4,121
94681.mp4,122
205083.mp4,121
215307.mp4,122
77579.mp4,122
148058.mp4,122
40128.mp4,121
133686.mp4,122
149531.mp4,121
15309.mp4,122
55726.mp4,122
193491.mp4,121
5108.mp4,122
12200.mp4,122
94322.mp4,122
31744.mp4,122
24339.mp4,122
20920.mp4,122
203844.mp4,121
89908.mp4,121
31291.mp4,122
26401.mp4,121
93931.mp4,121
167050.mp4,122
151643.mp4,122
211171.mp4,121
55720.mp4,122
34346.mp4,122
2159.mp4,122
95459.mp4,121
68938.mp4,122
108142.mp4,122
141912.mp4,121
103729.mp4,122
55357.mp4,122
195616.mp4,122
159423.mp4,122
108321.mp4,122
84275.mp4,122
160365.mp4,122
161323.mp4,122
59493.mp4,122
135770.mp4,121
153747.mp4,122
85065.mp4,122
156323.mp4,122
76742.mp4,121
11426.mp4,122
168437.mp4,122
205574.mp4,122
192730.mp4,122
118628.mp4,122
57348.mp4,122
61141.mp4,122
207542.mp4,122
24360.mp4,122
30206.mp4,122
212350.mp4,121
89084.mp4,122
77286.mp4,121
67995.mp4,122
142352.mp4,121
110244.mp4,122
78391.mp4,121
29354.mp4,121
137126.mp4,122
147668.mp4,122
79988.mp4,122
188019.mp4,122
121686.mp4,122
208943.mp4,122
130946.mp4,122
206336.mp4,122
25745.mp4,121
190052.mp4,122
29760.mp4,121
121644.mp4,122
48118.mp4,121
74404.mp4,122
131014.mp4,122
114199.mp4,122
2381.mp4,122
66793.mp4,121
91304.mp4,121
207174.mp4,122
129087.mp4,122
71316.mp4,122
77647.mp4,122
216833.mp4,122
61656.mp4,122
123366.mp4,122
76492.mp4,121
70687.mp4,121
151071.mp4,122
124557.mp4,122
22872.mp4,121
84730.mp4,122
84347.mp4,121
64225.mp4,121
89210.mp4,121
85776.mp4,122
89786.mp4,122
205483.mp4,122
88355.mp4,121
127202.mp4,122
96570.mp4,122
3237.mp4,121
92031.mp4,121
127546.mp4,122
167571.mp4,121
80879.mp4,121
152363.mp4,122
174159.mp4,121
182650.mp4,122
65856.mp4,122
29102.mp4,121
203105.mp4,122
143063.mp4,121
129967.mp4,121
59018.mp4,122
91010.mp4,122
216883.mp4,121
181710.mp4,122
202983.mp4,122
91871.mp4,122
147748.mp4,122
6135.mp4,121
195127.mp4,122
11631.mp4,122
117876.mp4,122
106105.mp4,122
41908.mp4,121
183039.mp4,122
170975.mp4,121
130501.mp4,122
136566.mp4,121
62276.mp4,122
69370.mp4,122
202104.mp4,122
77023.mp4,121
89231.mp4,121
128252.mp4,122
162635.mp4,122
148081.mp4,122
139876.mp4,122
100175.mp4,121
97817.mp4,122
109044.mp4,121
142685.mp4,122
53231.mp4,121
154815.mp4,121
181389.mp4,122
151406.mp4,122
99369.mp4,121
176089.mp4,121
98121.mp4,121
53092.mp4,122
81469.mp4,122
217907.mp4,122
182244.mp4,121
181998.mp4,122
195968.mp4,121
217482.mp4,122
83835.mp4,122
82873.mp4,121
178822.mp4,122
107264.mp4,122
19729.mp4,122
134361.mp4,122
121837.mp4,122
32328.mp4,121
122093.mp4,121
112114.mp4,122
158446.mp4,121
140174.mp4,121
98984.mp4,122
103482.mp4,122
109887.mp4,121
131024.mp4,121
79051.mp4,121
32967.mp4,122
133013.mp4,122
191430.mp4,122
152264.mp4,122
105516.mp4,121
55016.mp4,122
87550.mp4,122
96022.mp4,121
136586.mp4,122
142152.mp4,122
75007.mp4,122
50848.mp4,122
203695.mp4,121
22837.mp4,121
17170.mp4,122
150620.mp4,122
159664.mp4,121
173126.mp4,121
152762.mp4,122
77916.mp4,121
159099.mp4,122
66955.mp4,121
152019.mp4,122
151313.mp4,122
174390.mp4,122
146340.mp4,121
148389.mp4,122
171249.mp4,122
51077.mp4,122
9045.mp4,122
2419.mp4,121
205520.mp4,121
138469.mp4,122
162290.mp4,122
101364.mp4,121
169156.mp4,122
71806.mp4,122
159851.mp4,122
135634.mp4,122
21788.mp4,122
189784.mp4,121
213286.mp4,121
67891.mp4,121
147141.mp4,122
218306.mp4,121
120845.mp4,121
71927.mp4,122
101537.mp4,122
95122.mp4,122
179181.mp4,122
92775.mp4,121
105580.mp4,122
163900.mp4,122
72589.mp4,122
194776.mp4,122
215863.mp4,122
18187.mp4,122
111032.mp4,122
48128.mp4,122
35841.mp4,122
19316.mp4,122
72639.mp4,121
206717.mp4,122
125058.mp4,122
17087.mp4,122
46196.mp4,122
116476.mp4,121
60703.mp4,121
174684.mp4,121
42835.mp4,122
171553.mp4,121
142143.mp4,121
146401.mp4,122
160155.mp4,122
102300.mp4,121
25359.mp4,122
107494.mp4,122
178070.mp4,121
39579.mp4,121
193521.mp4,122
171544.mp4,122
156794.mp4,121
197115.mp4,121
105859.mp4,122
90915.mp4,121
26567.mp4,122
142624.mp4,121
60590.mp4,122
81047.mp4,121
112734.mp4,122
70538.mp4,122
107590.mp4,121
38157.mp4,122
184415.mp4,122
127112.mp4,122
97855.mp4,121
165033.mp4,121
53245.mp4,121
73145.mp4,122
49303.mp4,121
165739.mp4,122
218225.mp4,121
6619.mp4,122
192498.mp4,122
18784.mp4,122
75798.mp4,122
146102.mp4,121
167134.mp4,122
45531.mp4,121
53085.mp4,122
202377.mp4,122
176457.mp4,122
146811.mp4,122
60551.mp4,121
169467.mp4,121
187493.mp4,122
197773.mp4,122
52336.mp4,122
192763.mp4,121
25106.mp4,122
140775.mp4,122
100650.mp4,122
11861.mp4,122
167.mp4,121
38390.mp4,121
8934.mp4,121
132933.mp4,122
18875.mp4,121
87348.mp4,121
74045.mp4,122
121658.mp4,122
160142.mp4,122
94021.mp4,121
18301.mp4,122
108057.mp4,121
61690.mp4,122
59780.mp4,122
60663.mp4,122
134545.mp4,122
24266.mp4,122
185661.mp4,122
198663.mp4,122
169443.mp4,121
170417.mp4,122
123723.mp4,122
177152.mp4,122
7380.mp4,121
36240.mp4,121
93361.mp4,122
46735.mp4,121
96614.mp4,121
110895.mp4,122
10970.mp4,122
103212.mp4,122
181433.mp4,122
115756.mp4,122
123529.mp4,121
50513.mp4,122
213354.mp4,122
195902.mp4,122
104643.mp4,121
36382.mp4,122
83208.mp4,122
181698.mp4,121
63582.mp4,122
119756.mp4,121
214553.mp4,121
188643.mp4,122
21916.mp4,121
37125.mp4,121
192619.mp4,122
176487.mp4,122
184375.mp4,122
207476.mp4,122
187406.mp4,121
84830.mp4,122
118857.mp4,121
100723.mp4,122
67076.mp4,122
18655.mp4,122
97120.mp4,122
47258.mp4,121
62441.mp4,122
195703.mp4,122
201771.mp4,122
153186.mp4,122
22262.mp4,122
78956.mp4,122
58787.mp4,122
15565.mp4,122
154415.mp4,121
215291.mp4,122
162755.mp4,122
177048.mp4,121
33527.mp4,122
88410.mp4,121
174137.mp4,122
5711.mp4,122
192376.mp4,122
59053.mp4,122
105205.mp4,122
201396.mp4,122
3641.mp4,122
183534.mp4,122
67794.mp4,122
140095.mp4,122
210968.mp4,122
172921.mp4,122
42475.mp4,122
47266.mp4,121
15296.mp4,122
148841.mp4,121
179312.mp4,122
132189.mp4,122
193998.mp4,122
189773.mp4,121
7653.mp4,121
149659.mp4,122
31071.mp4,122
106118.mp4,121
128451.mp4,121
108644.mp4,122
215470.mp4,121
87624.mp4,122
88769.mp4,122
58982.mp4,122
54928.mp4,122
143215.mp4,122
201317.mp4,122
174232.mp4,122
35007.mp4,122
212124.mp4,122
216624.mp4,121
218862.mp4,121
165471.mp4,122
204060.mp4,121
160085.mp4,121
150264.mp4,122
197854.mp4,121
125388.mp4,122
11029.mp4,122
154612.mp4,121
126379.mp4,122
65213.mp4,122
10988.mp4,121
123576.mp4,122
76676.mp4,122
41128.mp4,122
8320.mp4,122
201455.mp4,121
49694.mp4,121
171280.mp4,122
182760.mp4,121
78616.mp4,121
143035.mp4,122
30476.mp4,121
7731.mp4,121
47878.mp4,122
130494.mp4,121
3705.mp4,121
16958.mp4,122
163140.mp4,122
36880.mp4,121
139810.mp4,122
23840.mp4,122
44287.mp4,121
163148.mp4,121
202744.mp4,121
154373.mp4,121
11292.mp4,122
190248.mp4,121
20913.mp4,121
210306.mp4,122
126367.mp4,122
117698.mp4,122
40635.mp4,122
162053.mp4,121
181409.mp4,122
10497.mp4,122
21947.mp4,122
15815.mp4,121
86913.mp4,121
177351.mp4,122
127701.mp4,122
22529.mp4,122
17272.mp4,121
53587.mp4,122
212813.mp4,122
150667.mp4,122
23360.mp4,122
146203.mp4,121
195833.mp4,122
100817.mp4,122
156440.mp4,122
111560.mp4,121
173646.mp4,122
163380.mp4,121
124546.mp4,122
44423.mp4,121
101309.mp4,122
17974.mp4,121
158180.mp4,122
104123.mp4,122
137753.mp4,121
98271.mp4,122
30697.mp4,122
50757.mp4,121
121412.mp4,122
109330.mp4,121
45324.mp4,122
155690.mp4,121
207942.mp4,122
62709.mp4,122
48931.mp4,121
82820.mp4,121
36199.mp4,121
204095.mp4,122
127909.mp4,122
106193.mp4,122
183512.mp4,122
122581.mp4,121
17405.mp4,122
118040.mp4,121
12528.mp4,121
132637.mp4,122
147615.mp4,121
150914.mp4,122
81893.mp4,122
181090.mp4,122
197190.mp4,121
65954.mp4,122
133117.mp4,122
2469.mp4,122
169841.mp4,122
181601.mp4,122
30974.mp4,122
49089.mp4,121
123666.mp4,121
189139.mp4,122
67385.mp4,121
159701.mp4,122
128960.mp4,122
88865.mp4,121
205045.mp4,122
130562.mp4,122
206633.mp4,122
97128.mp4,121
212002.mp4,121
216091.mp4,122
215499.mp4,122
33900.mp4,122
115349.mp4,122
20145.mp4,122
111633.mp4,122
211836.mp4,121
48108.mp4,122
147869.mp4,121
202453.mp4,122
109671.mp4,122
80204.mp4,122
66543.mp4,122
10958.mp4,122
196928.mp4,122
87418.mp4,122
94193.mp4,122
83260.mp4,122
59852.mp4,121
5548.mp4,122
56582.mp4,122
197014.mp4,121
28435.mp4,121
34336.mp4,122
87492.mp4,122
136653.mp4,122
203583.mp4,121
69766.mp4,122
72347.mp4,122
119080.mp4,122
76929.mp4,122
141207.mp4,121
120636.mp4,122
201180.mp4,121
207013.mp4,122
3836.mp4,122
188156.mp4,121
213977.mp4,122
102578.mp4,122
82850.mp4,122
168231.mp4,121
112191.mp4,121
108822.mp4,122
42219.mp4,122
186361.mp4,122
207034.mp4,122
66244.mp4,121
155079.mp4,121
11114.mp4,122
206694.mp4,122
114173.mp4,122
161927.mp4,121
16960.mp4,122
156009.mp4,121
24806.mp4,121
137710.mp4,122
212267.mp4,122
22877.mp4,122
124257.mp4,121
104785.mp4,122
80681.mp4,121
106679.mp4,121
57922.mp4,121
182451.mp4,122
94230.mp4,121
94277.mp4,121
31321.mp4,122
28554.mp4,122
122265.mp4,121
137659.mp4,122
66866.mp4,122
195041.mp4,121
205718.mp4,122
14915.mp4,122
143832.mp4,121
102576.mp4,122
185110.mp4,121
50981.mp4,122
43650.mp4,122
97769.mp4,122
26787.mp4,121
111341.mp4,122
80105.mp4,122
133609.mp4,121
74965.mp4,121
18339.mp4,122
12744.mp4,121
35623.mp4,122
36357.mp4,122
127214.mp4,122
167104.mp4,122
207969.mp4,121
90670.mp4,121
23826.mp4,121
51586.mp4,122
138049.mp4,121
203852.mp4,121
112598.mp4,122
139140.mp4,122
114539.mp4,122
173467.mp4,122
91311.mp4,122
17556.mp4,122
26695.mp4,121
202933.mp4,122
181289.mp4,121
43634.mp4,122
3878.mp4,122
144408.mp4,122
20441.mp4,122
35878.mp4,121
193463.mp4,122
169536.mp4,122
155513.mp4,122
53668.mp4,121
178251.mp4,122
197848.mp4,121
154236.mp4,122
185762.mp4,122
14683.mp4,122
219810.mp4,121
51098.mp4,122
77378.mp4,121
196599.mp4,122
111049.mp4,122
76857.mp4,122
64624.mp4,121
87656.mp4,122
132436.mp4,121
49493.mp4,122
10020.mp4,121
190708.mp4,122
163000.mp4,122
57368.mp4,121
10272.mp4,121
171170.mp4,122
194175.mp4,122
87584.mp4,121
181534.mp4,122
141003.mp4,122
187759.mp4,122
190189.mp4,121
130461.mp4,122
187428.mp4,122
49979.mp4,122
24913.mp4,121
211781.mp4,122
211814.mp4,121
42841.mp4,122
174728.mp4,121
168181.mp4,121
133369.mp4,122
139396.mp4,122
122224.mp4,121
149808.mp4,122
145781.mp4,122
132359.mp4,122
192592.mp4,121
151727.mp4,122
139333.mp4,122
123526.mp4,121
141733.mp4,122
167329.mp4,121
62042.mp4,121
130329.mp4,121
42657.mp4,121
91432.mp4,121
39401.mp4,121
149244.mp4,121
129560.mp4,122
41833.mp4,122
202586.mp4,122
95447.mp4,122
131177.mp4,121
57699.mp4,122
30626.mp4,121
104993.mp4,122
129527.mp4,122
18166.mp4,122
3421.mp4,122
156564.mp4,121
37292.mp4,122
121331.mp4,122
185276.mp4,122
122750.mp4,122
32145.mp4,122
113091.mp4,121
91756.mp4,121
65198.mp4,122
80007.mp4,121
204980.mp4,122
106029.mp4,121
120441.mp4,122
132421.mp4,122
19186.mp4,122
11283.mp4,122
108959.mp4,122
189199.mp4,121
48928.mp4,122
53454.mp4,122
166417.mp4,122
141454.mp4,121
102005.mp4,122
168086.mp4,122
179824.mp4,122
163944.mp4,122
26658.mp4,122
45392.mp4,121
27145.mp4,122
213311.mp4,122
54033.mp4,121
168140.mp4,121
162331.mp4,121
13177.mp4,122
30331.mp4,121
5931.mp4,122
201640.mp4,121
54537.mp4,121
23535.mp4,122
2985.mp4,122
206222.mp4,122
129503.mp4,121
126887.mp4,122
81785.mp4,122
214283.mp4,122
82453.mp4,121
62196.mp4,122
33706.mp4,122
94946.mp4,121
174576.mp4,121
5682.mp4,122
36530.mp4,121
204897.mp4,121
37058.mp4,122
214525.mp4,121
185622.mp4,122
161645.mp4,122
137732.mp4,122
17100.mp4,122
108005.mp4,122
108275.mp4,122
216468.mp4,121
213232.mp4,122
17421.mp4,122
89537.mp4,121
137660.mp4,121
25432.mp4,121
456.mp4,122
49853.mp4,122
155676.mp4,121
7516.mp4,122
190664.mp4,122
32610.mp4,122
63766.mp4,122
43432.mp4,122
219500.mp4,121
41084.mp4,122
197723.mp4,122
102958.mp4,122
164261.mp4,121
100793.mp4,122
31536.mp4,122
122873.mp4,121
106282.mp4,122
35906.mp4,122
187777.mp4,121
49162.mp4,122
130498.mp4,122
56535.mp4,121
98589.mp4,122
206919.mp4,121
78890.mp4,121
188.mp4,122
143905.mp4,122
87281.mp4,122
107790.mp4,121
210322.mp4,122
20483.mp4,122
7792.mp4,121
189537.mp4,122
27006.mp4,122
146693.mp4,121
68020.mp4,121
14435.mp4,121
189710.mp4,122
165451.mp4,122
56692.mp4,122
200889.mp4,122
35084.mp4,122
128029.mp4,122
137970.mp4,122
179044.mp4,122
70261.mp4,122
114245.mp4,121
83459.mp4,122
212748.mp4,122
135040.mp4,121
64837.mp4,122
196900.mp4,121
58526.mp4,121
45274.mp4,122
214048.mp4,122
148406.mp4,122
208912.mp4,122
103393.mp4,122
161853.mp4,122
146012.mp4,122
39849.mp4,122
94363.mp4,121
203233.mp4,122
211813.mp4,122
108837.mp4,122
28535.mp4,122
75774.mp4,122
73621.mp4,122
151190.mp4,122
27036.mp4,122
220806.mp4,122
71216.mp4,121
143657.mp4,122
147738.mp4,122
94627.mp4,122
56899.mp4,122
191626.mp4,122
53803.mp4,121
165702.mp4,122
15298.mp4,122
74984.mp4,122
51439.mp4,122
106191.mp4,121
135998.mp4,122
109676.mp4,122
158410.mp4,122
60377.mp4,122
144617.mp4,121
141193.mp4,122
169177.mp4,122
65421.mp4,122
112390.mp4,121
18790.mp4,122
105100.mp4,122
145505.mp4,122
201367.mp4,121
75706.mp4,121
90693.mp4,121
192712.mp4,121
164405.mp4,122
51593.mp4,121
40144.mp4,121
113009.mp4,122
201700.mp4,121
53887.mp4,121
117099.mp4,122
108438.mp4,122
5406.mp4,121
197697.mp4,122
192994.mp4,122
173262.mp4,122
86999.mp4,122
114538.mp4,121
113198.mp4,122
87198.mp4,122
176228.mp4,121
50469.mp4,122
122188.mp4,122
171898.mp4,121
183062.mp4,122
2201.mp4,122
158965.mp4,121
152951.mp4,121
93871.mp4,122
199872.mp4,121
5534.mp4,122
26511.mp4,121
190068.mp4,122
215226.mp4,122
145359.mp4,122
130342.mp4,122
51756.mp4,122
46858.mp4,122
139287.mp4,122
74264.mp4,122
15529.mp4,122
81298.mp4,122
175970.mp4,122
38203.mp4,122
84956.mp4,121
145216.mp4,122
153412.mp4,121
216190.mp4,122
43378.mp4,121
168822.mp4,121
89980.mp4,122
60472.mp4,121
63063.mp4,122
177044.mp4,122
130910.mp4,122
129109.mp4,122
62358.mp4,122
68147.mp4,121
173463.mp4,121
10283.mp4,122
35696.mp4,121
66907.mp4,122
170888.mp4,121
91799.mp4,122
208216.mp4,122
140674.mp4,122
217668.mp4,122
81377.mp4,122
169118.mp4,122
24665.mp4,122
70055.mp4,121
185436.mp4,122
198324.mp4,122
150740.mp4,122
66469.mp4,122
202024.mp4,121
183469.mp4,122
138971.mp4,122
76032.mp4,122
63832.mp4,122
160386.mp4,122
117462.mp4,121
184833.mp4,122
176029.mp4,122
209882.mp4,122
44908.mp4,122
212985.mp4,121
168548.mp4,122
56766.mp4,121
54396.mp4,122
25093.mp4,122
22223.mp4,122
8923.mp4,121
218435.mp4,121
210493.mp4,122
99404.mp4,122
168802.mp4,122
117955.mp4,122
163354.mp4,122
24279.mp4,122
175040.mp4,121
155326.mp4,121
92767.mp4,122
140782.mp4,122
129781.mp4,122
61149.mp4,121
120060.mp4,122
122155.mp4,121
214879.mp4,122
63818.mp4,122
13447.mp4,122
135786.mp4,122
160111.mp4,121
45737.mp4,122
188071.mp4,121
43150.mp4,121
115477.mp4,121
48466.mp4,122
136329.mp4,121
174251.mp4,121
140559.mp4,122
17156.mp4,121
192796.mp4,122
85125.mp4,122
131192.mp4,122
19594.mp4,122
70425.mp4,122
125422.mp4,121
23387.mp4,122
197813.mp4,122
198491.mp4,121
57590.mp4,122
52693.mp4,122
193462.mp4,121
151068.mp4,122
137960.mp4,122
67570.mp4,122
190721.mp4,122
164909.mp4,121
217264.mp4,121
168568.mp4,122
160232.mp4,121
200471.mp4,122
90438.mp4,122
195529.mp4,122
158631.mp4,122
164843.mp4,121
104901.mp4,121
206199.mp4,122
183754.mp4,122
213426.mp4,121
72343.mp4,122
52705.mp4,121
98100.mp4,121
107676.mp4,122
57808.mp4,122
150444.mp4,121
39234.mp4,122
53378.mp4,122
154733.mp4,122
171240.mp4,121
101884.mp4,122
66771.mp4,121
70875.mp4,121
177236.mp4,121
203582.mp4,122
45320.mp4,121
213955.mp4,122
203528.mp4,121
184794.mp4,122
194398.mp4,122
159954.mp4,121
127318.mp4,121
33386.mp4,121
160533.mp4,122
15971.mp4,122
159768.mp4,122
91718.mp4,122
23271.mp4,122
94558.mp4,122
189559.mp4,121
208460.mp4,122
158437.mp4,122
128551.mp4,122
161783.mp4,122
136068.mp4,121
116003.mp4,122
189439.mp4,121
39660.mp4,121
201465.mp4,121
157797.mp4,121
189868.mp4,121
23129.mp4,122
18548.mp4,122
110235.mp4,121
79598.mp4,122
117350.mp4,122
109661.mp4,121
75742.mp4,122
194646.mp4,121
33551.mp4,122
41061.mp4,122
135727.mp4,121
191326.mp4,122
105263.mp4,122
156603.mp4,122
105430.mp4,122
158192.mp4,121
175686.mp4,122
217483.mp4,121
87557.mp4,122
1882.mp4,122
27017.mp4,122
41487.mp4,122
32860.mp4,122
112913.mp4,122
114039.mp4,121
174552.mp4,122
128821.mp4,121
206884.mp4,121
150170.mp4,122
40099.mp4,121
162178.mp4,122
131307.mp4,122
184268.mp4,122
73018.mp4,121
36818.mp4,122
93321.mp4,121
147294.mp4,121
148039.mp4,122
197950.mp4,122
194013.mp4,121
204198.mp4,122
70709.mp4,121
113899.mp4,122
29852.mp4,121
26027.mp4,122
123436.mp4,121
135670.mp4,122
155055.mp4,122
208106.mp4,122
28626.mp4,122
123618.mp4,122
55107.mp4,122
141878.mp4,122
202054.mp4,121
7868.mp4,122
11389.mp4,122
96759.mp4,122
4045.mp4,122
23850.mp4,122
97963.mp4,121
88778.mp4,121
38194.mp4,122
100636.mp4,122
60304.mp4,122
52169.mp4,122
194887.mp4,122
84895.mp4,122
4888.mp4,122
147232.mp4,122
154059.mp4,121
211016.mp4,121
110352.mp4,122
33497.mp4,122
217837.mp4,122
60310.mp4,122
105947.mp4,122
121744.mp4,121
102193.mp4,121
214668.mp4,122
94762.mp4,122
100214.mp4,122
44252.mp4,122
111292.mp4,122
6436.mp4,122
185788.mp4,122
