0LtLS9wROrk_E_002451_002529_A_0048_0049.mp4,183
0LtLS9wROrk_E_002756_002828_A_0030_0031.mp4,183
0LtLS9wROrk_E_003057_003120_A_0028_0029.mp4,183
0LtLS9wROrk_E_003346_003423_A_0044_0046.mp4,183
0LtLS9wROrk_E_003663_003757_A_0041_0043.mp4,183
0LtLS9wROrk_E_004181_004254_A_0037_0039.mp4,183
0LtLS9wROrk_E_004459_004545_A_0053_0055.mp4,183
0LtLS9wROrk_E_005117_005196_A_0054_0056.mp4,183
0LtLS9wROrk_E_005417_005494_A_0017_0018.mp4,183
0LtLS9wROrk_E_005787_005866_A_0062_0063.mp4,183
0LtLS9wROrk_E_006284_006358_A_0036_0037.mp4,183
0LtLS9wROrk_E_006895_006995_A_0031_0032.mp4,183
0LtLS9wROrk_E_007241_007324_A_0041_0043.mp4,183
0LtLS9wROrk_E_007548_007611_A_0026_0028.mp4,183
0LtLS9wROrk_E_007856_007937_A_0037_0038.mp4,183
0jqn1vxdhls_E_002207_002302_A_0079_0081.mp4,180
0jqn1vxdhls_E_002587_002723_A_0083_0084.mp4,183
1Fdwuy2V9EY_E_004728_004812_A_0018_0020.mp4,180
1Fdwuy2V9EY_E_005523_005614_A_0067_0068.mp4,183
1Fdwuy2V9EY_E_006198_006289_A_0072_0073.mp4,183
1Fdwuy2V9EY_E_006392_006477_A_0012_0014.mp4,180
1Fdwuy2V9EY_E_007098_007191_A_0075_0076.mp4,183
1Fdwuy2V9EY_E_007648_007738_A_0017_0019.mp4,180
1Fdwuy2V9EY_E_007648_007738_A_0019_0020.mp4,183
1JsRXIoR3C0_E_005957_006054_A_0066_0067.mp4,181
1JsRXIoR3C0_E_006199_006277_A_0021_0022.mp4,183
1JsRXIoR3C0_E_006788_006891_A_0058_0059.mp4,181
1JsRXIoR3C0_E_007056_007153_A_0084_0085.mp4,183
1JsRXIoR3C0_E_007281_007353_A_0048_0049.mp4,181
1rkcLEAMTpw_E_004889_004984_A_0019_0020.mp4,183
1rkcLEAMTpw_E_005095_005185_A_0059_0060.mp4,180
1rkcLEAMTpw_E_005095_005185_A_0060_0061.mp4,183
1rkcLEAMTpw_E_005305_005398_A_0022_0024.mp4,181
1rkcLEAMTpw_E_005527_005612_A_0043_0044.mp4,183
1rkcLEAMTpw_E_006166_006254_A_0055_0056.mp4,183
1sPWceVH4e8_E_003387_003480_A_0046_0048.mp4,183
1sPWceVH4e8_E_003492_003581_A_0008_0009.mp4,183
1sPWceVH4e8_E_004004_004118_A_0100_0101.mp4,183
1sPWceVH4e8_E_004321_004413_A_0075_0077.mp4,181
1sPWceVH4e8_E_004513_004606_A_0046_0047.mp4,183
1sPWceVH4e8_E_004723_004821_A_0081_0082.mp4,180
1sPWceVH4e8_E_006842_006935_A_0046_0048.mp4,183
1sPWceVH4e8_E_006938_007036_A_0081_0082.mp4,180
26Y8BsNiiL8_E_000737_000829_A_0073_0075.mp4,180
26Y8BsNiiL8_E_000737_000829_A_0075_0076.mp4,183
26Y8BsNiiL8_E_000966_001042_A_0029_0030.mp4,183
26Y8BsNiiL8_E_001162_001259_A_0042_0043.mp4,183
26Y8BsNiiL8_E_001465_001561_A_0076_0078.mp4,180
26Y8BsNiiL8_E_001465_001561_A_0079_0080.mp4,183
26Y8BsNiiL8_E_002729_002821_A_0044_0047.mp4,180
26Y8BsNiiL8_E_002729_002821_A_0047_0048.mp4,183
26Y8BsNiiL8_E_003049_003139_A_0050_0051.mp4,183
26Y8BsNiiL8_E_003354_003449_A_0067_0069.mp4,183
2AGztyrY25g_E_002357_002440_A_0036_0037.mp4,183
2AGztyrY25g_E_002585_002663_A_0056_0058.mp4,183
2AGztyrY25g_E_003196_003293_A_0082_0084.mp4,183
2AGztyrY25g_E_003471_003570_A_0034_0035.mp4,183
2AGztyrY25g_E_003703_003801_A_0038_0039.mp4,183
2AGztyrY25g_E_004055_004136_A_0032_0033.mp4,183
2Qw1e4-nWrk_E_001689_001774_A_0068_0069.mp4,183
2Qw1e4-nWrk_E_002597_002696_A_0014_0015.mp4,183
2Qw1e4-nWrk_E_002809_002898_A_0037_0039.mp4,180
2Qw1e4-nWrk_E_002809_002898_A_0039_0040.mp4,183
2Qw1e4-nWrk_E_003251_003336_A_0011_0013.mp4,181
2Qw1e4-nWrk_E_003500_003592_A_0075_0077.mp4,183
2giTb7IpJDU_E_001993_002080_A_0045_0046.mp4,183
2giTb7IpJDU_E_002268_002361_A_0061_0063.mp4,180
2giTb7IpJDU_E_002890_002979_A_0036_0037.mp4,183
2giTb7IpJDU_E_004488_004583_A_0073_0075.mp4,180
2giTb7IpJDU_E_004488_004583_A_0075_0076.mp4,183
2giTb7IpJDU_E_004749_004850_A_0059_0060.mp4,180
2giTb7IpJDU_E_004749_004850_A_0060_0061.mp4,183
2giTb7IpJDU_E_004952_005049_A_0042_0044.mp4,180
2giTb7IpJDU_E_004952_005049_A_0044_0045.mp4,183
3PywNMDCvNQ_E_000996_001070_A_0043_0044.mp4,183
3PywNMDCvNQ_E_001120_001200_A_0052_0053.mp4,183
3PywNMDCvNQ_E_002458_002517_A_0037_0038.mp4,183
3PywNMDCvNQ_E_003071_003141_A_0046_0047.mp4,183
3PywNMDCvNQ_E_003600_003650_A_0009_0011.mp4,183
4mzbybgzoJo_E_000366_000469_A_0038_0039.mp4,183
4mzbybgzoJo_E_000705_000813_A_0040_0041.mp4,183
4mzbybgzoJo_E_001033_001126_A_0022_0023.mp4,183
4mzbybgzoJo_E_001292_001377_A_0045_0046.mp4,183
4mzbybgzoJo_E_001613_001704_A_0053_0055.mp4,180
4mzbybgzoJo_E_001613_001704_A_0055_0056.mp4,183
4mzbybgzoJo_E_001857_001946_A_0046_0047.mp4,183
4mzbybgzoJo_E_002223_002324_A_0066_0067.mp4,181
5Bfx6Wz3KKs_E_001048_001115_A_0053_0054.mp4,183
5Bfx6Wz3KKs_E_001315_001384_A_0027_0028.mp4,183
5Bfx6Wz3KKs_E_001452_001534_A_0032_0033.mp4,183
5Bfx6Wz3KKs_E_001601_001680_A_0030_0031.mp4,183
5Bfx6Wz3KKs_E_001737_001819_A_0056_0058.mp4,183
5Bfx6Wz3KKs_E_001874_001956_A_0056_0057.mp4,183
5Bfx6Wz3KKs_E_002700_002791_A_0032_0033.mp4,183
5Bfx6Wz3KKs_E_002912_002986_A_0042_0043.mp4,183
5Bfx6Wz3KKs_E_003080_003170_A_0034_0035.mp4,183
5Bfx6Wz3KKs_E_004592_004684_A_0056_0057.mp4,183
5Bfx6Wz3KKs_E_004841_004935_A_0082_0083.mp4,183
5Bfx6Wz3KKs_E_006291_006388_A_0061_0063.mp4,183
5Bfx6Wz3KKs_E_006436_006516_A_0044_0045.mp4,183
5Bfx6Wz3KKs_E_006769_006849_A_0043_0044.mp4,183
5Bfx6Wz3KKs_E_006905_006990_A_0033_0034.mp4,183
5Bfx6Wz3KKs_E_008658_008734_A_0062_0064.mp4,183
5Bfx6Wz3KKs_E_008946_009010_A_0053_0054.mp4,183
5Bfx6Wz3KKs_E_010852_010948_A_0042_0043.mp4,183
5Bfx6Wz3KKs_E_011563_011631_A_0041_0042.mp4,183
5Bfx6Wz3KKs_E_012189_012264_A_0064_0066.mp4,183
5Bfx6Wz3KKs_E_012924_012994_A_0055_0056.mp4,183
5Bfx6Wz3KKs_E_013096_013180_A_0012_0013.mp4,183
5Bfx6Wz3KKs_E_013300_013377_A_0049_0050.mp4,183
5Bfx6Wz3KKs_E_013495_013567_A_0012_0013.mp4,183
5Bfx6Wz3KKs_E_014220_014290_A_0060_0061.mp4,183
5Bfx6Wz3KKs_E_014404_014475_A_0045_0047.mp4,183
5Bfx6Wz3KKs_E_014562_014646_A_0061_0062.mp4,183
5Bfx6Wz3KKs_E_017587_017673_A_0056_0057.mp4,183
5Bfx6Wz3KKs_E_017766_017832_A_0045_0046.mp4,183
5Bfx6Wz3KKs_E_017918_017992_A_0040_0041.mp4,183
5Bfx6Wz3KKs_E_018085_018162_A_0047_0048.mp4,183
5Bfx6Wz3KKs_E_018247_018339_A_0018_0019.mp4,183
5Bfx6Wz3KKs_E_019366_019418_A_0031_0032.mp4,183
5Bfx6Wz3KKs_E_019493_019596_A_0090_0091.mp4,183
5Bfx6Wz3KKs_E_019693_019763_A_0044_0045.mp4,183
5Bfx6Wz3KKs_E_020766_020915_A_0107_0109.mp4,183
5Bfx6Wz3KKs_E_021132_021230_A_0071_0073.mp4,183
5Bfx6Wz3KKs_E_022321_022407_A_0024_0025.mp4,183
5Bfx6Wz3KKs_E_022555_022629_A_0064_0065.mp4,183
5Bfx6Wz3KKs_E_022832_022909_A_0052_0053.mp4,183
5Bfx6Wz3KKs_E_024145_024220_A_0038_0039.mp4,183
5Bfx6Wz3KKs_E_024297_024382_A_0023_0024.mp4,183
5Bfx6Wz3KKs_E_024725_024804_A_0037_0038.mp4,183
5Bfx6Wz3KKs_E_024869_024944_A_0039_0041.mp4,183
5Bfx6Wz3KKs_E_027242_027320_A_0060_0061.mp4,183
5Bfx6Wz3KKs_E_027668_027749_A_0069_0071.mp4,183
5Bfx6Wz3KKs_E_027825_027911_A_0057_0058.mp4,183
5Bfx6Wz3KKs_E_028632_028723_A_0013_0014.mp4,183
5Bfx6Wz3KKs_E_029117_029204_A_0020_0021.mp4,182
5Bfx6Wz3KKs_E_029957_030025_A_0036_0038.mp4,183
5Bfx6Wz3KKs_E_030094_030169_A_0059_0060.mp4,183
5Bfx6Wz3KKs_E_030244_030322_A_0037_0038.mp4,183
5Bfx6Wz3KKs_E_030402_030494_A_0047_0049.mp4,183
5X85zLeLmks_E_004354_004436_A_0071_0072.mp4,183
5X85zLeLmks_E_006186_006271_A_0056_0058.mp4,180
5cuxEEKyth8_E_002738_002832_A_0020_0021.mp4,183
5cuxEEKyth8_E_003334_003425_A_0076_0077.mp4,180
5cuxEEKyth8_E_005808_005890_A_0023_0025.mp4,183
5cuxEEKyth8_E_006839_006935_A_0046_0047.mp4,183
5cuxEEKyth8_E_007713_007795_A_0042_0044.mp4,180
6fqDZHFr2yo_E_000637_000733_A_0079_0081.mp4,180
6fqDZHFr2yo_E_000865_000962_A_0050_0052.mp4,180
6fqDZHFr2yo_E_001126_001225_A_0041_0043.mp4,183
6fqDZHFr2yo_E_001288_001370_A_0067_0069.mp4,183
6fqDZHFr2yo_E_001484_001575_A_0040_0042.mp4,181
8N3CBVAft40_E_000059_000134_A_0037_0039.mp4,181
8N3CBVAft40_E_000178_000267_A_0047_0048.mp4,183
8N3CBVAft40_E_000437_000537_A_0058_0059.mp4,181
8N3CBVAft40_E_000725_000820_A_0033_0034.mp4,183
8WGrvkd6ZEU_E_008059_008155_A_0068_0069.mp4,183
8WGrvkd6ZEU_E_008298_008385_A_0063_0064.mp4,183
8YSDFKGwP4U_E_003291_003389_A_0073_0074.mp4,183
8jfPAvqYAs8_E_001318_001408_A_0013_0014.mp4,183
8jfPAvqYAs8_E_002522_002612_A_0043_0046.mp4,180
8jfPAvqYAs8_E_002522_002612_A_0046_0047.mp4,183
8jfPAvqYAs8_E_003090_003184_A_0046_0048.mp4,183
8jfPAvqYAs8_E_006886_006976_A_0075_0077.mp4,180
8jfPAvqYAs8_E_007127_007224_A_0072_0073.mp4,183
8jfPAvqYAs8_E_007482_007573_A_0063_0064.mp4,183
8jfPAvqYAs8_E_007660_007757_A_0020_0021.mp4,183
9Mtbac7g15I_E_000304_000395_A_0027_0029.mp4,180
9Mtbac7g15I_E_001078_001170_A_0056_0057.mp4,180
9Mtbac7g15I_E_002311_002399_A_0027_0028.mp4,180
9Mtbac7g15I_E_003342_003437_A_0071_0073.mp4,180
9Mtbac7g15I_E_003612_003710_A_0032_0034.mp4,180
A0xAXXysHUo_E_001529_001616_A_0045_0046.mp4,183
A0xAXXysHUo_E_001953_002052_A_0050_0053.mp4,180
A0xAXXysHUo_E_001953_002052_A_0053_0054.mp4,183
A0xAXXysHUo_E_002290_002388_A_0029_0032.mp4,183
A0xAXXysHUo_E_002548_002638_A_0064_0065.mp4,183
A0xAXXysHUo_E_002930_003025_A_0076_0078.mp4,180
A0xAXXysHUo_E_002930_003025_A_0078_0079.mp4,183
A0xAXXysHUo_E_003242_003342_A_0046_0047.mp4,183
AZ4wWG6Rcak_E_004209_004299_A_0025_0027.mp4,181
AZ4wWG6Rcak_E_005608_005706_A_0057_0059.mp4,181
AZ4wWG6Rcak_E_006115_006196_A_0025_0026.mp4,181
AZ4wWG6Rcak_E_006218_006294_A_0029_0031.mp4,181
AZ4wWG6Rcak_E_007152_007237_A_0062_0063.mp4,181
BLzs5opw8uM_E_000826_000920_A_0027_0029.mp4,180
BLzs5opw8uM_E_002085_002171_A_0069_0070.mp4,180
BLzs5opw8uM_E_004942_005045_A_0052_0054.mp4,180
BQhX6F3gpp8_E_003100_003210_A_0084_0085.mp4,181
BQhX6F3gpp8_E_003413_003501_A_0048_0049.mp4,181
BQhX6F3gpp8_E_004570_004667_A_0055_0057.mp4,180
BQhX6F3gpp8_E_004570_004667_A_0059_0061.mp4,181
CkNz9ZIQmZI_E_003713_003816_A_0076_0077.mp4,181
CkNz9ZIQmZI_E_003943_004039_A_0055_0056.mp4,181
CkNz9ZIQmZI_E_005136_005230_A_0076_0077.mp4,180
GF8D7Dx2mhs_E_002580_002675_A_0041_0043.mp4,184
IWFgo-tEEs8_E_001895_002004_A_0082_0084.mp4,178
aEZbP-Yephw_E_000380_000467_A_0059_0060.mp4,183
aEZbP-Yephw_E_000540_000626_A_0037_0039.mp4,183
aEZbP-Yephw_E_001550_001632_A_0022_0024.mp4,181
aEZbP-Yephw_E_002252_002329_A_0044_0046.mp4,180
aEZbP-Yephw_E_002450_002550_A_0087_0088.mp4,183
aEZbP-Yephw_E_002874_002957_A_0011_0012.mp4,181
aEZbP-Yephw_E_003121_003201_A_0010_0012.mp4,180
aEZbP-Yephw_E_003547_003643_A_0079_0081.mp4,183
aEZbP-Yephw_E_003750_003845_A_0015_0017.mp4,181
aEZbP-Yephw_E_003968_004062_A_0066_0067.mp4,183
aN3PC4tJokk_E_002527_002617_A_0066_0068.mp4,183
aN3PC4tJokk_E_004944_005043_A_0027_0028.mp4,183
aN9hSsP6xTg_E_000224_000318_A_0043_0045.mp4,180
aN9hSsP6xTg_E_000439_000530_A_0036_0037.mp4,183
aN9hSsP6xTg_E_000824_000917_A_0049_0051.mp4,181
aN9hSsP6xTg_E_000824_000917_A_0068_0069.mp4,183
aN9hSsP6xTg_E_002211_002312_A_0084_0087.mp4,183
aN9hSsP6xTg_E_002931_003029_A_0084_0085.mp4,183
esQQbBhuXbM_E_005311_005396_A_0043_0044.mp4,178
