215371.mp4,120
52838.mp4,120
43876.mp4,120
94158.mp4,119
155705.mp4,120
161043.mp4,119
68811.mp4,120
136567.mp4,121
45806.mp4,120
151505.mp4,120
142778.mp4,120
117601.mp4,120
15708.mp4,119
22357.mp4,121
9163.mp4,121
217421.mp4,121
24644.mp4,119
146367.mp4,121
94056.mp4,121
4448.mp4,119
190260.mp4,120
159924.mp4,120
189608.mp4,121
13119.mp4,120
56648.mp4,121
184118.mp4,120
55231.mp4,119
219962.mp4,121
104006.mp4,120
15300.mp4,120
34768.mp4,120
48721.mp4,121
74163.mp4,120
216385.mp4,119
214773.mp4,120
177247.mp4,121
39111.mp4,121
16918.mp4,119
115202.mp4,121
208342.mp4,120
70771.mp4,121
129880.mp4,121
136336.mp4,121
51886.mp4,120
7199.mp4,120
113755.mp4,120
96824.mp4,121
38835.mp4,120
86308.mp4,120
85641.mp4,119
187285.mp4,120
217177.mp4,120
76550.mp4,119
86179.mp4,120
146478.mp4,121
7284.mp4,120
30439.mp4,120
202404.mp4,121
31368.mp4,120
151633.mp4,119
134425.mp4,120
44096.mp4,120
213259.mp4,120
101108.mp4,121
3127.mp4,121
156711.mp4,121
59962.mp4,120
213518.mp4,120
152981.mp4,120
53297.mp4,121
176187.mp4,120
171029.mp4,121
216852.mp4,120
175028.mp4,121
102673.mp4,119
84793.mp4,120
39170.mp4,120
3906.mp4,120
71741.mp4,121
111947.mp4,120
46392.mp4,121
35660.mp4,120
76758.mp4,120
13016.mp4,121
118183.mp4,120
88867.mp4,121
176431.mp4,119
13693.mp4,120
103336.mp4,120
154576.mp4,119
137513.mp4,120
79521.mp4,120
80548.mp4,121
83861.mp4,120
109693.mp4,119
36226.mp4,121
204936.mp4,119
183490.mp4,120
13184.mp4,120
64186.mp4,119
67964.mp4,119
18830.mp4,121
70155.mp4,120
167518.mp4,120
81490.mp4,120
130317.mp4,120
104658.mp4,120
115396.mp4,120
113291.mp4,121
174385.mp4,119
115706.mp4,120
41922.mp4,120
25171.mp4,121
205533.mp4,121
132000.mp4,121
124860.mp4,120
113430.mp4,119
215962.mp4,120
136721.mp4,121
110354.mp4,120
139011.mp4,119
109224.mp4,121
218837.mp4,120
47639.mp4,121
120932.mp4,120
62316.mp4,120
70380.mp4,121
150209.mp4,120
29475.mp4,120
186681.mp4,120
72244.mp4,119
27386.mp4,120
22675.mp4,121
67569.mp4,119
110573.mp4,120
18013.mp4,121
104699.mp4,120
132962.mp4,119
122556.mp4,121
51051.mp4,120
92754.mp4,120
154556.mp4,121
169142.mp4,121
170460.mp4,120
111830.mp4,121
141261.mp4,121
37382.mp4,120
136247.mp4,120
95173.mp4,120
26004.mp4,120
96350.mp4,120
123292.mp4,119
179385.mp4,120
12358.mp4,119
153414.mp4,120
208470.mp4,121
5335.mp4,121
102660.mp4,121
92214.mp4,119
152719.mp4,121
127977.mp4,119
170507.mp4,119
46581.mp4,120
105972.mp4,120
182789.mp4,121
81559.mp4,119
46148.mp4,121
82488.mp4,120
160256.mp4,119
206480.mp4,121
177728.mp4,119
45213.mp4,121
91361.mp4,120
18678.mp4,120
107088.mp4,120
13056.mp4,120
87753.mp4,119
64184.mp4,120
189226.mp4,119
31441.mp4,121
75699.mp4,119
145434.mp4,119
189748.mp4,120
176476.mp4,121
174080.mp4,119
91885.mp4,121
1167.mp4,119
84882.mp4,119
142040.mp4,121
36736.mp4,120
150621.mp4,120
185796.mp4,120
157499.mp4,119
193788.mp4,120
46550.mp4,121
197733.mp4,119
60908.mp4,121
49836.mp4,119
10792.mp4,119
67174.mp4,121
179956.mp4,120
126167.mp4,119
135944.mp4,121
102224.mp4,121
14995.mp4,120
20672.mp4,120
184562.mp4,120
209315.mp4,120
43233.mp4,121
181921.mp4,119
33513.mp4,119
129551.mp4,120
145196.mp4,120
50310.mp4,120
53531.mp4,120
19584.mp4,120
111395.mp4,121
62082.mp4,121
17351.mp4,119
42088.mp4,121
106048.mp4,120
76946.mp4,119
38392.mp4,119
202556.mp4,121
174540.mp4,119
179770.mp4,121
3445.mp4,120
205301.mp4,119
150440.mp4,119
155351.mp4,120
11143.mp4,121
6976.mp4,120
9740.mp4,120
204891.mp4,119
155620.mp4,121
216540.mp4,119
78303.mp4,121
141856.mp4,120
174205.mp4,120
79473.mp4,120
157810.mp4,120
63501.mp4,121
89924.mp4,121
112178.mp4,119
34830.mp4,121
207992.mp4,120
176076.mp4,120
47374.mp4,119
148668.mp4,119
129871.mp4,120
131644.mp4,120
55817.mp4,121
38329.mp4,120
74538.mp4,121
79548.mp4,121
20466.mp4,120
198068.mp4,119
143118.mp4,119
129033.mp4,120
6806.mp4,119
92976.mp4,120
49253.mp4,120
101578.mp4,120
9900.mp4,120
94610.mp4,120
72492.mp4,119
158625.mp4,121
157212.mp4,121
85236.mp4,119
68793.mp4,120
166020.mp4,120
111375.mp4,120
136558.mp4,119
106612.mp4,121
4362.mp4,120
108304.mp4,119
189082.mp4,120
79033.mp4,120
205391.mp4,120
22257.mp4,120
202336.mp4,121
202068.mp4,120
84237.mp4,121
194788.mp4,119
201096.mp4,121
122999.mp4,120
129865.mp4,120
113628.mp4,120
14207.mp4,119
76714.mp4,120
201371.mp4,121
46310.mp4,119
140156.mp4,121
61339.mp4,121
127289.mp4,120
91655.mp4,120
187321.mp4,119
89329.mp4,121
129889.mp4,121
135982.mp4,120
75587.mp4,120
127505.mp4,120
146621.mp4,121
125400.mp4,121
125178.mp4,120
216818.mp4,120
218256.mp4,119
44842.mp4,120
72418.mp4,119
135659.mp4,121
9482.mp4,121
95432.mp4,119
195175.mp4,120
22791.mp4,119
198976.mp4,121
151876.mp4,119
116785.mp4,120
94925.mp4,121
138521.mp4,120
12888.mp4,121
134233.mp4,121
216825.mp4,121
21040.mp4,119
33574.mp4,121
47558.mp4,120
203213.mp4,120
120135.mp4,120
175517.mp4,120
44458.mp4,120
22463.mp4,120
111294.mp4,121
152146.mp4,119
150457.mp4,120
72791.mp4,119
160220.mp4,120
210488.mp4,120
163210.mp4,121
94819.mp4,121
50649.mp4,120
28747.mp4,120
218059.mp4,121
3246.mp4,120
165280.mp4,120
118240.mp4,121
92780.mp4,120
210732.mp4,120
211030.mp4,121
76041.mp4,121
174437.mp4,121
16369.mp4,120
58361.mp4,120
193768.mp4,121
169572.mp4,120
219647.mp4,120
140766.mp4,120
149782.mp4,119
125592.mp4,121
67643.mp4,119
95619.mp4,119
172608.mp4,120
54924.mp4,119
189410.mp4,121
100908.mp4,121
208016.mp4,121
144156.mp4,121
10617.mp4,120
17629.mp4,120
83230.mp4,119
128222.mp4,120
147286.mp4,119
127611.mp4,120
190978.mp4,120
185349.mp4,120
42623.mp4,121
166206.mp4,121
157769.mp4,120
113592.mp4,121
38851.mp4,119
163368.mp4,120
80557.mp4,120
195644.mp4,120
7232.mp4,120
67849.mp4,121
26080.mp4,121
103242.mp4,120
153165.mp4,121
42974.mp4,121
208501.mp4,119
136584.mp4,119
26842.mp4,121
130703.mp4,121
143651.mp4,119
108718.mp4,121
86949.mp4,120
164578.mp4,121
180602.mp4,120
59074.mp4,119
4163.mp4,121
38038.mp4,121
213036.mp4,120
12954.mp4,121
42455.mp4,121
115828.mp4,119
34833.mp4,120
44181.mp4,121
71980.mp4,120
60951.mp4,121
136541.mp4,120
137367.mp4,120
115610.mp4,119
41695.mp4,119
19690.mp4,121
114107.mp4,119
100919.mp4,120
68425.mp4,120
61941.mp4,120
95974.mp4,119
141123.mp4,120
103213.mp4,120
41439.mp4,120
76070.mp4,121
202314.mp4,120
58448.mp4,121
16629.mp4,121
213383.mp4,119
13824.mp4,121
93930.mp4,120
18537.mp4,120
170517.mp4,120
83680.mp4,121
80430.mp4,120
172183.mp4,120
181908.mp4,121
140872.mp4,119
120613.mp4,119
217460.mp4,121
104134.mp4,121
44543.mp4,120
5372.mp4,119
183182.mp4,121
64518.mp4,120
149058.mp4,120
89019.mp4,120
125679.mp4,121
128842.mp4,120
130873.mp4,120
128653.mp4,121
37124.mp4,121
169971.mp4,121
153314.mp4,119
132936.mp4,121
151544.mp4,121
25510.mp4,119
178973.mp4,121
110490.mp4,121
176629.mp4,120
208322.mp4,121
216694.mp4,121
220576.mp4,121
216078.mp4,121
172009.mp4,120
206677.mp4,121
215832.mp4,121
175878.mp4,121
185141.mp4,121
220555.mp4,121
25859.mp4,120
17840.mp4,120
148405.mp4,121
86157.mp4,121
110823.mp4,120
3179.mp4,121
34400.mp4,121
49589.mp4,120
209327.mp4,121
34102.mp4,121
139349.mp4,119
154417.mp4,121
81740.mp4,119
39485.mp4,120
124638.mp4,121
157786.mp4,121
60535.mp4,120
146434.mp4,120
33285.mp4,120
23384.mp4,120
123505.mp4,121
81169.mp4,120
45059.mp4,120
121116.mp4,120
105081.mp4,120
35146.mp4,121
45123.mp4,120
9221.mp4,119
8775.mp4,119
150840.mp4,121
19248.mp4,121
186663.mp4,121
73112.mp4,119
210620.mp4,121
41278.mp4,121
17480.mp4,121
70931.mp4,121
30935.mp4,121
191790.mp4,120
77534.mp4,120
113191.mp4,120
93317.mp4,120
76254.mp4,119
32312.mp4,121
50968.mp4,120
7634.mp4,119
211485.mp4,120
177367.mp4,120
29132.mp4,119
153067.mp4,120
127108.mp4,120
136210.mp4,121
20620.mp4,120
144689.mp4,121
213650.mp4,119
64669.mp4,120
199369.mp4,121
26293.mp4,120
65177.mp4,120
67070.mp4,121
39883.mp4,121
193727.mp4,119
138697.mp4,121
203451.mp4,121
37291.mp4,121
28082.mp4,120
214567.mp4,120
94575.mp4,121
145113.mp4,120
137833.mp4,120
55640.mp4,119
168928.mp4,120
129582.mp4,120
205678.mp4,120
139449.mp4,120
153195.mp4,119
176548.mp4,119
127384.mp4,120
108368.mp4,120
49969.mp4,120
25372.mp4,120
51014.mp4,120
149231.mp4,120
22561.mp4,119
154723.mp4,119
20374.mp4,120
134653.mp4,120
14541.mp4,120
121659.mp4,120
66669.mp4,120
153594.mp4,120
134584.mp4,121
42130.mp4,120
16007.mp4,120
37282.mp4,121
129223.mp4,120
62627.mp4,119
28021.mp4,121
146732.mp4,120
116983.mp4,120
217189.mp4,119
181248.mp4,120
3571.mp4,121
113826.mp4,120
42272.mp4,120
148038.mp4,120
94525.mp4,120
65817.mp4,121
136072.mp4,121
63839.mp4,120
84417.mp4,121
40281.mp4,119
203322.mp4,120
197103.mp4,120
7158.mp4,121
180485.mp4,120
211046.mp4,119
207966.mp4,121
113792.mp4,121
207436.mp4,121
167384.mp4,120
201638.mp4,119
43946.mp4,120
37890.mp4,121
118439.mp4,121
186986.mp4,121
1286.mp4,121
104313.mp4,120
178198.mp4,119
135422.mp4,119
97360.mp4,121
49823.mp4,120
25340.mp4,120
114099.mp4,120
148866.mp4,120
4820.mp4,120
208627.mp4,121
16361.mp4,119
188147.mp4,119
146631.mp4,121
50232.mp4,121
104873.mp4,120
72928.mp4,119
162039.mp4,120
79890.mp4,120
200068.mp4,120
106398.mp4,121
128124.mp4,120
188678.mp4,120
103499.mp4,119
127410.mp4,121
171376.mp4,121
186888.mp4,121
22118.mp4,120
21688.mp4,120
142225.mp4,121
80884.mp4,120
119019.mp4,121
153090.mp4,121
17838.mp4,120
81113.mp4,121
187888.mp4,120
200050.mp4,120
177523.mp4,121
19620.mp4,120
99106.mp4,121
123383.mp4,119
6422.mp4,119
121085.mp4,120
188196.mp4,120
191667.mp4,120
136018.mp4,120
210371.mp4,120
98251.mp4,120
128494.mp4,120
209485.mp4,120
71966.mp4,120
30489.mp4,120
82226.mp4,119
130173.mp4,121
119812.mp4,120
83984.mp4,120
308.mp4,121
195662.mp4,120
140416.mp4,119
103776.mp4,121
204770.mp4,120
218589.mp4,120
15065.mp4,120
161588.mp4,120
75628.mp4,120
204706.mp4,120
42068.mp4,120
117452.mp4,121
102724.mp4,121
62808.mp4,121
99863.mp4,120
182267.mp4,120
180759.mp4,119
153038.mp4,120
63388.mp4,120
1268.mp4,121
3797.mp4,121
146836.mp4,121
130939.mp4,121
99048.mp4,120
83759.mp4,120
148506.mp4,120
163289.mp4,120
143448.mp4,120
91157.mp4,121
153947.mp4,121
87663.mp4,119
200339.mp4,121
215970.mp4,121
53686.mp4,120
212064.mp4,121
215824.mp4,121
119510.mp4,120
160418.mp4,120
189300.mp4,119
211066.mp4,121
56041.mp4,120
141576.mp4,121
199457.mp4,120
50485.mp4,121
133315.mp4,119
125248.mp4,119
34617.mp4,120
183649.mp4,120
75793.mp4,120
208560.mp4,121
59884.mp4,120
217074.mp4,120
17014.mp4,120
130879.mp4,121
91793.mp4,119
131954.mp4,120
155489.mp4,119
10285.mp4,121
120312.mp4,119
88701.mp4,121
3667.mp4,119
4411.mp4,120
78984.mp4,120
91630.mp4,120
203847.mp4,119
167436.mp4,120
77265.mp4,120
88381.mp4,120
26673.mp4,120
181410.mp4,119
120142.mp4,120
11334.mp4,120
4995.mp4,121
112971.mp4,119
22668.mp4,121
55733.mp4,121
117605.mp4,121
83901.mp4,121
641.mp4,121
63593.mp4,119
61603.mp4,119
62796.mp4,121
33257.mp4,120
81061.mp4,120
172281.mp4,120
155358.mp4,121
127296.mp4,121
166768.mp4,120
658.mp4,119
53015.mp4,120
12582.mp4,121
6585.mp4,119
13736.mp4,120
111944.mp4,121
95893.mp4,121
35550.mp4,119
139238.mp4,120
64308.mp4,119
156041.mp4,120
139048.mp4,119
202165.mp4,119
123133.mp4,121
42682.mp4,119
187302.mp4,120
155570.mp4,119
165368.mp4,121
188772.mp4,121
163540.mp4,119
76809.mp4,120
171814.mp4,120
109125.mp4,121
10124.mp4,120
99550.mp4,120
207303.mp4,120
71368.mp4,121
99824.mp4,121
62533.mp4,120
154652.mp4,120
61766.mp4,121
78960.mp4,121
61042.mp4,121
18041.mp4,121
39528.mp4,120
105262.mp4,119
41779.mp4,119
120106.mp4,120
140180.mp4,120
79237.mp4,121
174303.mp4,120
60095.mp4,120
67103.mp4,120
110111.mp4,120
67207.mp4,120
120363.mp4,120
89166.mp4,120
14270.mp4,121
167596.mp4,121
134471.mp4,120
155824.mp4,121
16749.mp4,120
162861.mp4,120
157086.mp4,120
199577.mp4,120
131451.mp4,120
170218.mp4,119
6016.mp4,119
18531.mp4,120
117117.mp4,120
115418.mp4,121
16741.mp4,120
99389.mp4,120
77539.mp4,119
182063.mp4,120
39742.mp4,121
202634.mp4,120
141921.mp4,121
50391.mp4,121
181556.mp4,121
81991.mp4,120
173301.mp4,120
148120.mp4,121
126970.mp4,120
61772.mp4,120
168268.mp4,120
154998.mp4,120
216150.mp4,121
22313.mp4,120
44385.mp4,120
59046.mp4,121
119434.mp4,120
120454.mp4,120
72066.mp4,120
159174.mp4,120
220724.mp4,121
111708.mp4,120
65790.mp4,121
117328.mp4,120
149937.mp4,120
161732.mp4,120
203286.mp4,120
60521.mp4,121
23892.mp4,121
92799.mp4,121
41869.mp4,121
13017.mp4,120
42173.mp4,119
67788.mp4,121
163449.mp4,121
89601.mp4,119
44047.mp4,119
195091.mp4,121
191134.mp4,121
56265.mp4,119
52979.mp4,120
4752.mp4,121
81261.mp4,120
73045.mp4,120
52071.mp4,119
19766.mp4,121
131887.mp4,120
220496.mp4,121
62004.mp4,119
12055.mp4,120
157717.mp4,120
69911.mp4,121
184538.mp4,121
192867.mp4,120
205079.mp4,120
125398.mp4,119
218443.mp4,121
70685.mp4,120
152224.mp4,120
12503.mp4,121
168735.mp4,121
145467.mp4,121
126515.mp4,119
210486.mp4,121
120937.mp4,121
119827.mp4,120
34326.mp4,119
38665.mp4,119
179093.mp4,121
44104.mp4,120
210627.mp4,119
153539.mp4,120
88175.mp4,120
154864.mp4,120
86680.mp4,121
162925.mp4,120
106405.mp4,121
26918.mp4,119
57327.mp4,121
17952.mp4,119
76966.mp4,119
218317.mp4,120
194291.mp4,121
23209.mp4,120
132011.mp4,120
83706.mp4,119
171717.mp4,121
108777.mp4,120
49748.mp4,120
204292.mp4,121
113188.mp4,121
114135.mp4,121
71532.mp4,121
184507.mp4,120
108352.mp4,120
18323.mp4,119
82066.mp4,119
180921.mp4,120
583.mp4,120
185472.mp4,121
87312.mp4,120
69895.mp4,120
112504.mp4,121
186012.mp4,120
197680.mp4,121
174356.mp4,119
10643.mp4,119
118525.mp4,121
101206.mp4,120
137851.mp4,121
107372.mp4,119
43828.mp4,119
196824.mp4,120
133477.mp4,121
67659.mp4,121
90235.mp4,121
149393.mp4,120
133652.mp4,121
177638.mp4,120
124413.mp4,120
73565.mp4,121
144159.mp4,120
56029.mp4,120
51109.mp4,120
64076.mp4,119
180577.mp4,120
99563.mp4,120
220813.mp4,120
125349.mp4,120
155053.mp4,119
148321.mp4,120
192334.mp4,120
192115.mp4,121
70543.mp4,121
140987.mp4,121
37578.mp4,119
156563.mp4,119
211127.mp4,120
209003.mp4,120
3172.mp4,120
164528.mp4,119
203523.mp4,120
44616.mp4,120
140301.mp4,120
50484.mp4,120
75201.mp4,121
50632.mp4,121
154239.mp4,120
40719.mp4,120
148490.mp4,120
45089.mp4,120
104454.mp4,120
219390.mp4,119
45410.mp4,121
162628.mp4,120
99214.mp4,121
93275.mp4,120
14215.mp4,121
195073.mp4,121
35613.mp4,120
192537.mp4,119
166441.mp4,121
166916.mp4,119
141628.mp4,120
172496.mp4,120
130900.mp4,121
157356.mp4,120
64265.mp4,120
201513.mp4,121
138529.mp4,120
142395.mp4,120
203505.mp4,119
138398.mp4,120
131879.mp4,120
41029.mp4,119
152367.mp4,120
130887.mp4,120
140535.mp4,121
216434.mp4,120
172580.mp4,119
152847.mp4,119
12747.mp4,120
64118.mp4,121
102935.mp4,119
108579.mp4,120
194422.mp4,121
30749.mp4,121
143904.mp4,120
81009.mp4,120
199968.mp4,121
17331.mp4,120
50140.mp4,121
3102.mp4,119
199520.mp4,120
54809.mp4,120
71267.mp4,120
138406.mp4,119
98329.mp4,121
95108.mp4,120
68702.mp4,120
20923.mp4,119
148667.mp4,121
21763.mp4,120
176212.mp4,120
179671.mp4,120
196955.mp4,121
138481.mp4,121
64910.mp4,120
1235.mp4,119
29075.mp4,120
12940.mp4,120
31650.mp4,121
153785.mp4,121
128531.mp4,121
171368.mp4,121
53236.mp4,119
82227.mp4,120
69527.mp4,121
55758.mp4,121
33231.mp4,120
22922.mp4,120
178983.mp4,120
151776.mp4,121
207618.mp4,121
159222.mp4,119
51288.mp4,120
68743.mp4,121
7604.mp4,119
198417.mp4,120
93731.mp4,119
58815.mp4,120
143141.mp4,120
50306.mp4,121
144555.mp4,120
210207.mp4,120
129445.mp4,120
131243.mp4,120
67469.mp4,120
212969.mp4,121
211973.mp4,120
184511.mp4,120
114930.mp4,120
175789.mp4,120
136310.mp4,121
106970.mp4,119
67786.mp4,119
156258.mp4,121
154509.mp4,119
168137.mp4,119
186015.mp4,120
167865.mp4,121
55373.mp4,121
12008.mp4,120
74711.mp4,120
39506.mp4,121
33910.mp4,121
80536.mp4,119
64031.mp4,121
62715.mp4,121
87604.mp4,120
147059.mp4,121
41430.mp4,119
65206.mp4,120
203731.mp4,120
187254.mp4,121
127667.mp4,121
66122.mp4,120
12696.mp4,120
114233.mp4,120
219318.mp4,120
193713.mp4,120
148151.mp4,120
185040.mp4,120
57631.mp4,120
64581.mp4,121
208775.mp4,119
104511.mp4,120
151439.mp4,119
213465.mp4,121
125278.mp4,120
199666.mp4,120
129217.mp4,120
145768.mp4,119
44255.mp4,120
101706.mp4,120
110987.mp4,121
15387.mp4,120
208954.mp4,120
73885.mp4,119
219597.mp4,120
50203.mp4,120
95473.mp4,120
134207.mp4,121
42061.mp4,121
56964.mp4,121
109233.mp4,119
122398.mp4,119
143289.mp4,121
51701.mp4,120
185504.mp4,120
63938.mp4,121
17284.mp4,121
60110.mp4,121
129397.mp4,119
149237.mp4,120
45135.mp4,120
213968.mp4,120
82692.mp4,119
43344.mp4,120
