0LtLS9wROrk_E_003663_003757_A_0090_0092.mp4,183
0LtLS9wROrk_E_005117_005196_A_0077_0079.mp4,183
0LtLS9wROrk_E_007548_007611_A_0060_0062.mp4,183
1Fdwuy2V9EY_E_006683_006773_A_0088_0089.mp4,185
1JsRXIoR3C0_E_005485_005578_A_0090_0093.mp4,182
1JsRXIoR3C0_E_005725_005813_A_0086_0088.mp4,185
1JsRXIoR3C0_E_005957_006054_A_0094_0097.mp4,185
1JsRXIoR3C0_E_006394_006459_A_0061_0064.mp4,182
1JsRXIoR3C0_E_006788_006891_A_0100_0103.mp4,185
1JsRXIoR3C0_E_007056_007153_A_0094_0096.mp4,185
1JsRXIoR3C0_E_007281_007353_A_0069_0071.mp4,182
1sPWceVH4e8_E_002800_002896_A_0093_0095.mp4,186
1sPWceVH4e8_E_003387_003480_A_0090_0092.mp4,186
1sPWceVH4e8_E_003492_003581_A_0086_0088.mp4,186
1sPWceVH4e8_E_003737_003826_A_0087_0088.mp4,182
1sPWceVH4e8_E_004004_004118_A_0111_0113.mp4,186
1sPWceVH4e8_E_004136_004216_A_0077_0079.mp4,179
1sPWceVH4e8_E_004723_004821_A_0095_0097.mp4,185
1sPWceVH4e8_E_006753_006838_A_0083_0085.mp4,182
1sPWceVH4e8_E_006938_007036_A_0095_0097.mp4,185
26Y8BsNiiL8_E_000737_000829_A_0090_0092.mp4,185
26Y8BsNiiL8_E_002729_002821_A_0088_0091.mp4,185
2Qw1e4-nWrk_E_002597_002696_A_0096_0098.mp4,186
2Qw1e4-nWrk_E_002809_002898_A_0087_0089.mp4,181
2Qw1e4-nWrk_E_003251_003336_A_0081_0085.mp4,185
3PywNMDCvNQ_E_000996_001070_A_0071_0073.mp4,183
3PywNMDCvNQ_E_001120_001200_A_0078_0080.mp4,186
3PywNMDCvNQ_E_001675_001746_A_0068_0070.mp4,179
3PywNMDCvNQ_E_003600_003650_A_0048_0049.mp4,183
4mzbybgzoJo_E_001292_001377_A_0082_0084.mp4,182
4mzbybgzoJo_E_002223_002324_A_0099_0100.mp4,182
5Bfx6Wz3KKs_E_002700_002791_A_0088_0090.mp4,183
5Bfx6Wz3KKs_E_002912_002986_A_0071_0073.mp4,183
5Bfx6Wz3KKs_E_003080_003170_A_0087_0090.mp4,183
5Bfx6Wz3KKs_E_003280_003371_A_0086_0090.mp4,183
5Bfx6Wz3KKs_E_004841_004935_A_0090_0093.mp4,183
5Bfx6Wz3KKs_E_010852_010948_A_0093_0096.mp4,182
5Bfx6Wz3KKs_E_011563_011631_A_0065_0067.mp4,182
5Bfx6Wz3KKs_E_012924_012994_A_0067_0070.mp4,182
5Bfx6Wz3KKs_E_013096_013180_A_0082_0084.mp4,186
5Bfx6Wz3KKs_E_013300_013377_A_0073_0076.mp4,186
5Bfx6Wz3KKs_E_014404_014475_A_0068_0070.mp4,179
5Bfx6Wz3KKs_E_024297_024382_A_0082_0084.mp4,179
5Bfx6Wz3KKs_E_027668_027749_A_0080_0081.mp4,180
5X85zLeLmks_E_003635_003728_A_0090_0092.mp4,182
5X85zLeLmks_E_004354_004436_A_0080_0081.mp4,182
5X85zLeLmks_E_006186_006271_A_0083_0085.mp4,182
5cuxEEKyth8_E_002411_002492_A_0079_0081.mp4,185
5cuxEEKyth8_E_002738_002832_A_0091_0093.mp4,182
5cuxEEKyth8_E_003945_004038_A_0089_0092.mp4,185
5cuxEEKyth8_E_005406_005489_A_0080_0082.mp4,185
5cuxEEKyth8_E_005808_005890_A_0078_0081.mp4,185
5cuxEEKyth8_E_006432_006521_A_0087_0089.mp4,185
5cuxEEKyth8_E_007713_007795_A_0080_0081.mp4,182
6fqDZHFr2yo_E_000637_000733_A_0093_0095.mp4,185
6fqDZHFr2yo_E_001126_001225_A_0096_0098.mp4,185
6fqDZHFr2yo_E_001484_001575_A_0087_0090.mp4,181
8N3CBVAft40_E_000178_000267_A_0087_0089.mp4,185
8jfPAvqYAs8_E_002522_002612_A_0088_0090.mp4,182
8jfPAvqYAs8_E_003770_003858_A_0084_0087.mp4,185
8jfPAvqYAs8_E_004891_004976_A_0082_0084.mp4,182
8jfPAvqYAs8_E_005937_006021_A_0082_0084.mp4,185
8jfPAvqYAs8_E_006128_006216_A_0085_0088.mp4,182
8jfPAvqYAs8_E_007127_007224_A_0095_0097.mp4,182
8jfPAvqYAs8_E_007274_007366_A_0089_0092.mp4,185
8jfPAvqYAs8_E_007660_007757_A_0094_0097.mp4,182
9Mtbac7g15I_E_003612_003710_A_0096_0097.mp4,185
A0xAXXysHUo_E_001953_002052_A_0097_0099.mp4,185
AZ4wWG6Rcak_E_006115_006196_A_0078_0080.mp4,182
BQhX6F3gpp8_E_004904_005002_A_0095_0097.mp4,179
CUuRl0Bwbbc_E_001739_001844_A_0102_0105.mp4,181
CkNz9ZIQmZI_E_004929_005008_A_0077_0079.mp4,180
EFvDqOF1sCk_E_000211_000308_A_0094_0097.mp4,181
EFvDqOF1sCk_E_001760_001851_A_0088_0090.mp4,181
EizeIkrDtQk_E_003531_003615_A_0080_0083.mp4,181
IZy40LwRdbM_E_002361_002435_A_0071_0073.mp4,178
P31Ht3H76ok_E_002011_002112_A_0098_0101.mp4,184
RLDjrhjikT4_E_008556_008641_A_0083_0084.mp4,178
aEZbP-Yephw_E_000540_000626_A_0082_0085.mp4,185
aEZbP-Yephw_E_001550_001632_A_0080_0082.mp4,181
aEZbP-Yephw_E_002252_002329_A_0074_0077.mp4,185
aEZbP-Yephw_E_002874_002957_A_0081_0083.mp4,181
aN9hSsP6xTg_E_001836_001926_A_0088_0090.mp4,182
aN9hSsP6xTg_E_003225_003317_A_0089_0092.mp4,182
cSh74jSRht8_E_004353_004384_A_0020_0022.mp4,184
rrrgsW--AE8_E_006270_006328_A_0056_0058.mp4,184
rrrgsW--AE8_E_030228_030306_A_0075_0078.mp4,187
