1JsRXIoR3C0_E_001239_001245_A_0000_0005.mp4,170
1JsRXIoR3C0_E_001953_001960_A_0000_0006.mp4,169
1JsRXIoR3C0_E_002174_002183_A_0000_0008.mp4,169
1rkcLEAMTpw_E_000611_000618_A_0000_0006.mp4,166
1rkcLEAMTpw_E_000612_000618_A_0000_0006.mp4,166
1sPWceVH4e8_E_000742_000749_A_0000_0006.mp4,166
1sPWceVH4e8_E_000850_000857_A_0000_0007.mp4,166
1sPWceVH4e8_E_001162_001168_A_0000_0006.mp4,166
1sPWceVH4e8_E_001343_001350_A_0000_0007.mp4,166
1sPWceVH4e8_E_001357_001365_A_0000_0008.mp4,166
2pBxfMAIaXY_E_001720_001727_A_0000_0006.mp4,168
2pBxfMAIaXY_E_001755_001761_A_0000_0005.mp4,170
2pBxfMAIaXY_E_001831_001837_A_0000_0005.mp4,168
2pBxfMAIaXY_E_001992_001999_A_0000_0006.mp4,168
2pBxfMAIaXY_E_002045_002053_A_0000_0007.mp4,168
2pBxfMAIaXY_E_002221_002226_A_0000_0005.mp4,168
2pBxfMAIaXY_E_002414_002419_A_0000_0005.mp4,168
3PywNMDCvNQ_E_004136_004143_A_0000_0006.mp4,165
8WGrvkd6ZEU_E_002669_002677_A_0001_0008.mp4,169
8WGrvkd6ZEU_E_002790_002798_A_0000_0007.mp4,163
8WGrvkd6ZEU_E_003088_003095_A_0000_0007.mp4,166
8WGrvkd6ZEU_E_003831_003838_A_0000_0007.mp4,163
DyZ2qj6x1UE_E_000801_000811_A_0001_0009.mp4,162
EFvDqOF1sCk_E_002576_002583_A_0000_0006.mp4,162
FNEeMvHmuEw_E_000857_000865_A_0000_0006.mp4,163
GEjRXo8Dvwc_E_004194_004201_A_0000_0007.mp4,162
GF8D7Dx2mhs_E_002868_002876_A_0000_0006.mp4,163
HubzmiNVVXs_E_004870_004879_A_0000_0008.mp4,163
ICL5k84viw0_E_002491_002499_A_0000_0007.mp4,165
IWFgo-tEEs8_E_000236_000244_A_0000_0008.mp4,163
ItBRb9LB-VI_E_002262_002268_A_0000_0005.mp4,164
KDjuRG3-Xf0_E_003217_003225_A_0000_0008.mp4,163
Lt0HnPxdzHw_E_001713_001720_A_0000_0006.mp4,169
cWztehyIFkg_E_002505_002513_A_0000_0007.mp4,163
cWztehyIFkg_E_002524_002539_A_0000_0015.mp4,163
eH-ZgOT8ASM_E_000939_000947_A_0000_0007.mp4,163
eH-ZgOT8ASM_E_001344_001351_A_0000_0006.mp4,163
esQQbBhuXbM_E_005446_005453_A_0000_0006.mp4,162
esQQbBhuXbM_E_005445_005453_A_0000_0007.mp4,162
f6k7PBGgeb4_E_001659_001665_A_0000_0006.mp4,163
f6k7PBGgeb4_E_001743_001750_A_0000_0006.mp4,162
f6k7PBGgeb4_E_002070_002077_A_0000_0007.mp4,162
hp2PJMAJqyA_E_003033_003041_A_0000_0008.mp4,162
hp2PJMAJqyA_E_003886_003893_A_0000_0007.mp4,162
hp2PJMAJqyA_E_004368_004377_A_0000_0008.mp4,162
nEoD3t5O3Hg_E_004396_004404_A_0000_0008.mp4,164
p42w02g4Ce4_E_004464_004472_A_0000_0007.mp4,167
u6tU91r1Szo_E_003625_003633_A_0000_0007.mp4,167
