2pBxfMAIaXY_E_001794_001801_A_0000_0006.mp4,170
2pBxfMAIaXY_E_002271_002277_A_0000_0005.mp4,170
2pBxfMAIaXY_E_002443_002451_A_0000_0007.mp4,168
2pBxfMAIaXY_E_002443_002450_A_0000_0006.mp4,168
2pBxfMAIaXY_E_002855_002861_A_0000_0006.mp4,168
8WGrvkd6ZEU_E_003681_003689_A_0000_0007.mp4,170
DyZ2qj6x1UE_E_003717_003724_A_0000_0006.mp4,168
HubzmiNVVXs_E_003649_003656_A_0000_0006.mp4,166
I1OMnMSk1Lg_E_001680_001688_A_0001_0007.mp4,162
I749IS2IeFY_E_003405_003415_A_0000_0009.mp4,162
IZy40LwRdbM_E_000065_000073_A_0000_0007.mp4,168
IZy40LwRdbM_E_001014_001022_A_0000_0007.mp4,168
ItBRb9LB-VI_E_002100_002105_A_0000_0004.mp4,162
KDjuRG3-Xf0_E_002899_002906_A_0000_0007.mp4,166
KDjuRG3-Xf0_E_003232_003244_A_0000_0011.mp4,163
KDjuRG3-Xf0_E_003371_003378_A_0000_0006.mp4,166
KDjuRG3-Xf0_E_003385_003396_A_0000_0009.mp4,166
KDjuRG3-Xf0_E_003498_003506_A_0000_0007.mp4,166
KDjuRG3-Xf0_E_003515_003525_A_0000_0010.mp4,166
KDjuRG3-Xf0_E_004400_004407_A_0000_0007.mp4,168
Lt0HnPxdzHw_E_001751_001758_A_0000_0006.mp4,163
Lt0HnPxdzHw_E_001796_001803_A_0000_0006.mp4,166
Lt0HnPxdzHw_E_005403_005409_A_0000_0006.mp4,169
Ny0ZMOIyb9M_E_002561_002568_A_0000_0006.mp4,163
Ny0ZMOIyb9M_E_002580_002587_A_0000_0006.mp4,166
Ny0ZMOIyb9M_E_003092_003099_A_0000_0007.mp4,163
Ny0ZMOIyb9M_E_003857_003864_A_0000_0006.mp4,164
Ny0ZMOIyb9M_E_004317_004324_A_0000_0007.mp4,163
Ry5PFp-pRmA_E_001467_001476_A_0001_0007.mp4,163
TBsWos4T4OE_E_003125_003133_A_0001_0007.mp4,162
TILXmEWGxeI_E_001236_001243_A_0000_0006.mp4,163
TILXmEWGxeI_E_001236_001244_A_0000_0007.mp4,163
VWsVUnoyUoA_E_000680_000688_A_0000_0007.mp4,162
VWsVUnoyUoA_E_000707_000715_A_0000_0007.mp4,162
Vq-w0Jk7y7g_E_008598_008604_A_0000_0005.mp4,166
X4CY5MZwI9I_E_003719_003725_A_0000_0006.mp4,163
X4CY5MZwI9I_E_004392_004399_A_0000_0006.mp4,164
X4CY5MZwI9I_E_005116_005123_A_0000_0007.mp4,163
X4CY5MZwI9I_E_005370_005377_A_0000_0006.mp4,163
X4ajWw8L19s_E_000875_000884_A_0001_0008.mp4,168
X4ajWw8L19s_E_005983_005995_A_0005_0011.mp4,163
X4ajWw8L19s_E_006859_006866_A_0000_0007.mp4,166
X6sggzI0mw8_E_000946_000953_A_0001_0007.mp4,162
YesOPAkCA40_E_004565_004573_A_0000_0007.mp4,169
YesOPAkCA40_E_004886_004896_A_0000_0009.mp4,169
YesOPAkCA40_E_005503_005509_A_0001_0006.mp4,169
YesOPAkCA40_E_005526_005538_A_0001_0011.mp4,169
ZHpME-SbKdQ_E_000348_000354_A_0000_0006.mp4,162
ZHpME-SbKdQ_E_000623_000630_A_0000_0006.mp4,163
cSh74jSRht8_E_002727_002735_A_0000_0008.mp4,166
cSh74jSRht8_E_002775_002782_A_0000_0007.mp4,168
gYyLkUbGuUU_E_000589_000595_A_0000_0006.mp4,166
l-ctNiOuCBc_E_002586_002592_A_0000_0006.mp4,166
mQ59PLtU4QA_E_000952_000960_A_0000_0007.mp4,163
mgtMKd072Pg_E_002210_002217_A_0000_0007.mp4,163
n9-yxVGYMRw_E_001739_001746_A_0000_0007.mp4,163
n9-yxVGYMRw_E_003653_003661_A_0000_0007.mp4,162
nEoD3t5O3Hg_E_000349_000357_A_0000_0008.mp4,165
nEoD3t5O3Hg_E_003883_003890_A_0000_0007.mp4,162
nEoD3t5O3Hg_E_004208_004217_A_0000_0008.mp4,162
nEoD3t5O3Hg_E_004208_004216_A_0000_0008.mp4,162
nEoD3t5O3Hg_E_004598_004607_A_0001_0008.mp4,164
owZ2Fv4Li8M_E_000636_000642_A_0000_0006.mp4,168
owZ2Fv4Li8M_E_000636_000644_A_0000_0006.mp4,168
p42w02g4Ce4_E_002003_002010_A_0000_0007.mp4,162
p42w02g4Ce4_E_002307_002313_A_0000_0006.mp4,163
pEoWudMTZbY_E_000288_000295_A_0000_0006.mp4,164
qzi2cKZCf94_E_002845_002852_A_0000_0006.mp4,162
qzi2cKZCf94_E_003168_003176_A_0001_0007.mp4,163
qzi2cKZCf94_E_003445_003454_A_0000_0008.mp4,162
qzi2cKZCf94_E_004389_004396_A_0001_0007.mp4,162
u6tU91r1Szo_E_001760_001768_A_0000_0007.mp4,163
u6tU91r1Szo_E_003626_003633_A_0000_0007.mp4,167
wWwc2BbO598_E_000168_000175_A_0000_0006.mp4,164
wWwc2BbO598_E_000238_000245_A_0000_0006.mp4,162
wWwc2BbO598_E_000302_000308_A_0000_0006.mp4,163
wWwc2BbO598_E_000366_000372_A_0000_0006.mp4,166
wWwc2BbO598_E_000445_000452_A_0000_0006.mp4,166
wYbfwx93VXk_E_001152_001159_A_0000_0007.mp4,166
wYbfwx93VXk_E_001624_001632_A_0000_0007.mp4,166
wYbfwx93VXk_E_001847_001856_A_0000_0008.mp4,169
wYbfwx93VXk_E_002185_002193_A_0000_0007.mp4,164
wYbfwx93VXk_E_002587_002595_A_0000_0008.mp4,163
wYbfwx93VXk_E_002838_002846_A_0000_0007.mp4,163
xHBUIt-airA_E_006046_006052_A_0000_0005.mp4,162
yj0pNXcTK0k_E_001658_001665_A_0000_0007.mp4,163
yj0pNXcTK0k_E_001977_001985_A_0000_0007.mp4,163
yj0pNXcTK0k_E_002846_002854_A_0000_0007.mp4,162
yj0pNXcTK0k_E_002866_002877_A_0000_0010.mp4,162
yj0pNXcTK0k_E_002885_002898_A_0000_0012.mp4,162
yj0pNXcTK0k_E_003788_003796_A_0000_0007.mp4,164
yj0pNXcTK0k_E_003811_003827_A_0000_0015.mp4,164
yvZPHJu3kb0_E_000641_000648_A_0000_0007.mp4,163
yvZPHJu3kb0_E_000640_000648_A_0000_0007.mp4,163
zNL3kn3UBmg_E_002498_002506_A_0000_0008.mp4,165
zfqS-wCJSsw_E_002470_002477_A_0000_0007.mp4,166
0LtLS9wROrk_E_001667_001672_A_0000_0005.mp4,163
1JsRXIoR3C0_E_000700_000707_A_0000_0006.mp4,166
1JsRXIoR3C0_E_000918_000925_A_0000_0007.mp4,168
1JsRXIoR3C0_E_001239_001244_A_0000_0005.mp4,170
1JsRXIoR3C0_E_001485_001492_A_0000_0007.mp4,169
1rkcLEAMTpw_E_001279_001288_A_0000_0008.mp4,163
DyZ2qj6x1UE_E_000779_000786_A_0000_0007.mp4,162
HubzmiNVVXs_E_003031_003038_A_0000_0006.mp4,167
aEZbP-Yephw_E_001775_001785_A_0000_0009.mp4,164
