1JsRXIoR3C0_E_005725_005813_A_0043_0045.mp4,164
1JsRXIoR3C0_E_007281_007353_A_0036_0037.mp4,164
1rkcLEAMTpw_E_005741_005843_A_0052_0053.mp4,164
1sPWceVH4e8_E_003737_003826_A_0049_0051.mp4,164
1sPWceVH4e8_E_004136_004216_A_0045_0046.mp4,164
1sPWceVH4e8_E_006753_006838_A_0046_0047.mp4,164
5cuxEEKyth8_E_002411_002492_A_0027_0029.mp4,164
5cuxEEKyth8_E_006432_006521_A_0009_0010.mp4,164
5cuxEEKyth8_E_007061_007147_A_0040_0041.mp4,164
8WGrvkd6ZEU_E_006982_007062_A_0052_0053.mp4,164
8WGrvkd6ZEU_E_007834_007924_A_0069_0070.mp4,162
8jfPAvqYAs8_E_003770_003858_A_0007_0008.mp4,164
8jfPAvqYAs8_E_005937_006021_A_0034_0036.mp4,164
9Mtbac7g15I_E_001304_001401_A_0051_0052.mp4,162
aEZbP-Yephw_E_000540_000626_A_0039_0042.mp4,164
aN9hSsP6xTg_E_001836_001926_A_0050_0051.mp4,164
aN9hSsP6xTg_E_002420_002518_A_0051_0052.mp4,164
eH-ZgOT8ASM_E_005242_005335_A_0057_0058.mp4,162
eH-ZgOT8ASM_E_006076_006174_A_0027_0028.mp4,162
eH-ZgOT8ASM_E_006754_006845_A_0076_0078.mp4,162
esQQbBhuXbM_E_004023_004118_A_0041_0042.mp4,162
qGvIwgHzCH8_E_003083_003171_A_0033_0035.mp4,163
