BLzs5opw8uM_E_001044_001143_A_0082_0083.mp4,164
CkNz9ZIQmZI_E_003713_003816_A_0091_0092.mp4,164
CkNz9ZIQmZI_E_004347_004433_A_0043_0044.mp4,164
DTedv-hhHU4_E_003113_003207_A_0068_0069.mp4,164
EizeIkrDtQk_E_003303_003392_A_0007_0008.mp4,164
EizeIkrDtQk_E_003531_003615_A_0009_0010.mp4,164
FEWTGYiWEaQ_E_002679_002778_A_0052_0053.mp4,164
FNEeMvHmuEw_E_004713_004833_A_0023_0025.mp4,164
Gng3ezTNGog_E_001407_001502_A_0028_0029.mp4,162
Gng3ezTNGog_E_003049_003171_A_0016_0017.mp4,164
Gng3ezTNGog_E_003049_003171_A_0074_0076.mp4,162
Gng3ezTNGog_E_004448_004546_A_0068_0070.mp4,162
Gng3ezTNGog_E_004448_004546_A_0084_0086.mp4,164
IP96HTdCvWs_E_003721_003812_A_0059_0060.mp4,162
IP96HTdCvWs_E_003721_003812_A_0076_0077.mp4,164
IWFgo-tEEs8_E_001491_001590_A_0011_0013.mp4,164
IWFgo-tEEs8_E_001895_002004_A_0071_0072.mp4,162
IWFgo-tEEs8_E_001895_002004_A_0088_0090.mp4,164
IZy40LwRdbM_E_003345_003434_A_0015_0016.mp4,164
ItBRb9LB-VI_E_001663_001750_A_0070_0071.mp4,162
JHqcbeKepSg_E_006566_006653_A_0033_0035.mp4,164
LHZAh32EoC8_E_006164_006249_A_0028_0029.mp4,162
LHZAh32EoC8_E_007266_007361_A_0074_0078.mp4,164
Lt0HnPxdzHw_E_003265_003364_A_0086_0087.mp4,164
Lt0HnPxdzHw_E_003691_003784_A_0067_0069.mp4,164
P31Ht3H76ok_E_003204_003293_A_0011_0013.mp4,164
P31Ht3H76ok_E_003204_003293_A_0060_0061.mp4,162
PgNRyuavbS4_E_004689_004775_A_0045_0046.mp4,164
PgNRyuavbS4_E_009160_009264_A_0087_0088.mp4,164
R9XUGR-VlTg_E_003633_003728_A_0061_0062.mp4,164
RLDjrhjikT4_E_008556_008641_A_0057_0058.mp4,164
RLDjrhjikT4_E_009207_009286_A_0063_0064.mp4,164
TBsWos4T4OE_E_000427_000527_A_0064_0065.mp4,162
TBsWos4T4OE_E_002334_002422_A_0044_0045.mp4,164
TXpgPT5Jdiw_E_003773_003859_A_0051_0053.mp4,164
TXpgPT5Jdiw_E_004666_004760_A_0025_0028.mp4,164
aN9hSsP6xTg_E_003225_003317_A_0053_0054.mp4,164
e3EsDlpNo0c_E_008034_008131_A_0072_0074.mp4,164
eH-ZgOT8ASM_E_005242_005335_A_0080_0081.mp4,164
f-1FbFegbuQ_E_001393_001492_A_0054_0055.mp4,162
fDa0HpoXES4_E_002928_003033_A_0023_0024.mp4,164
fH-VYYl9elA_E_004491_004578_A_0047_0048.mp4,164
jz594oTnl-k_E_003800_003894_A_0050_0052.mp4,162
nSDRagdrJ-A_E_003955_004034_A_0036_0037.mp4,162
owZ2Fv4Li8M_E_001722_001812_A_0011_0012.mp4,164
pDymfQS91xI_E_001526_001622_A_0079_0080.mp4,164
qBlozVQ7NOc_E_006142_006247_A_0069_0070.mp4,164
qGvIwgHzCH8_E_005203_005288_A_0049_0051.mp4,163
s7pyZPf6fKU_E_002342_002437_A_0037_0038.mp4,162
s7pyZPf6fKU_E_002342_002437_A_0069_0072.mp4,164
1Fdwuy2V9EY_E_006683_006773_A_0010_0011.mp4,164
5Bfx6Wz3KKs_E_012189_012264_A_0022_0024.mp4,162
VWsVUnoyUoA_E_005081_005184_A_0051_0053.mp4,164
VWsVUnoyUoA_E_005752_005856_A_0055_0057.mp4,164
Vq-w0Jk7y7g_E_005924_006014_A_0068_0070.mp4,164
Wu1gxxpbF2o_E_001466_001554_A_0048_0049.mp4,164
Wu1gxxpbF2o_E_004366_004445_A_0034_0035.mp4,164
Wu1gxxpbF2o_E_004620_004720_A_0060_0062.mp4,164
X6sggzI0mw8_E_004724_004820_A_0059_0060.mp4,162
Xw1UvouxVLk_E_001117_001219_A_0062_0063.mp4,162
YesOPAkCA40_E_009397_009482_A_0064_0066.mp4,164
Z0bBRwAzKe0_E_002714_002810_A_0043_0044.mp4,164
ji4smBYYANs_E_005093_005168_A_0040_0042.mp4,163
uDZVn-K4GE4_E_001255_001341_A_0038_0039.mp4,164
v3mISBmwrUM_E_005610_005684_A_0013_0015.mp4,164
vMn2UWFmMDY_E_003138_003227_A_0023_0024.mp4,164
wWwc2BbO598_E_002032_002128_A_0069_0070.mp4,164
wWwc2BbO598_E_002159_002246_A_0035_0036.mp4,164
wYbfwx93VXk_E_007362_007451_A_0051_0052.mp4,162
xHBUIt-airA_E_001122_001209_A_0053_0054.mp4,164
xHBUIt-airA_E_005483_005575_A_0057_0059.mp4,164
yvZPHJu3kb0_E_002444_002529_A_0026_0027.mp4,164
yvZPHJu3kb0_E_005344_005432_A_0052_0054.mp4,164
zNL3kn3UBmg_E_006480_006561_A_0035_0036.mp4,164
