0LtLS9wROrk_E_004181_004254_A_0051_0052.mp4,179
0LtLS9wROrk_E_006895_006995_A_0046_0048.mp4,179
0LtLS9wROrk_E_006895_006995_A_0063_0064.mp4,179
0jqn1vxdhls_E_002587_002723_A_0027_0028.mp4,178
1Fdwuy2V9EY_E_004728_004812_A_0058_0059.mp4,178
1Fdwuy2V9EY_E_006198_006289_A_0046_0047.mp4,178
1Fdwuy2V9EY_E_006392_006477_A_0067_0068.mp4,178
1Fdwuy2V9EY_E_007098_007191_A_0050_0052.mp4,178
1Fdwuy2V9EY_E_007355_007450_A_0064_0065.mp4,178
1Fdwuy2V9EY_E_007648_007738_A_0073_0075.mp4,178
1JsRXIoR3C0_E_006788_006891_A_0032_0033.mp4,178
1rkcLEAMTpw_E_006166_006254_A_0020_0022.mp4,178
1rkcLEAMTpw_E_006389_006475_A_0046_0047.mp4,178
1sPWceVH4e8_E_003387_003480_A_0056_0057.mp4,178
1sPWceVH4e8_E_004004_004118_A_0061_0062.mp4,178
1sPWceVH4e8_E_004136_004216_A_0015_0016.mp4,178
1sPWceVH4e8_E_004723_004821_A_0047_0049.mp4,178
1sPWceVH4e8_E_006938_007036_A_0047_0049.mp4,178
26Y8BsNiiL8_E_001162_001259_A_0028_0029.mp4,178
26Y8BsNiiL8_E_001465_001561_A_0012_0013.mp4,178
26Y8BsNiiL8_E_001465_001561_A_0043_0044.mp4,178
26Y8BsNiiL8_E_003049_003139_A_0072_0073.mp4,178
26Y8BsNiiL8_E_003354_003449_A_0061_0062.mp4,178
2AGztyrY25g_E_002808_002884_A_0009_0010.mp4,178
2AGztyrY25g_E_003471_003570_A_0082_0083.mp4,178
2AGztyrY25g_E_003703_003801_A_0020_0022.mp4,178
2Qw1e4-nWrk_E_001689_001774_A_0046_0047.mp4,178
2Qw1e4-nWrk_E_003251_003336_A_0022_0023.mp4,178
2Qw1e4-nWrk_E_003500_003592_A_0017_0018.mp4,178
2Qw1e4-nWrk_E_003500_003592_A_0047_0048.mp4,178
2giTb7IpJDU_E_000383_000475_A_0037_0038.mp4,178
2giTb7IpJDU_E_002268_002361_A_0052_0053.mp4,178
2giTb7IpJDU_E_002890_002979_A_0052_0053.mp4,178
2giTb7IpJDU_E_004119_004206_A_0049_0050.mp4,178
2giTb7IpJDU_E_004488_004583_A_0064_0065.mp4,178
2giTb7IpJDU_E_004952_005049_A_0033_0034.mp4,178
4mzbybgzoJo_E_000054_000152_A_0047_0048.mp4,178
5Bfx6Wz3KKs_E_027668_027749_A_0061_0062.mp4,178
5X85zLeLmks_E_003635_003728_A_0043_0044.mp4,178
5cuxEEKyth8_E_001352_001439_A_0042_0043.mp4,178
5cuxEEKyth8_E_002411_002492_A_0064_0065.mp4,178
5cuxEEKyth8_E_005204_005293_A_0033_0034.mp4,178
5cuxEEKyth8_E_005406_005489_A_0022_0023.mp4,178
5cuxEEKyth8_E_005808_005890_A_0018_0019.mp4,178
5cuxEEKyth8_E_007061_007147_A_0045_0046.mp4,178
6fqDZHFr2yo_E_000865_000962_A_0019_0021.mp4,178
6fqDZHFr2yo_E_001126_001225_A_0022_0023.mp4,178
6fqDZHFr2yo_E_001288_001370_A_0021_0022.mp4,178
8N3CBVAft40_E_000437_000537_A_0044_0045.mp4,178
8N3CBVAft40_E_000725_000820_A_0081_0082.mp4,178
8WGrvkd6ZEU_E_006982_007062_A_0011_0012.mp4,178
8WGrvkd6ZEU_E_008298_008385_A_0027_0028.mp4,178
8WGrvkd6ZEU_E_008479_008560_A_0049_0050.mp4,178
8YSDFKGwP4U_E_003186_003282_A_0046_0047.mp4,178
8YSDFKGwP4U_E_003291_003389_A_0062_0063.mp4,178
8jfPAvqYAs8_E_002100_002187_A_0031_0032.mp4,178
8jfPAvqYAs8_E_004891_004976_A_0066_0067.mp4,178
8jfPAvqYAs8_E_005279_005359_A_0041_0042.mp4,178
9Mtbac7g15I_E_000304_000395_A_0037_0038.mp4,178
9Mtbac7g15I_E_001304_001401_A_0060_0061.mp4,178
A0xAXXysHUo_E_001529_001616_A_0068_0069.mp4,178
A0xAXXysHUo_E_002290_002388_A_0058_0059.mp4,178
A0xAXXysHUo_E_002548_002638_A_0058_0059.mp4,178
A0xAXXysHUo_E_002763_002874_A_0094_0095.mp4,178
A0xAXXysHUo_E_002930_003025_A_0011_0012.mp4,178
AZ4wWG6Rcak_E_004073_004175_A_0019_0020.mp4,178
AZ4wWG6Rcak_E_005608_005706_A_0023_0024.mp4,178
BLzs5opw8uM_E_001044_001143_A_0026_0027.mp4,178
BLzs5opw8uM_E_001410_001502_A_0077_0078.mp4,178
BLzs5opw8uM_E_001671_001766_A_0023_0025.mp4,178
BLzs5opw8uM_E_002085_002171_A_0049_0051.mp4,178
BLzs5opw8uM_E_002316_002397_A_0034_0035.mp4,178
BLzs5opw8uM_E_004323_004411_A_0029_0030.mp4,178
aEZbP-Yephw_E_000380_000467_A_0016_0017.mp4,178
aEZbP-Yephw_E_002450_002550_A_0023_0024.mp4,178
aEZbP-Yephw_E_003121_003201_A_0051_0052.mp4,178
aEZbP-Yephw_E_003547_003643_A_0014_0015.mp4,178
aEZbP-Yephw_E_003968_004062_A_0060_0061.mp4,178
aN3PC4tJokk_E_001804_001903_A_0012_0013.mp4,178
aN3PC4tJokk_E_004944_005043_A_0083_0084.mp4,178
aN9hSsP6xTg_E_000224_000318_A_0061_0062.mp4,178
aN9hSsP6xTg_E_000439_000530_A_0065_0066.mp4,178
aN9hSsP6xTg_E_001436_001527_A_0019_0020.mp4,178
aN9hSsP6xTg_E_001836_001926_A_0016_0017.mp4,178
aN9hSsP6xTg_E_002211_002312_A_0079_0080.mp4,178
