66533.mp4,121
13801.mp4,122
208625.mp4,122
23350.mp4,122
64652.mp4,121
131158.mp4,122
115257.mp4,121
199496.mp4,121
117072.mp4,122
68289.mp4,121
163191.mp4,122
26135.mp4,122
134570.mp4,122
86236.mp4,121
60880.mp4,122
45981.mp4,122
115975.mp4,122
103643.mp4,121
124518.mp4,122
91710.mp4,121
75445.mp4,122
168400.mp4,121
123811.mp4,121
76669.mp4,121
200637.mp4,121
22366.mp4,121
41759.mp4,122
35363.mp4,122
166825.mp4,121
74703.mp4,122
154302.mp4,121
206539.mp4,121
33929.mp4,122
179352.mp4,122
214479.mp4,122
82197.mp4,121
107569.mp4,121
95677.mp4,121
39050.mp4,122
12816.mp4,122
54564.mp4,121
114076.mp4,121
94892.mp4,122
128700.mp4,122
177433.mp4,122
145792.mp4,122
134200.mp4,121
43433.mp4,121
22505.mp4,122
90856.mp4,122
86958.mp4,122
172710.mp4,121
164581.mp4,121
109397.mp4,121
85577.mp4,122
188889.mp4,121
138707.mp4,121
205476.mp4,122
176692.mp4,121
59799.mp4,121
96048.mp4,121
217738.mp4,121
145891.mp4,121
119615.mp4,122
55589.mp4,122
161380.mp4,121
163973.mp4,122
76991.mp4,121
200981.mp4,121
134829.mp4,121
211662.mp4,122
83704.mp4,121
115218.mp4,122
212486.mp4,121
3624.mp4,121
138552.mp4,121
78245.mp4,121
17072.mp4,121
48994.mp4,122
30913.mp4,121
65487.mp4,122
28182.mp4,121
196778.mp4,122
220392.mp4,122
172594.mp4,122
59056.mp4,122
26234.mp4,122
165164.mp4,121
93752.mp4,121
90325.mp4,121
144348.mp4,121
174035.mp4,121
143977.mp4,121
216279.mp4,121
47336.mp4,122
68354.mp4,121
28912.mp4,121
121625.mp4,121
47042.mp4,122
120269.mp4,122
71621.mp4,122
184082.mp4,121
30814.mp4,122
129522.mp4,122
176524.mp4,122
107480.mp4,121
107972.mp4,121
33252.mp4,121
25105.mp4,122
26300.mp4,121
142811.mp4,121
128296.mp4,121
213816.mp4,121
54171.mp4,121
202967.mp4,121
33846.mp4,121
78543.mp4,121
73055.mp4,121
212498.mp4,121
192022.mp4,122
83266.mp4,121
170367.mp4,121
24271.mp4,122
159306.mp4,122
148808.mp4,122
54215.mp4,122
71534.mp4,122
112590.mp4,122
126270.mp4,121
152396.mp4,122
146998.mp4,121
33585.mp4,121
94664.mp4,121
52525.mp4,122
141372.mp4,121
120014.mp4,122
9874.mp4,122
17458.mp4,121
201688.mp4,121
172089.mp4,121
73078.mp4,122
25152.mp4,122
175516.mp4,122
39473.mp4,121
84325.mp4,121
190317.mp4,122
72714.mp4,122
95919.mp4,121
185587.mp4,121
204111.mp4,122
154016.mp4,122
104564.mp4,122
5998.mp4,122
29533.mp4,122
64152.mp4,122
192189.mp4,121
195236.mp4,122
142350.mp4,122
107073.mp4,121
77093.mp4,122
54163.mp4,121
210505.mp4,122
108187.mp4,121
173798.mp4,122
197839.mp4,122
72395.mp4,121
182685.mp4,121
176668.mp4,121
85858.mp4,122
171122.mp4,121
183807.mp4,121
113689.mp4,122
177129.mp4,122
4832.mp4,122
199160.mp4,122
52199.mp4,122
69736.mp4,121
162116.mp4,121
138576.mp4,121
40578.mp4,121
131270.mp4,121
56824.mp4,121
161513.mp4,121
151210.mp4,121
17334.mp4,121
139428.mp4,121
38687.mp4,121
98240.mp4,122
4993.mp4,121
84349.mp4,121
181307.mp4,122
8284.mp4,121
211464.mp4,122
162026.mp4,121
93401.mp4,122
43461.mp4,122
107943.mp4,121
162074.mp4,121
201878.mp4,121
215955.mp4,121
42559.mp4,122
4952.mp4,122
161264.mp4,122
125196.mp4,122
63778.mp4,121
63304.mp4,122
174974.mp4,122
8234.mp4,121
76653.mp4,121
130025.mp4,121
115144.mp4,122
13277.mp4,121
207509.mp4,122
148459.mp4,122
195864.mp4,121
196905.mp4,121
195473.mp4,121
139312.mp4,121
38935.mp4,122
106036.mp4,121
116491.mp4,122
161139.mp4,121
44703.mp4,121
63893.mp4,122
116006.mp4,121
211756.mp4,121
50263.mp4,122
33958.mp4,121
150871.mp4,121
176200.mp4,121
120480.mp4,122
218801.mp4,122
40754.mp4,121
213011.mp4,121
215533.mp4,121
137374.mp4,122
187191.mp4,121
188638.mp4,121
217292.mp4,121
102511.mp4,122
184676.mp4,121
53900.mp4,122
40710.mp4,122
149847.mp4,122
27608.mp4,122
162063.mp4,122
22049.mp4,121
130909.mp4,122
49022.mp4,122
109818.mp4,121
81450.mp4,122
96056.mp4,122
188010.mp4,121
44362.mp4,122
212052.mp4,121
5405.mp4,121
2988.mp4,121
156945.mp4,122
153087.mp4,122
200250.mp4,122
153460.mp4,121
173758.mp4,121
191826.mp4,122
199333.mp4,122
201946.mp4,121
181398.mp4,121
104216.mp4,122
128923.mp4,121
86592.mp4,122
179108.mp4,122
8600.mp4,122
85810.mp4,121
123452.mp4,122
16771.mp4,122
143581.mp4,121
117786.mp4,122
72409.mp4,121
72209.mp4,122
62340.mp4,122
197502.mp4,121
135043.mp4,121
142757.mp4,121
180755.mp4,121
128463.mp4,121
188241.mp4,122
70525.mp4,121
40511.mp4,122
45065.mp4,122
24770.mp4,121
171724.mp4,122
210753.mp4,122
117001.mp4,121
113203.mp4,121
4320.mp4,121
146484.mp4,122
40486.mp4,121
55915.mp4,121
15816.mp4,122
207164.mp4,122
207652.mp4,122
109877.mp4,122
60979.mp4,121
99535.mp4,121
156229.mp4,121
97665.mp4,121
186382.mp4,121
47687.mp4,121
82221.mp4,122
29791.mp4,121
124796.mp4,121
71702.mp4,122
179414.mp4,122
208263.mp4,122
6243.mp4,121
114687.mp4,122
149399.mp4,122
19724.mp4,122
138855.mp4,121
136826.mp4,121
25926.mp4,121
177752.mp4,122
180861.mp4,122
21624.mp4,122
9348.mp4,122
164144.mp4,122
117831.mp4,122
119086.mp4,122
99481.mp4,122
100410.mp4,122
164745.mp4,121
197880.mp4,122
119667.mp4,121
184401.mp4,121
93142.mp4,121
198432.mp4,122
17183.mp4,121
49976.mp4,122
21595.mp4,122
8422.mp4,122
68251.mp4,122
203061.mp4,122
185646.mp4,121
220612.mp4,122
24210.mp4,121
98492.mp4,121
196302.mp4,121
4261.mp4,121
200984.mp4,121
200095.mp4,122
169647.mp4,122
11184.mp4,122
157843.mp4,121
166082.mp4,121
123766.mp4,121
170521.mp4,122
79593.mp4,121
41443.mp4,121
131254.mp4,122
216768.mp4,121
55211.mp4,121
11217.mp4,122
86290.mp4,121
92113.mp4,121
96115.mp4,121
97055.mp4,121
105586.mp4,122
39477.mp4,122
92765.mp4,122
215430.mp4,122
41079.mp4,121
111875.mp4,122
145918.mp4,122
151385.mp4,122
96784.mp4,122
17945.mp4,121
166832.mp4,121
206500.mp4,121
184725.mp4,121
76705.mp4,121
147029.mp4,121
165635.mp4,121
86040.mp4,121
131533.mp4,121
90119.mp4,121
3991.mp4,121
177959.mp4,122
4429.mp4,122
17292.mp4,121
45689.mp4,122
129224.mp4,122
23356.mp4,122
205139.mp4,122
70285.mp4,122
82236.mp4,122
56894.mp4,121
189088.mp4,122
574.mp4,121
213530.mp4,122
144524.mp4,121
198808.mp4,122
121423.mp4,122
18679.mp4,121
199118.mp4,121
127085.mp4,121
95386.mp4,122
43543.mp4,121
42385.mp4,121
50253.mp4,122
42019.mp4,121
82780.mp4,122
75902.mp4,121
63222.mp4,121
183646.mp4,122
149354.mp4,121
61234.mp4,121
7243.mp4,121
24495.mp4,122
208129.mp4,122
141322.mp4,121
90211.mp4,121
140185.mp4,122
120663.mp4,121
146082.mp4,122
63953.mp4,122
154679.mp4,121
69334.mp4,121
205357.mp4,122
211194.mp4,122
207066.mp4,121
218090.mp4,121
95038.mp4,122
21465.mp4,122
183786.mp4,122
68807.mp4,122
126204.mp4,122
188580.mp4,122
142583.mp4,122
192764.mp4,121
153941.mp4,121
198510.mp4,122
92422.mp4,122
127508.mp4,121
158730.mp4,122
217774.mp4,121
112984.mp4,121
181669.mp4,121
150399.mp4,122
56188.mp4,122
126142.mp4,121
122134.mp4,122
95641.mp4,121
124623.mp4,122
124247.mp4,121
175189.mp4,122
92331.mp4,122
159823.mp4,122
218822.mp4,121
165419.mp4,121
1596.mp4,121
218654.mp4,122
34234.mp4,121
9048.mp4,122
52747.mp4,122
7548.mp4,122
128980.mp4,122
207026.mp4,121
205190.mp4,121
154688.mp4,121
171175.mp4,122
1345.mp4,121
106597.mp4,122
42102.mp4,122
117685.mp4,122
57698.mp4,121
90826.mp4,121
25416.mp4,121
26730.mp4,121
29361.mp4,122
115930.mp4,121
27336.mp4,122
44999.mp4,122
185539.mp4,121
214450.mp4,122
4901.mp4,122
196666.mp4,122
160718.mp4,122
71747.mp4,122
32438.mp4,121
151359.mp4,121
159695.mp4,121
171213.mp4,121
54193.mp4,122
114013.mp4,122
93156.mp4,121
76780.mp4,122
26770.mp4,122
61935.mp4,122
151598.mp4,121
20092.mp4,121
27270.mp4,122
100165.mp4,122
149431.mp4,121
173019.mp4,122
219327.mp4,122
176639.mp4,122
7417.mp4,122
7373.mp4,121
207307.mp4,121
71318.mp4,122
179095.mp4,122
14698.mp4,122
14894.mp4,122
2237.mp4,122
139687.mp4,121
199678.mp4,122
178687.mp4,122
185475.mp4,122
33913.mp4,122
71159.mp4,122
96409.mp4,121
92936.mp4,121
193704.mp4,121
153431.mp4,121
196552.mp4,121
170523.mp4,121
12064.mp4,122
213376.mp4,121
152668.mp4,122
13761.mp4,121
197971.mp4,121
214220.mp4,121
40791.mp4,122
104286.mp4,121
13726.mp4,121
160757.mp4,122
23543.mp4,122
27777.mp4,122
30307.mp4,122
79281.mp4,121
32061.mp4,121
76160.mp4,122
117663.mp4,122
161824.mp4,122
113417.mp4,122
127143.mp4,121
57002.mp4,121
84061.mp4,121
174204.mp4,121
17891.mp4,121
168299.mp4,122
17035.mp4,121
35848.mp4,121
94318.mp4,122
89521.mp4,121
42611.mp4,122
156136.mp4,121
178851.mp4,122
102112.mp4,121
47246.mp4,122
92498.mp4,122
77993.mp4,121
125971.mp4,121
95188.mp4,121
130120.mp4,122
137453.mp4,121
175582.mp4,121
39326.mp4,122
3044.mp4,121
43840.mp4,122
204290.mp4,122
142224.mp4,121
36770.mp4,121
121133.mp4,122
30448.mp4,122
39082.mp4,121
152086.mp4,122
26022.mp4,121
65820.mp4,121
17782.mp4,121
14268.mp4,121
123787.mp4,122
106275.mp4,121
183488.mp4,121
116976.mp4,122
124115.mp4,122
175374.mp4,122
124565.mp4,121
73459.mp4,121
53583.mp4,121
147064.mp4,122
66886.mp4,121
72960.mp4,121
125533.mp4,121
137411.mp4,121
63312.mp4,121
191113.mp4,122
192958.mp4,122
41151.mp4,122
54637.mp4,122
144495.mp4,121
109392.mp4,121
193102.mp4,122
150647.mp4,121
181535.mp4,122
218355.mp4,121
101942.mp4,121
181986.mp4,121
39943.mp4,122
194623.mp4,121
213793.mp4,121
116287.mp4,121
202416.mp4,121
193652.mp4,122
217993.mp4,121
53168.mp4,121
193279.mp4,121
80812.mp4,122
120862.mp4,121
199385.mp4,121
140811.mp4,121
41923.mp4,122
138056.mp4,122
88354.mp4,122
193933.mp4,121
192694.mp4,122
190321.mp4,121
200938.mp4,121
148596.mp4,121
179499.mp4,121
205867.mp4,121
76688.mp4,122
137335.mp4,121
126447.mp4,121
109638.mp4,121
43005.mp4,122
2676.mp4,122
173145.mp4,122
178560.mp4,121
5365.mp4,121
59514.mp4,121
169624.mp4,122
44691.mp4,122
160864.mp4,121
167263.mp4,121
173671.mp4,122
9731.mp4,122
162468.mp4,122
218640.mp4,121
183269.mp4,122
32128.mp4,121
154112.mp4,121
50814.mp4,122
195853.mp4,121
93455.mp4,121
121924.mp4,121
21043.mp4,121
45559.mp4,122
129676.mp4,122
98715.mp4,121
149448.mp4,122
186347.mp4,121
41073.mp4,121
101654.mp4,122
144841.mp4,122
173556.mp4,121
200842.mp4,121
1119.mp4,121
55205.mp4,121
212794.mp4,121
9270.mp4,122
176840.mp4,121
195761.mp4,122
169325.mp4,122
71968.mp4,121
29749.mp4,121
166936.mp4,121
132648.mp4,121
53595.mp4,122
15895.mp4,121
116317.mp4,121
216610.mp4,121
206499.mp4,121
174389.mp4,121
74975.mp4,121
50976.mp4,121
88914.mp4,122
20939.mp4,122
159476.mp4,122
185413.mp4,122
208369.mp4,122
83969.mp4,122
186104.mp4,122
74598.mp4,121
38798.mp4,121
8690.mp4,122
97823.mp4,121
120707.mp4,121
170132.mp4,121
96632.mp4,121
133149.mp4,122
181591.mp4,121
9039.mp4,121
36082.mp4,121
52357.mp4,121
188954.mp4,121
66874.mp4,122
153582.mp4,121
111387.mp4,122
188221.mp4,121
193252.mp4,121
19652.mp4,122
179605.mp4,122
48991.mp4,122
171323.mp4,122
215945.mp4,122
58521.mp4,122
123777.mp4,121
126229.mp4,121
166177.mp4,121
181036.mp4,121
54820.mp4,121
115966.mp4,122
152319.mp4,122
176578.mp4,121
39991.mp4,121
213358.mp4,122
32651.mp4,121
168162.mp4,122
148847.mp4,122
1685.mp4,122
204286.mp4,122
122423.mp4,121
159617.mp4,121
167685.mp4,122
167485.mp4,122
187887.mp4,121
193542.mp4,121
147532.mp4,122
176973.mp4,122
105983.mp4,122
19504.mp4,122
81156.mp4,121
121201.mp4,121
15180.mp4,122
144134.mp4,121
105206.mp4,122
32679.mp4,121
13399.mp4,122
149604.mp4,122
19742.mp4,121
137178.mp4,121
59229.mp4,121
90052.mp4,121
42430.mp4,122
108651.mp4,121
72593.mp4,122
214993.mp4,122
39353.mp4,121
62123.mp4,122
107211.mp4,122
147863.mp4,121
123166.mp4,122
217251.mp4,121
194627.mp4,121
51522.mp4,122
159207.mp4,121
126201.mp4,121
128899.mp4,122
185270.mp4,121
72256.mp4,122
187432.mp4,121
158077.mp4,122
140124.mp4,121
76454.mp4,121
26693.mp4,121
44179.mp4,121
89655.mp4,122
48409.mp4,121
125571.mp4,121
194748.mp4,121
86769.mp4,121
77137.mp4,122
101366.mp4,122
132920.mp4,121
18927.mp4,121
73150.mp4,122
69791.mp4,121
14092.mp4,121
41150.mp4,121
214829.mp4,121
2854.mp4,122
172972.mp4,121
91661.mp4,122
193784.mp4,121
214688.mp4,122
73728.mp4,121
45075.mp4,122
162158.mp4,122
172764.mp4,122
121209.mp4,121
52062.mp4,121
51564.mp4,122
82474.mp4,121
129861.mp4,122
163894.mp4,121
167663.mp4,121
112592.mp4,121
9265.mp4,121
28990.mp4,121
147667.mp4,121
1249.mp4,122
113385.mp4,121
203281.mp4,121
165692.mp4,121
161550.mp4,121
220468.mp4,122
135365.mp4,121
45652.mp4,122
189016.mp4,122
174032.mp4,121
139280.mp4,121
44537.mp4,121
44911.mp4,121
142692.mp4,121
57057.mp4,121
166667.mp4,122
26485.mp4,122
78780.mp4,122
89331.mp4,121
80652.mp4,122
67894.mp4,122
194592.mp4,121
206646.mp4,122
69507.mp4,121
98956.mp4,122
203800.mp4,121
202820.mp4,121
187419.mp4,121
192468.mp4,122
10107.mp4,122
26083.mp4,122
202750.mp4,122
133668.mp4,121
81480.mp4,121
177984.mp4,122
161882.mp4,121
185296.mp4,121
109647.mp4,121
46620.mp4,122
199225.mp4,121
34712.mp4,121
163534.mp4,122
41772.mp4,122
191519.mp4,122
207272.mp4,122
27013.mp4,121
1943.mp4,121
172410.mp4,122
49986.mp4,122
17516.mp4,122
172932.mp4,122
210095.mp4,122
94808.mp4,121
33234.mp4,121
210937.mp4,121
203116.mp4,122
164558.mp4,122
131777.mp4,121
204035.mp4,122
83127.mp4,122
57317.mp4,121
85791.mp4,122
33057.mp4,121
209357.mp4,121
18197.mp4,122
187951.mp4,121
64663.mp4,122
66438.mp4,121
121938.mp4,122
184865.mp4,122
76537.mp4,122
31888.mp4,121
92423.mp4,121
84138.mp4,122
131711.mp4,121
100550.mp4,122
79847.mp4,122
108631.mp4,122
216866.mp4,121
135616.mp4,121
75414.mp4,121
176343.mp4,121
79638.mp4,121
15874.mp4,121
2710.mp4,121
49414.mp4,121
213519.mp4,121
99644.mp4,122
133426.mp4,122
64092.mp4,122
134289.mp4,122
20976.mp4,121
73130.mp4,122
62197.mp4,121
92953.mp4,122
197440.mp4,121
153117.mp4,121
20072.mp4,122
198552.mp4,121
149750.mp4,121
198101.mp4,121
117121.mp4,122
75147.mp4,121
84796.mp4,121
83313.mp4,122
172943.mp4,122
104231.mp4,122
32603.mp4,121
103753.mp4,121
196492.mp4,121
58120.mp4,122
172976.mp4,121
100878.mp4,122
2117.mp4,122
126036.mp4,121
204769.mp4,121
88497.mp4,121
145955.mp4,122
57360.mp4,121
113844.mp4,122
124548.mp4,122
140605.mp4,121
101190.mp4,121
158658.mp4,121
48279.mp4,122
125826.mp4,121
41285.mp4,122
75165.mp4,122
173677.mp4,122
207308.mp4,122
215932.mp4,121
86494.mp4,121
63354.mp4,121
217274.mp4,121
104613.mp4,122
24897.mp4,121
13443.mp4,121
91530.mp4,121
65907.mp4,121
93008.mp4,122
78558.mp4,122
96921.mp4,122
111094.mp4,122
2459.mp4,121
185756.mp4,122
177006.mp4,122
176041.mp4,121
73294.mp4,121
17889.mp4,122
60842.mp4,122
154127.mp4,122
142073.mp4,122
19325.mp4,122
218072.mp4,122
141446.mp4,121
145030.mp4,121
151939.mp4,122
130133.mp4,122
44808.mp4,122
169807.mp4,122
58635.mp4,121
3577.mp4,122
114691.mp4,122
203080.mp4,121
75579.mp4,121
49353.mp4,122
50079.mp4,122
186907.mp4,121
144222.mp4,121
195399.mp4,121
182262.mp4,121
68828.mp4,122
155872.mp4,122
80471.mp4,121
87005.mp4,122
68240.mp4,121
174730.mp4,121
162690.mp4,121
77901.mp4,121
117029.mp4,122
64369.mp4,121
29270.mp4,122
149985.mp4,122
37825.mp4,122
217462.mp4,122
132663.mp4,122
46911.mp4,122
97984.mp4,121
50036.mp4,122
124719.mp4,122
38308.mp4,122
209883.mp4,122
41045.mp4,122
95653.mp4,121
218674.mp4,121
48602.mp4,121
211326.mp4,121
98901.mp4,122
43884.mp4,122
145091.mp4,121
42251.mp4,122
127997.mp4,122
6009.mp4,122
113645.mp4,121
56903.mp4,121
37620.mp4,122
218245.mp4,121
16534.mp4,121
169174.mp4,121
216120.mp4,122
9005.mp4,121
81599.mp4,122
192441.mp4,121
118389.mp4,122
152450.mp4,121
190757.mp4,122
73322.mp4,121
73634.mp4,121
148451.mp4,122
131237.mp4,121
1716.mp4,121
41524.mp4,122
118652.mp4,122
26961.mp4,121
120420.mp4,121
61739.mp4,121
176550.mp4,122
36465.mp4,122
183667.mp4,122
202737.mp4,121
163925.mp4,121
190361.mp4,121
197984.mp4,121
13060.mp4,121
53697.mp4,121
212162.mp4,122
190142.mp4,121
49735.mp4,122
191980.mp4,121
164781.mp4,121
201078.mp4,121
45972.mp4,121
121280.mp4,121
182507.mp4,121
165805.mp4,121
171069.mp4,121
9043.mp4,122
152651.mp4,121
79902.mp4,122
135898.mp4,121
49953.mp4,122
43703.mp4,121
84245.mp4,121
132568.mp4,121
109639.mp4,121
187611.mp4,122
130770.mp4,121
177125.mp4,121
109922.mp4,121
141155.mp4,121
142474.mp4,121
58577.mp4,122
58938.mp4,121
99319.mp4,121
113303.mp4,121
33295.mp4,122
183779.mp4,122
38484.mp4,121
117492.mp4,121
107854.mp4,121
82910.mp4,122
105791.mp4,122
35371.mp4,122
174328.mp4,121
148568.mp4,121
194405.mp4,121
202898.mp4,121
59573.mp4,121
28498.mp4,121
138629.mp4,121
186452.mp4,122
154929.mp4,122
197343.mp4,121
22459.mp4,121
138542.mp4,122
183866.mp4,122
16569.mp4,121
146713.mp4,121
169380.mp4,122
79768.mp4,121
33981.mp4,122
149343.mp4,121
22702.mp4,121
6198.mp4,122
80409.mp4,121
73878.mp4,122
71511.mp4,122
41181.mp4,121
25297.mp4,121
168589.mp4,121
7674.mp4,121
199739.mp4,121
119252.mp4,121
75112.mp4,122
139858.mp4,121
38145.mp4,121
23299.mp4,122
167532.mp4,122
190124.mp4,121
73165.mp4,121
88976.mp4,121
199413.mp4,122
219474.mp4,121
126322.mp4,122
146159.mp4,122
44326.mp4,122
204774.mp4,121
16610.mp4,121
144980.mp4,121
125261.mp4,122
139755.mp4,121
39896.mp4,121
76665.mp4,121
72923.mp4,121
23148.mp4,121
10962.mp4,121
200799.mp4,121
193253.mp4,121
13577.mp4,121
120914.mp4,122
209324.mp4,122
160745.mp4,122
132389.mp4,121
136978.mp4,122
59332.mp4,121
41344.mp4,121
26907.mp4,121
47649.mp4,121
102080.mp4,122
75447.mp4,122
56818.mp4,122
11751.mp4,122
13649.mp4,121
68452.mp4,122
214893.mp4,122
84492.mp4,122
177153.mp4,121
157480.mp4,121
95478.mp4,122
205402.mp4,121
90174.mp4,122
50072.mp4,122
63731.mp4,121
28860.mp4,121
197666.mp4,121
154693.mp4,122
162002.mp4,121
101341.mp4,122
47931.mp4,121
158129.mp4,121
119301.mp4,122
212054.mp4,122
96926.mp4,121
213271.mp4,122
173427.mp4,121
110627.mp4,122
69248.mp4,122
198946.mp4,122
26589.mp4,122
68017.mp4,121
130167.mp4,122
125229.mp4,122
179200.mp4,121
132176.mp4,122
182908.mp4,122
110548.mp4,122
15834.mp4,121
216682.mp4,122
186595.mp4,121
182747.mp4,121
117088.mp4,122
185303.mp4,122
184136.mp4,121
123656.mp4,122
84530.mp4,121
28262.mp4,122
140204.mp4,122
187537.mp4,122
79037.mp4,122
115538.mp4,122
74122.mp4,121
88645.mp4,121
202825.mp4,122
176702.mp4,121
67055.mp4,121
157862.mp4,121
202962.mp4,121
139157.mp4,121
220343.mp4,122
153780.mp4,122
10691.mp4,121
49733.mp4,122
176159.mp4,121
81472.mp4,122
82212.mp4,121
120668.mp4,121
92722.mp4,121
96873.mp4,121
58924.mp4,122
192394.mp4,121
17896.mp4,121
65150.mp4,122
86820.mp4,122
56415.mp4,122
43887.mp4,122
35503.mp4,121
139475.mp4,122
78952.mp4,121
125366.mp4,121
147369.mp4,121
88626.mp4,121
218938.mp4,121
163629.mp4,121
73436.mp4,121
184307.mp4,122
123621.mp4,121
753.mp4,121
94339.mp4,121
215737.mp4,122
53944.mp4,122
25551.mp4,121
85964.mp4,121
63229.mp4,122
76309.mp4,122
145340.mp4,121
8687.mp4,121
210971.mp4,122
157097.mp4,122
117180.mp4,122
184831.mp4,121
58517.mp4,121
139838.mp4,122
163596.mp4,121
108299.mp4,122
207475.mp4,121
23362.mp4,122
109573.mp4,121
2729.mp4,122
32752.mp4,121
208465.mp4,121
54857.mp4,122
45022.mp4,122
111000.mp4,122
68585.mp4,122
173540.mp4,121
193612.mp4,121
18881.mp4,121
126956.mp4,122
78274.mp4,121
149852.mp4,122
185197.mp4,122
186605.mp4,122
115390.mp4,122
84167.mp4,121
73675.mp4,121
58610.mp4,121
39456.mp4,122
201884.mp4,121
140495.mp4,122
190543.mp4,122
213474.mp4,122
82638.mp4,122
198311.mp4,121
132488.mp4,121
73712.mp4,121
64060.mp4,121
148288.mp4,121
197021.mp4,122
202263.mp4,121
131788.mp4,121
99025.mp4,122
203971.mp4,122
215667.mp4,122
188959.mp4,122
139008.mp4,121
210503.mp4,121
2256.mp4,121
8398.mp4,122
67082.mp4,122
67375.mp4,121
149861.mp4,121
84553.mp4,121
193904.mp4,122
212194.mp4,121
219154.mp4,121
205902.mp4,122
190583.mp4,122
214447.mp4,122
157491.mp4,121
98977.mp4,121
182903.mp4,121
6537.mp4,121
172070.mp4,122
23111.mp4,122
148669.mp4,121
51967.mp4,122
44269.mp4,121
131112.mp4,121
204655.mp4,121
169054.mp4,122
132602.mp4,121
120730.mp4,122
3515.mp4,121
141105.mp4,122
68592.mp4,121
135243.mp4,121
211098.mp4,121
47311.mp4,122
135174.mp4,122
188481.mp4,122
2268.mp4,121
71152.mp4,121
56321.mp4,121
156417.mp4,122
121111.mp4,121
119941.mp4,121
89609.mp4,122
52804.mp4,122
89151.mp4,122
219592.mp4,122
25237.mp4,122
86198.mp4,121
33061.mp4,121
210777.mp4,122
84212.mp4,122
37119.mp4,121
182113.mp4,122
175303.mp4,121
18031.mp4,122
200353.mp4,122
149312.mp4,121
152607.mp4,121
199506.mp4,121
75876.mp4,122
18190.mp4,121
141514.mp4,121
114248.mp4,122
89583.mp4,121
164701.mp4,121
27537.mp4,121
206848.mp4,122
132517.mp4,122
4536.mp4,121
180222.mp4,122
128845.mp4,122
162465.mp4,121
10461.mp4,122
132306.mp4,121
4155.mp4,121
139938.mp4,121
141029.mp4,122
43207.mp4,121
112647.mp4,122
152320.mp4,122
168247.mp4,121
63022.mp4,122
103852.mp4,121
317.mp4,121
85579.mp4,121
177272.mp4,122
191236.mp4,121
58908.mp4,121
193638.mp4,122
205871.mp4,122
138547.mp4,122
146366.mp4,121
153303.mp4,122
64170.mp4,122
213387.mp4,122
164302.mp4,122
133222.mp4,122
1921.mp4,122
108460.mp4,122
16501.mp4,121
106367.mp4,121
146996.mp4,121
184892.mp4,122
180666.mp4,122
168101.mp4,122
11729.mp4,122
176944.mp4,122
123688.mp4,121
12431.mp4,122
160263.mp4,121
4648.mp4,122
919.mp4,122
117078.mp4,122
217902.mp4,121
87308.mp4,121
214863.mp4,121
53223.mp4,121
216873.mp4,122
58106.mp4,122
8655.mp4,121
13153.mp4,121
55625.mp4,122
29530.mp4,122
177951.mp4,122
2754.mp4,121
104589.mp4,121
156705.mp4,122
73071.mp4,122
215424.mp4,121
26044.mp4,122
122730.mp4,122
137637.mp4,121
24703.mp4,122
83659.mp4,122
113810.mp4,121
137544.mp4,122
130842.mp4,122
121471.mp4,121
55744.mp4,121
66974.mp4,121
187673.mp4,121
205798.mp4,122
180267.mp4,121
33227.mp4,121
24978.mp4,121
160796.mp4,122
1888.mp4,122
73111.mp4,121
115353.mp4,122
179271.mp4,121
121619.mp4,122
97266.mp4,121
212170.mp4,121
174449.mp4,122
165375.mp4,122
133304.mp4,121
34463.mp4,122
25625.mp4,122
57881.mp4,121
172774.mp4,122
192877.mp4,122
131026.mp4,121
51842.mp4,122
186465.mp4,122
171929.mp4,122
177400.mp4,121
11284.mp4,121
8906.mp4,122
103173.mp4,121
177333.mp4,121
56373.mp4,122
60936.mp4,122
156604.mp4,121
76990.mp4,122
121563.mp4,122
133465.mp4,122
81851.mp4,121
197758.mp4,121
164353.mp4,121
190319.mp4,122
122615.mp4,122
184063.mp4,122
51611.mp4,122
22629.mp4,121
81803.mp4,121
28340.mp4,122
146876.mp4,121
14670.mp4,121
186364.mp4,122
27760.mp4,122
148965.mp4,121
88340.mp4,121
148798.mp4,122
145033.mp4,121
86154.mp4,122
202504.mp4,122
150241.mp4,121
10861.mp4,122
128422.mp4,122
171652.mp4,121
18590.mp4,121
200273.mp4,121
43519.mp4,122
110896.mp4,122
38564.mp4,122
196963.mp4,122
206626.mp4,122
179988.mp4,122
89264.mp4,122
12016.mp4,122
40147.mp4,122
18250.mp4,121
28106.mp4,121
58053.mp4,121
23782.mp4,121
73011.mp4,121
38005.mp4,122
193849.mp4,121
196556.mp4,121
22552.mp4,121
23519.mp4,122
13940.mp4,122
151702.mp4,122
155400.mp4,121
23591.mp4,122
69801.mp4,122
7575.mp4,122
10630.mp4,121
22210.mp4,122
70004.mp4,122
88061.mp4,122
188628.mp4,121
143664.mp4,121
29964.mp4,121
154054.mp4,122
114271.mp4,121
81306.mp4,121
78342.mp4,121
8046.mp4,121
128437.mp4,121
164337.mp4,121
185143.mp4,122
22817.mp4,121
162034.mp4,122
147057.mp4,121
197426.mp4,121
81067.mp4,121
122420.mp4,122
9940.mp4,122
170491.mp4,121
219342.mp4,122
33744.mp4,121
171812.mp4,121
147185.mp4,121
68638.mp4,121
150992.mp4,122
37989.mp4,122
181526.mp4,121
31131.mp4,122
216724.mp4,122
208723.mp4,121
51530.mp4,121
76889.mp4,122
48427.mp4,121
153718.mp4,122
110101.mp4,121
110154.mp4,122
94307.mp4,122
101626.mp4,121
126646.mp4,121
116922.mp4,121
18218.mp4,121
147237.mp4,121
143929.mp4,121
142551.mp4,122
121000.mp4,122
140844.mp4,122
130402.mp4,122
129995.mp4,121
131837.mp4,121
57404.mp4,121
183622.mp4,121
117787.mp4,121
98516.mp4,121
165029.mp4,121
42617.mp4,121
15103.mp4,121
54866.mp4,121
109240.mp4,121
28967.mp4,121
185858.mp4,122
56803.mp4,122
148199.mp4,121
25737.mp4,121
81819.mp4,122
41521.mp4,122
165607.mp4,121
78146.mp4,121
72840.mp4,121
137010.mp4,121
202862.mp4,122
210809.mp4,121
130071.mp4,121
205898.mp4,122
108840.mp4,121
188399.mp4,121
159746.mp4,122
178786.mp4,122
585.mp4,121
64535.mp4,122
145745.mp4,121
111613.mp4,121
94928.mp4,121
59424.mp4,121
7457.mp4,121
126598.mp4,122
87190.mp4,122
156072.mp4,121
77438.mp4,122
15344.mp4,122
133364.mp4,122
19744.mp4,121
11540.mp4,122
119657.mp4,122
194269.mp4,122
56557.mp4,122
49456.mp4,122
207492.mp4,122
108537.mp4,121
167725.mp4,121
177960.mp4,122
10129.mp4,122
45872.mp4,121
72165.mp4,122
25480.mp4,121
10333.mp4,122
39749.mp4,122
151034.mp4,122
83491.mp4,121
175932.mp4,121
150529.mp4,121
104126.mp4,122
195057.mp4,122
189673.mp4,121
55597.mp4,122
153499.mp4,122
219888.mp4,121
69712.mp4,121
124019.mp4,122
138439.mp4,122
173306.mp4,122
143422.mp4,121
92819.mp4,122
210557.mp4,121
112877.mp4,121
197911.mp4,122
115859.mp4,121
159470.mp4,121
85454.mp4,122
87635.mp4,122
203420.mp4,121
72350.mp4,122
110302.mp4,121
96684.mp4,122
9143.mp4,122
160212.mp4,121
114917.mp4,122
113025.mp4,122
174531.mp4,122
39539.mp4,121
78102.mp4,121
95555.mp4,121
158266.mp4,122
125628.mp4,122
70898.mp4,122
34693.mp4,121
151669.mp4,121
106263.mp4,121
185905.mp4,121
160748.mp4,121
81610.mp4,122
144984.mp4,121
80876.mp4,122
5806.mp4,121
94522.mp4,122
187834.mp4,122
177007.mp4,122
52663.mp4,121
3966.mp4,121
159413.mp4,121
37519.mp4,122
131627.mp4,121
36731.mp4,121
103022.mp4,121
119634.mp4,121
91851.mp4,121
44802.mp4,122
219499.mp4,121
65640.mp4,121
115402.mp4,122
67688.mp4,121
33136.mp4,121
112292.mp4,122
4669.mp4,121
63446.mp4,122
210647.mp4,122
138664.mp4,121
28169.mp4,121
18862.mp4,121
131298.mp4,121
78053.mp4,121
83003.mp4,121
101763.mp4,121
183013.mp4,122
165100.mp4,122
204083.mp4,121
32985.mp4,122
60103.mp4,122
192245.mp4,122
210301.mp4,122
48898.mp4,122
172661.mp4,121
163167.mp4,122
130290.mp4,122
20602.mp4,122
100013.mp4,121
71475.mp4,121
144047.mp4,121
164736.mp4,121
80549.mp4,121
63288.mp4,122
97718.mp4,121
91947.mp4,121
173641.mp4,122
115138.mp4,122
28202.mp4,121
60392.mp4,122
173119.mp4,121
169256.mp4,122
131633.mp4,121
166138.mp4,121
114667.mp4,121
130846.mp4,121
164181.mp4,122
164902.mp4,121
158677.mp4,121
22272.mp4,122
171017.mp4,121
210948.mp4,122
24909.mp4,121
155045.mp4,122
42241.mp4,122
56408.mp4,121
138507.mp4,121
174584.mp4,122
138162.mp4,121
197316.mp4,122
142513.mp4,121
212503.mp4,121
143628.mp4,121
11988.mp4,121
75376.mp4,122
45098.mp4,121
172737.mp4,121
27318.mp4,122
85390.mp4,121
99523.mp4,122
18557.mp4,121
139081.mp4,122
88779.mp4,121
50148.mp4,122
79794.mp4,121
182426.mp4,122
159648.mp4,121
116677.mp4,121
108126.mp4,121
79686.mp4,121
90963.mp4,121
123112.mp4,122
147309.mp4,121
180750.mp4,121
76940.mp4,122
113669.mp4,121
199809.mp4,122
27454.mp4,121
143121.mp4,121
91693.mp4,121
37751.mp4,121
32310.mp4,121
212111.mp4,122
49085.mp4,122
155863.mp4,122
49984.mp4,122
71130.mp4,122
115300.mp4,122
212027.mp4,121
53639.mp4,121
9319.mp4,121
93975.mp4,122
57654.mp4,121
2028.mp4,122
126840.mp4,121
149887.mp4,122
113074.mp4,122
177385.mp4,122
125516.mp4,122
34787.mp4,121
151088.mp4,122
119357.mp4,121
56920.mp4,121
106183.mp4,122
76941.mp4,121
55560.mp4,122
198890.mp4,121
139705.mp4,122
49265.mp4,122
128877.mp4,121
97007.mp4,121
