HubzmiNVVXs_E_002987_002994_A_0000_0007.mp4,183
HubzmiNVVXs_E_003044_003051_A_0000_0006.mp4,187
HubzmiNVVXs_E_003531_003538_A_0000_0006.mp4,187
HubzmiNVVXs_E_003913_003921_A_0000_0008.mp4,183
HubzmiNVVXs_E_003970_003977_A_0000_0006.mp4,187
I749IS2IeFY_E_002972_002980_A_0000_0008.mp4,178
I749IS2IeFY_E_003291_003300_A_0000_0008.mp4,178
I749IS2IeFY_E_004140_004148_A_0000_0006.mp4,178
ICL5k84viw0_E_002409_002416_A_0000_0007.mp4,180
ICL5k84viw0_E_002409_002417_A_0000_0007.mp4,180
ICL5k84viw0_E_002836_002844_A_0000_0007.mp4,183
ICL5k84viw0_E_003301_003307_A_0000_0006.mp4,179
ICL5k84viw0_E_003677_003684_A_0000_0006.mp4,180
IWFgo-tEEs8_E_000120_000127_A_0000_0007.mp4,179
IZy40LwRdbM_E_000784_000793_A_0000_0009.mp4,187
IZy40LwRdbM_E_000926_000935_A_0001_0008.mp4,187
IZy40LwRdbM_E_001109_001117_A_0000_0008.mp4,187
IZy40LwRdbM_E_001430_001438_A_0000_0007.mp4,184
ItBRb9LB-VI_E_000057_000063_A_0000_0005.mp4,178
KDjuRG3-Xf0_E_003770_003777_A_0000_0007.mp4,181
KDjuRG3-Xf0_E_003802_003810_A_0001_0007.mp4,184
KDjuRG3-Xf0_E_003820_003832_A_0000_0011.mp4,184
KDjuRG3-Xf0_E_003954_003961_A_0000_0006.mp4,181
KDjuRG3-Xf0_E_004136_004143_A_0000_0007.mp4,184
KDjuRG3-Xf0_E_004150_004162_A_0000_0011.mp4,184
KDjuRG3-Xf0_E_004798_004805_A_0000_0007.mp4,181
KDjuRG3-Xf0_E_007164_007171_A_0000_0007.mp4,181
Lt0HnPxdzHw_E_001771_001779_A_0000_0008.mp4,184
MDxIRDDWw1w_E_000781_000789_A_0000_0007.mp4,181
Ny0ZMOIyb9M_E_002615_002624_A_0000_0008.mp4,181
Ny0ZMOIyb9M_E_003004_003012_A_0000_0007.mp4,181
Ny0ZMOIyb9M_E_003483_003491_A_0000_0007.mp4,183
Ny0ZMOIyb9M_E_003992_003999_A_0000_0006.mp4,184
Ny0ZMOIyb9M_E_004641_004647_A_0000_0006.mp4,185
QUJRNcPXxY8_E_000297_000304_A_0000_0007.mp4,183
QUJRNcPXxY8_E_000365_000373_A_0000_0007.mp4,181
RLDjrhjikT4_E_002721_002730_A_0000_0009.mp4,187
RLDjrhjikT4_E_002848_002855_A_0000_0006.mp4,183
TBsWos4T4OE_E_002940_002948_A_0000_0007.mp4,181
TBsWos4T4OE_E_003330_003338_A_0000_0007.mp4,187
TCiufCzMtDs_E_002887_002895_A_0002_0008.mp4,181
TCiufCzMtDs_E_003376_003384_A_0000_0007.mp4,186
TCiufCzMtDs_E_003960_003968_A_0000_0007.mp4,181
TXpgPT5Jdiw_E_005189_005197_A_0000_0008.mp4,179
Vq-w0Jk7y7g_E_010289_010295_A_0000_0005.mp4,187
Wu1gxxpbF2o_E_002106_002112_A_0000_0006.mp4,181
Wu1gxxpbF2o_E_006251_006259_A_0000_0007.mp4,178
X4CY5MZwI9I_E_004304_004311_A_0000_0007.mp4,180
X4CY5MZwI9I_E_004678_004685_A_0000_0007.mp4,185
X4CY5MZwI9I_E_005450_005459_A_0000_0008.mp4,185
X4CY5MZwI9I_E_005768_005775_A_0000_0007.mp4,181
XZak6ktC90c_E_003865_003872_A_0000_0006.mp4,179
Xqra-PqzhD4_E_004954_004960_A_0000_0006.mp4,178
Xw1UvouxVLk_E_004243_004249_A_0000_0005.mp4,178
YesOPAkCA40_E_005069_005076_A_0000_0007.mp4,187
YesOPAkCA40_E_005322_005329_A_0000_0006.mp4,184
cWztehyIFkg_E_002903_002912_A_0001_0007.mp4,183
cWztehyIFkg_E_002922_002936_A_0000_0013.mp4,183
jz594oTnl-k_E_004359_004367_A_0000_0007.mp4,178
l-ctNiOuCBc_E_003742_003748_A_0000_0006.mp4,184
mgtMKd072Pg_E_002017_002024_A_0000_0007.mp4,179
mgtMKd072Pg_E_002410_002418_A_0000_0007.mp4,187
mgtMKd072Pg_E_002741_002748_A_0000_0006.mp4,179
mgtMKd072Pg_E_003228_003236_A_0000_0008.mp4,184
nEoD3t5O3Hg_E_004304_004311_A_0000_0007.mp4,182
oShVYr-GRqw_E_003170_003176_A_0000_0006.mp4,179
oShVYr-GRqw_E_003246_003252_A_0000_0005.mp4,184
pDymfQS91xI_E_004308_004315_A_0000_0006.mp4,178
pEoWudMTZbY_E_000081_000087_A_0000_0006.mp4,178
pEoWudMTZbY_E_000241_000248_A_0000_0007.mp4,178
pEoWudMTZbY_E_000347_000354_A_0000_0007.mp4,178
qBlozVQ7NOc_E_001044_001053_A_0000_0008.mp4,183
qzi2cKZCf94_E_002409_002418_A_0001_0008.mp4,181
qzi2cKZCf94_E_002411_002418_A_0000_0006.mp4,181
qzi2cKZCf94_E_002722_002730_A_0000_0008.mp4,178
qzi2cKZCf94_E_003246_003253_A_0000_0007.mp4,179
qzi2cKZCf94_E_003355_003365_A_0000_0010.mp4,178
qzi2cKZCf94_E_003571_003579_A_0000_0008.mp4,179
qzi2cKZCf94_E_004156_004163_A_0000_0006.mp4,185
qzi2cKZCf94_E_004276_004284_A_0000_0007.mp4,184
v3mISBmwrUM_E_003789_003796_A_0000_0006.mp4,178
wWwc2BbO598_E_000138_000146_A_0000_0007.mp4,178
wWwc2BbO598_E_000208_000215_A_0000_0007.mp4,186
wWwc2BbO598_E_000512_000519_A_0000_0006.mp4,184
wYbfwx93VXk_E_001303_001310_A_0001_0006.mp4,184
wYbfwx93VXk_E_002418_002426_A_0001_0008.mp4,184
xHBUIt-airA_E_002773_002780_A_0000_0007.mp4,185
xHBUIt-airA_E_003407_003414_A_0000_0007.mp4,180
xHBUIt-airA_E_003783_003790_A_0000_0006.mp4,182
xHBUIt-airA_E_005396_005403_A_0000_0006.mp4,178
yNlBac0ZMJg_E_001060_001068_A_0001_0007.mp4,182
yNlBac0ZMJg_E_002498_002506_A_0000_0007.mp4,181
yNlBac0ZMJg_E_004349_004359_A_0000_0008.mp4,178
yj0pNXcTK0k_E_001579_001587_A_0000_0006.mp4,178
yj0pNXcTK0k_E_001907_001915_A_0000_0006.mp4,178
yj0pNXcTK0k_E_002796_002804_A_0000_0007.mp4,180
yj0pNXcTK0k_E_003432_003441_A_0000_0008.mp4,180
yj0pNXcTK0k_E_003701_003708_A_0000_0007.mp4,178
yj0pNXcTK0k_E_003729_003743_A_0000_0013.mp4,178
yz-uNJgIhk4_E_001485_001493_A_0000_0008.mp4,178
zfqS-wCJSsw_E_002680_002687_A_0000_0007.mp4,183
zfqS-wCJSsw_E_006031_006039_A_0000_0007.mp4,184
0LtLS9wROrk_E_001368_001374_A_0000_0006.mp4,179
1JsRXIoR3C0_E_001728_001736_A_0000_0007.mp4,187
1rkcLEAMTpw_E_000279_000286_A_0000_0006.mp4,179
1rkcLEAMTpw_E_000374_000381_A_0000_0006.mp4,180
1rkcLEAMTpw_E_000694_000700_A_0000_0006.mp4,178
1sPWceVH4e8_E_000833_000839_A_0000_0006.mp4,184
2pBxfMAIaXY_E_000527_000534_A_0000_0006.mp4,183
GF8D7Dx2mhs_E_005641_005650_A_0000_0008.mp4,185
IP96HTdCvWs_E_000199_000207_A_0000_0007.mp4,182
f6k7PBGgeb4_E_000460_000468_A_0000_0008.mp4,186
