0LtLS9wROrk_E_007340_007433_A_0088_0089.mp4,181
0jqn1vxdhls_E_004597_004705_A_0037_0038.mp4,179
1Fdwuy2V9EY_E_008072_008172_A_0035_0036.mp4,183
1Fdwuy2V9EY_E_010313_010417_A_0037_0038.mp4,183
1rkcLEAMTpw_E_007447_007548_A_0055_0056.mp4,179
1rkcLEAMTpw_E_007972_008078_A_0092_0093.mp4,179
1rkcLEAMTpw_E_008209_008311_A_0025_0027.mp4,181
1rkcLEAMTpw_E_008620_008720_A_0026_0027.mp4,183
1sPWceVH4e8_E_005281_005383_A_0055_0056.mp4,183
1sPWceVH4e8_E_006100_006199_A_0064_0065.mp4,183
1sPWceVH4e8_E_006100_006199_A_0074_0075.mp4,183
26Y8BsNiiL8_E_002592_002698_A_0100_0101.mp4,178
26Y8BsNiiL8_E_003168_003270_A_0030_0031.mp4,183
26Y8BsNiiL8_E_003168_003270_A_0061_0062.mp4,179
2Qw1e4-nWrk_E_004064_004171_A_0083_0084.mp4,185
2Qw1e4-nWrk_E_005464_005562_A_0020_0021.mp4,183
2giTb7IpJDU_E_003239_003341_A_0027_0028.mp4,183
2giTb7IpJDU_E_003239_003341_A_0095_0096.mp4,179
2giTb7IpJDU_E_003853_003956_A_0039_0040.mp4,183
3PywNMDCvNQ_E_003340_003431_A_0082_0083.mp4,180
5cuxEEKyth8_E_000999_001102_A_0077_0078.mp4,179
5cuxEEKyth8_E_004812_004917_A_0043_0044.mp4,183
5cuxEEKyth8_E_006715_006816_A_0030_0031.mp4,183
8N3CBVAft40_E_001245_001343_A_0035_0036.mp4,183
8WGrvkd6ZEU_E_009188_009292_A_0077_0078.mp4,179
8YSDFKGwP4U_E_004951_005050_A_0053_0054.mp4,183
8jfPAvqYAs8_E_000862_000964_A_0041_0042.mp4,183
8jfPAvqYAs8_E_004709_004813_A_0078_0079.mp4,179
8jfPAvqYAs8_E_005754_005854_A_0023_0024.mp4,183
A0xAXXysHUo_E_003435_003534_A_0029_0031.mp4,183
A0xAXXysHUo_E_003435_003534_A_0092_0093.mp4,178
A0xAXXysHUo_E_003749_003849_A_0032_0033.mp4,183
A0xAXXysHUo_E_003897_003995_A_0020_0021.mp4,183
A0xAXXysHUo_E_004400_004497_A_0025_0026.mp4,183
A0xAXXysHUo_E_004400_004497_A_0056_0057.mp4,179
BLzs5opw8uM_E_003209_003313_A_0029_0030.mp4,179
BLzs5opw8uM_E_003725_003827_A_0019_0020.mp4,183
C5Yfd1IWjmM_E_001396_001513_A_0047_0048.mp4,183
C5Yfd1IWjmM_E_001645_001751_A_0031_0032.mp4,183
C5Yfd1IWjmM_E_001645_001751_A_0039_0040.mp4,179
CUuRl0Bwbbc_E_003247_003355_A_0040_0041.mp4,183
CUuRl0Bwbbc_E_003957_004064_A_0024_0025.mp4,179
DTedv-hhHU4_E_000795_000904_A_0051_0052.mp4,183
DTedv-hhHU4_E_000795_000904_A_0082_0083.mp4,179
DTedv-hhHU4_E_001024_001129_A_0038_0039.mp4,179
DTedv-hhHU4_E_004361_004465_A_0068_0069.mp4,179
DyZ2qj6x1UE_E_002913_003008_A_0082_0083.mp4,181
E3AHJ6-QS8M_E_000552_000647_A_0020_0021.mp4,183
E3AHJ6-QS8M_E_002634_002733_A_0064_0065.mp4,183
E3AHJ6-QS8M_E_003321_003427_A_0101_0102.mp4,183
E3AHJ6-QS8M_E_004206_004316_A_0074_0075.mp4,182
E3AHJ6-QS8M_E_005168_005260_A_0017_0018.mp4,183
E3AHJ6-QS8M_E_005450_005555_A_0020_0021.mp4,183
E3AHJ6-QS8M_E_006496_006600_A_0066_0067.mp4,179
EizeIkrDtQk_E_009184_009289_A_0073_0074.mp4,181
FNEeMvHmuEw_E_004460_004564_A_0067_0068.mp4,178
aEZbP-Yephw_E_001131_001234_A_0031_0032.mp4,179
aEZbP-Yephw_E_002668_002777_A_0039_0040.mp4,183
aN9hSsP6xTg_E_001146_001246_A_0016_0018.mp4,179
aN9hSsP6xTg_E_001146_001246_A_0067_0068.mp4,179
cSh74jSRht8_E_003847_003941_A_0084_0085.mp4,180
e3EsDlpNo0c_E_002490_002586_A_0058_0059.mp4,180
e3EsDlpNo0c_E_002490_002586_A_0065_0066.mp4,179
e3EsDlpNo0c_E_006853_006954_A_0081_0082.mp4,178
gMNCwgXtQIw_E_004514_004617_A_0046_0047.mp4,178
gRgndu5MZY4_E_009311_009415_A_0074_0075.mp4,185
hibW8s4WQmQ_E_000212_000315_A_0046_0047.mp4,185
mQ59PLtU4QA_E_007654_007760_A_0078_0079.mp4,181
nSDRagdrJ-A_E_002813_002917_A_0056_0058.mp4,187
qGvIwgHzCH8_E_005498_005593_A_0050_0051.mp4,186
